model,scenario,region,variable,unit,2023,2024,2025,2026,2027,2028,2029,2030,2031,2032,2033,2034,2035,2036,2037,2038,2039,2040,2041,2042,2043,2044,2045,2046,2047,2048,2049,2050,2051,2052,2053,2054,2055,2056,2057,2058,2059,2060,2061,2062,2063,2064,2065,2066,2067,2068,2069,2070,2071,2072,2073,2074,2075,2076,2077,2078,2079,2080,2081,2082,2083,2084,2085,2086,2087,2088,2089,2090,2091,2092,2093,2094,2095,2096,2097,2098,2099,2100
WITCH 6.0,SSP5 - Medium-Low Emissions_a,World,Emissions|BC,Mt BC/yr,7.21924524460418,6.995821724379419,6.774229909191631,6.673565121438276,6.573174885325535,6.473059200853406,6.37321806802189,6.273651486830985,6.096374237917545,5.919566589317007,5.743228541029369,5.567360093054634,5.3919612453928,5.280388647106857,5.16913537473086,5.058201428264807,4.947586807708699,4.837291513062533,4.730619896379374,4.624270125970022,4.518242201834478,4.412536123972742,4.307151892384813,4.203186318749827,4.099517236350155,3.996144645185798,3.8930685452567544,3.7902889365630257,3.75239586186317,3.7146036980388155,3.676912445089961,3.6393221030166067,3.6018326718187526,3.5707633987695213,3.5397521471700903,3.5087989170204583,3.477903708320626,3.4470665210705937,3.4271760147623933,3.407314784290258,3.387482829654188,3.367680150854184,3.347906747890245,3.2920906509813084,3.2362494840854006,3.180383247202521,3.1244919403326694,3.0685755634758465,3.0263153876318807,2.9842986200655055,2.9425252607767214,2.9009953097655274,2.8597087670319246,2.8205090906738883,2.781466572239767,2.7425812117295614,2.7038530091432715,2.665281964480897,2.646676187298966,2.6280704101170347,2.6094646329351034,2.590858855753172,2.572253078571241,2.5517876105375272,2.5313221425038135,2.5108566744700997,2.490391206436386,2.4699257384026727,2.457646884385232,2.445368030367792,2.433089176350352,2.4208103223329114,2.4085314683154713,2.3976165253615047,2.3867015824075386,2.375786639453572,2.364871696499606,2.3539567535456394
WITCH 6.0,SSP5 - Medium-Low Emissions_a,World,Emissions|CH4,Mt CH4/yr,363.48990132891083,362.9745899899729,362.45725683819876,370.84744485196427,379.2415015326185,387.6394268801614,396.041220894593,404.4468835759132,409.3143195417077,414.1826534657856,419.0518853481469,423.92201518879165,428.79304298771984,434.7478393489482,440.7033575305611,446.65959753255845,452.6165593549402,458.57424299770645,466.6942704738683,474.8152859659493,482.93728947394925,491.0602809978684,499.1842605377066,507.01729904581896,514.8512600514842,522.6861435547021,530.5219495554728,538.3586780537962,543.7212841729728,549.0860857235011,554.4530827053813,559.8222751186133,565.1936629631972,568.7856063047021,572.3797329042968,575.976042761981,579.574535877755,583.1752122516186,585.0282573776431,586.8832931699671,588.740319628591,590.5993367535148,592.4603445447383,575.7760132510231,559.0954053156589,542.4185207386457,525.7453595199835,509.0759216596721,477.52131739667414,445.98377924636225,414.4633072087365,382.95990128379697,351.4735614715436,331.58228868818156,311.71217712599184,291.8632267849746,272.0354376651297,252.22880976645718,241.1523461499825,230.07588253350775,218.99941891703307,207.92295530055839,196.84649168408367,188.5445792652322,180.24266684638064,171.9407544275291,163.63884200867759,155.33692958982607,152.42617012028748,149.5154106507489,146.60465118121033,143.6938917116717,140.78313224213312,138.88972473912247,136.99631723611185,135.10290973310117,133.20950223009055,131.31609472707987
WITCH 6.0,SSP5 - Medium-Low Emissions_a,World,Emissions|CO,Mt CO/yr,774.0534343017323,761.8423923369219,749.7707939504897,745.3412889874878,740.918417204063,736.5021786002153,732.0925731759445,727.689600931251,718.2047156670967,708.7309479837686,699.2682978812663,689.8167653595901,680.3763504187398,674.089600990307,667.8110516356899,661.540702354888,655.2785531479019,649.024604014731,643.6980860226022,638.3821372408504,633.0767576694761,627.7819473084792,622.4977061578596,615.220163634883,607.9520423460699,600.6933422914207,593.4440634709351,586.2042058846132,585.4489768109526,584.6984593241039,583.9526534240672,583.2115591108425,582.4751763844299,582.6968368987555,582.918518366686,583.1402207882217,583.3619441633623,583.5836884921081,584.7357925779305,585.8876570902866,587.0392820291761,588.1906673945991,589.3418131865557,588.3704643422495,587.4025030856978,586.4379294169005,585.4767433358576,584.5189448425689,575.7565878999045,567.0421647103335,558.3756752738561,549.7571195904721,541.1864976601817,531.9613026394771,522.7717275833535,513.6177724918106,504.4994373648484,495.416722202467,490.37677900287775,485.3368358032885,480.2968926036993,475.25694940411006,470.21700620452077,463.40948738196073,456.6019685594007,449.79444973684065,442.9869309142806,436.17941209172056,433.4456679322364,430.71192377275224,427.97817961326814,425.2444354537839,422.51069129429976,421.26624236013424,420.02179342596867,418.77734449180303,417.5328955576375,416.28844662347194
WITCH 6.0,SSP5 - Medium-Low Emissions_a,World,Emissions|CO2|Energy and Industrial Processes,Mt CO2/yr,38712.21703981296,38914.384141669805,39113.142089242974,39446.374270460554,39778.33416364678,40109.021768801664,40438.43708592519,40766.58011501738,40841.607512727394,40916.274520239516,40990.58113755372,41064.527364670044,41138.11320158846,41361.46055332884,41582.74394646307,41801.96338099117,42019.118856913134,42234.21037422896,42734.528021949685,43232.23612911521,43727.33469572555,44219.82372178068,44709.70320728064,45155.26665256729,45597.98070215828,46037.84535605359,46474.86061425323,46909.026476757186,47242.90271587487,47574.258937631384,47903.09514202672,48229.411329060895,48553.20749873389,48910.22494460718,49264.83566780086,49617.03966831495,49966.83694614943,50314.22750130432,50738.32741842917,51159.690723094165,51578.31741529931,51994.2074950446,52407.360962330036,50963.73638326075,49539.24478058943,48133.886154316075,46747.66050444068,45380.56783096327,42573.92701525784,39779.596731361315,36997.57697927368,34227.867758994944,31470.469070525094,29441.311138683166,27415.215892554766,25392.183332139877,23372.2134574385,21355.306268450648,20286.03757498186,19216.76888151307,18147.50018804428,17078.231494575488,16008.9628011067,14722.215515559199,13435.468230011698,12148.7209444642,10861.9736589167,9575.2263733692,8859.248912830304,8143.271452291409,7427.293991752513,6711.316531213617,5995.3390706747205,5454.852049865529,4914.365029056338,4373.878008247147,3833.390987437955,3292.903966628763
WITCH 6.0,SSP5 - Medium-Low Emissions_a,World,Emissions|N2O,kt N2O/yr,11289.003670665752,11320.294006683667,11351.66762558688,11397.328338587962,11443.155629540199,11489.149498443592,11535.309945298139,11581.636970103844,11617.560718391693,11653.603358293252,11689.764889808519,11726.045312937496,11762.444627680181,11803.064701615644,11843.762256379368,11884.537291971352,11925.389808391597,11966.319805640103,12002.156844739717,12037.984526687236,12073.802851482655,12109.611819125976,12145.411429617201,12181.27607417587,12217.121618301511,12252.948061994117,12288.755405253687,12324.54364808023,12343.761422695996,12362.974237979226,12382.182093929918,12401.384990548067,12420.582927833682,12440.014437263326,12459.42808175505,12478.823861308849,12498.201775924726,12517.561825602683,12527.8532518563,12538.113830602648,12548.343561841722,12558.542445573525,12568.710481798054,12516.828869844889,12465.08886815144,12413.49047671771,12362.033695543698,12310.718524629405,12016.669891497888,11723.023511822792,11429.779385604115,11136.93751284186,10844.497893536021,10641.627452488232,10439.135123855078,10237.020907636552,10035.284803832656,9833.926812443391,9713.020132425296,9592.113452407202,9471.206772389107,9350.300092371013,9229.39341235292,9120.37227085083,9011.35112934874,8902.32998784665,8793.30884634456,8684.28770484247,8616.318263924812,8548.348823007154,8480.379382089495,8412.409941171838,8344.44050025418,8321.711171953119,8298.981843652056,8276.252515350996,8253.523187049934,8230.793858748873
WITCH 6.0,SSP5 - Medium-Low Emissions_a,World,Emissions|NH3,Mt NH3/yr,69.11340089954984,68.50634547366366,67.90426588580007,68.44472731635564,68.98556313577875,69.52677334406941,70.06835794122763,70.61031692725344,70.60936202932606,70.608530942791,70.60782366764825,70.60724020389777,70.60678055153961,70.61371276342717,70.62075765276072,70.62791521954028,70.63518546376586,70.64256838543746,70.47688452274643,70.31119157160686,70.14548953201874,69.97977840398212,69.81405818749695,69.63434115007843,69.45457610457066,69.27476305097368,69.09490198928745,68.91499291951199,68.5458214984237,68.1764606466047,67.80691036405499,67.43717065077453,67.0672415067634,66.67103387693808,66.27455316580117,65.8777993733526,65.48077249959246,65.08347254452066,64.63013061361323,64.1765347579371,63.722684977492236,63.26858127227866,62.81422364229634,62.132677071458886,61.45083260838438,60.768690253072855,60.08625000552428,59.403511865738665,56.603583049883625,53.80601591779001,51.01081046945784,48.2179667048871,45.42748462407777,43.87387157224814,42.32290878408654,40.77459625959298,39.228933998767445,37.68592200160996,36.8325117258352,35.97910145006045,35.12569117428569,34.272280898510935,33.418870622736186,32.692658952878205,31.966447283020226,31.240235613162238,30.51402394330426,29.787812273446278,29.404664695231588,29.021517117016895,28.638369538802205,28.25522196058752,27.87207438237283,27.646539566887483,27.421004751402137,27.19546993591679,26.969935120431444,26.7444003049461
WITCH 6.0,SSP5 - Medium-Low Emissions_a,World,Emissions|NOx,Mt NO2/yr,127.51049405918616,126.9853420219989,126.4666534941027,126.08637191428558,125.70112546879793,125.31091415763976,124.91573798081106,124.51559693831186,122.03380201531652,119.54851172670536,117.05972607247833,114.5674450526355,112.07166866717682,111.43513139026605,110.79351088397294,110.1468071482975,109.49502018323977,108.83814998879973,108.24893660605277,107.6550665973585,107.05653996271693,106.453356702128,105.84551681559176,104.68163513759791,103.51361785678621,102.3414649731567,101.16517648670933,99.98475239744411,99.90607714894988,99.81911098287057,99.72385389920623,99.62030589795688,99.50846697912247,99.45073607950215,99.38424812498377,99.30900311556738,99.22500105125293,99.13224193204044,99.16394252010244,99.18692117206899,99.20117788794015,99.20671266771589,99.20352551139624,91.00224598851564,82.86367561927226,74.78781440366603,66.77466234169698,58.82421943336512,57.43304085116978,56.04460192905563,54.65890266702267,53.27594306507092,51.89572312320037,50.74836305516993,49.604213766124104,48.46327525606287,47.325547524986256,46.191030572894235,45.48351529989885,44.77600002690347,44.06848475390808,43.36096948091269,42.65345420791731,42.02557130541379,41.397688402910276,40.76980550040677,40.14192259790325,39.51403969539974,39.127415361689245,38.74079102797876,38.35416669426827,37.96754236055778,37.58091802684729,37.291486501391276,37.002054975935266,36.712623450479256,36.42319192502325,36.13376039956724
WITCH 6.0,SSP5 - Medium-Low Emissions_a,World,Emissions|OC,Mt OC/yr,34.14789091300629,33.57865862787804,33.012551973647106,32.772850197575146,32.53387108790231,32.29561464462863,32.05808086775408,31.82126975727867,31.381206480269196,30.942069761426136,30.503859600749486,30.06657599823926,29.630218953895437,29.34831013518404,29.066962070491392,28.786174759817484,28.505948203162333,28.226282400525918,27.962901295923444,27.699987520502162,27.437541074262064,27.17556195720315,26.91405016932543,26.701136127654394,26.488507680795536,26.276164828748854,26.064107571514363,25.852335909092044,25.753302639393034,25.654316683515077,25.555378041458173,25.45648671322233,25.35764269880753,25.273316662132224,25.188992947812217,25.1046715558475,25.020352486238085,24.93603573898397,24.881472179435395,24.82691684385113,24.77236973223117,24.717830844575513,24.66330018088416,24.56580651363019,24.468265672908885,24.370677658720258,24.273042471064286,24.17536010994099,24.016589491319483,23.857953643416227,23.699452566231223,23.54108625976447,23.382854724015964,23.259679278637456,23.136604432509685,23.013630185632664,22.890756538006382,22.767983489630844,22.720640699984152,22.673297910337464,22.625955120690776,22.578612331044084,22.531269541397396,22.47987184881848,22.42847415623956,22.37707646366064,22.325678771081723,22.274281078502803,22.240302123038155,22.206323167573508,22.17234421210886,22.138365256644217,22.10438630117957,22.06519550400248,22.026004706825397,21.98681390964831,21.94762311247122,21.90843231529413
WITCH 6.0,SSP5 - Medium-Low Emissions_a,World,Emissions|Sulfur,Mt SO2/yr,71.9020378409034,70.56307268532737,69.23654156847627,69.032171999359,68.82994234683437,68.62985261090236,68.43190279156298,68.23609288881622,65.48296611088782,62.73660213367106,59.99700095716594,57.264162581372474,54.53808700629066,53.596450128732045,52.65785913643235,51.72231402939156,50.78981480760967,49.860361471086705,48.93349427522516,48.009199035852646,47.08747575296918,46.168324426574756,45.25174505666938,44.01228207071701,42.77578260423368,41.542246657219366,40.31167422967408,39.08406532159782,38.65144512063486,38.219591440854245,37.788504282256,37.358183644840096,36.92862952860656,36.545331734742504,36.16276575394393,35.78093158621081,35.399829231543166,35.01945868994099,34.637452509249144,34.2558085436529,33.87452679315224,33.493607257747186,33.11304993743772,31.75487691057166,30.397055340793806,29.039585228104148,27.682466572502697,26.325699373989444,25.240157586405683,24.156092566764407,23.07350431506562,21.992392831309317,20.912758115495496,19.940031767106994,18.96913793680022,18.000076624575183,17.032847830431876,16.067451554370304,15.606134426841361,15.144817299312422,14.683500171783477,14.222183044254539,13.760865916725596,13.481129266188308,13.201392615651017,12.921655965113727,12.641919314576436,12.362182664039146,12.202165436210445,12.042148208381743,11.882130980553042,11.72211375272434,11.56209652489564,11.435801976180267,11.309507427464894,11.183212878749519,11.056918330034147,10.930623781318772
WITCH 6.0,SSP5 - Medium-Low Emissions_a,World,Emissions|VOC,Mt VOC/yr,191.24428648185568,186.81205930490532,182.4216858548103,181.21313549497054,180.00787781956478,178.80591282859308,177.6072405220554,176.41186089995182,174.01148989352902,171.6150617554991,169.22257648586208,166.83403408461788,164.44943455176656,163.70360717437006,162.9565768873222,162.20834369062305,161.45890758427254,160.70826856827068,160.00061078213696,159.29206146434277,158.58262061488827,157.87228823377336,157.16106432099807,156.27589428865912,155.39044803789366,154.50472556870173,153.61872688108335,152.73245197503852,152.3278906896611,151.9218860637793,151.51443809739317,151.10554679050267,150.69521214310777,150.36981973500897,150.0426227990946,149.71362133536465,149.38281534381915,149.05020482445806,148.8720743081501,148.69135915086036,148.50805935258884,148.32217491333557,148.13370583310055,147.23639802879563,146.33650981088022,145.43404117935424,144.52899213421773,143.62136267547072,141.3913099821988,139.1641028584122,136.939741304111,134.7182253192951,132.4995549039646,130.49531211285426,128.4958095185929,126.50104712118045,124.51102492061696,122.52574291690243,121.25614555119523,119.98654818548803,118.71695081978083,117.44735345407364,116.17775608836644,114.98933090454685,113.80090572072726,112.61248053690765,111.42405535308806,110.23563016926848,109.48080393966958,108.72597771007074,107.97115148047187,107.21632525087301,106.46149902127415,105.84965774936079,105.2378164774474,104.62597520553403,104.01413393362067,103.40229266170728
WITCH 6.0,SSP5 - Medium-Low Emissions_a,World,Emissions|C2F6,kt C2F6/yr,2.4318727086493497,2.528806890611361,2.625904888105358,2.6604008102336283,2.6949523111646236,2.729559390898345,2.764222049434791,2.7989402867739637,2.8199487247361588,2.84098910567232,2.8620614295824467,2.88316569646654,2.9043019063245987,2.8888495811392088,2.873366588535611,2.857852928513806,2.8423086010737943,2.8267336062155755,2.7816360919005745,2.7364577022596706,2.6911984372928632,2.645858297000153,2.60043728138154,2.539234648669071,2.477924524447516,2.4165069087168742,2.354981801477147,2.2933492027283338,2.2237608590338604,2.1540517754753767,2.084221952052881,2.0142713887663737,1.9442000856158557,1.8891107182776963,1.833925998222419,1.7786459254500238,1.7232704999605102,1.6677997217538787,1.6361724963238211,1.604489990361673,1.5727522038674346,1.5409591368411053,1.5091107892826854,1.4867486435978507,1.4643471226465874,1.4419062264288949,1.4194259549447736,1.3969063081942232,1.3598609652481077,1.322752199141043,1.2855800098730288,1.2483443974440653,1.2110453618541526,1.162381799088878,1.1136361303959519,1.064808355775374,1.0158984752271443,0.9669064887512631,0.9254478356666507,0.8839891825820383,0.8425305294974259,0.8010718764128134,0.759613223328201,0.729242259473681,0.6988712956191611,0.668500331764641,0.638129367910121,0.607758404055601,0.5979466031171244,0.5881348021786478,0.5783230012401712,0.5685112003016946,0.558699399363218,0.580553092287035,0.602406785210852,0.624260478134669,0.646114171058486,0.667967863982303
WITCH 6.0,SSP5 - Medium-Low Emissions_a,World,Emissions|C6F14,kt C6F14/yr,0.06299797716610878,0.06446629453901966,0.06593461191193055,0.06612420838596741,0.06631380486000428,0.06650340133404113,0.066692997808078,0.06688259428211486,0.06706365427008272,0.06724471425805058,0.06742577424601844,0.06760683423398628,0.06778789422195414,0.06759438548537199,0.06740087674878983,0.06720736801220768,0.06701385927562553,0.06682035053904338,0.06652428543704555,0.06622822033504774,0.0659321552330499,0.0656360901310521,0.06534002502905427,0.06532079905494917,0.06530157308084407,0.06528234710673897,0.06526312113263387,0.06524389515852877,0.06554573675319404,0.06584757834785933,0.06614941994252459,0.06645126153718986,0.06675310313185513,0.06731085982867151,0.06786861652548785,0.06842637322230422,0.06898412991912058,0.06954188661593694,0.06996085244302871,0.07037981827012048,0.07079878409721226,0.07121774992430402,0.0716367157513958,0.07199113590018205,0.07234555604896832,0.07269997619775458,0.07305439634654085,0.0734088164953271,0.07389589074848851,0.07438296500164993,0.07487003925481134,0.07535711350797274,0.07584418776113416,0.07639816704547987,0.07695214632982557,0.07750612561417128,0.07806010489851697,0.07861408418286267,0.0791621625575163,0.07971024093216993,0.08025831930682353,0.08080639768147715,0.08135447605613078,0.08192907878962197,0.08250368152311317,0.08307828425660435,0.08365288699009556,0.08422748972358673,0.08478873200760918,0.08534997429163163,0.08591121657565408,0.08647245885967653,0.08703370114369897,0.08764242425947896,0.08825114737525895,0.08885987049103893,0.08946859360681891,0.0900773167225989
WITCH 6.0,SSP5 - Medium-Low Emissions_a,World,Emissions|CF4,kt CF4/yr,15.117718127834522,15.299725162851553,15.480823813742589,15.465993302205838,15.451085672609398,15.436100924953271,15.421039059237458,15.405900075461956,15.549933635859107,15.69320397346246,15.83571108827202,15.977454980287787,16.118435649509756,16.274370684008286,16.42947404138459,16.58374572163867,16.737185724770526,16.889794050780157,16.847533088723427,16.80529483832298,16.76307929957881,16.720886472490925,16.67871635705932,16.50493412148853,16.331760665122665,16.15919598796171,15.987240090005676,15.815892971254558,15.60031556928076,15.385548827033118,15.171592744511624,14.958447321716287,14.746112558647102,14.616221089258028,14.486768558016756,14.357754964923283,14.229180309977611,14.101044593179742,14.071835119409242,14.042610948770324,14.013372081262984,13.98411851688722,13.954850255643036,13.34841675587933,12.744657897129208,12.14357367939267,11.545164102669712,10.94942916696034,10.604764123060422,10.261602635132473,9.91994470317649,9.57979032719247,9.241139507180414,9.087742934306297,8.934973273236052,8.782830523969682,8.631314686507187,8.480425760848568,8.407600587796564,8.33477541474456,8.261950241692556,8.189125068640552,8.116299895588547,8.112059121574296,8.107818347560045,8.103577573545794,8.099336799531542,8.095096025517291,8.127030230446847,8.158964435376403,8.19089864030596,8.222832845235516,8.254767050165071,8.337883165027593,8.420999279890115,8.504115394752638,8.58723150961516,8.670347624477682
WITCH 6.0,SSP5 - Medium-Low Emissions_a,World,Emissions|HFC|HFC125,kt HFC125/yr,124.07430000000001,129.0164343039699,133.904685584355,137.67697455566338,141.40580747489054,145.09118434203648,148.73310515710125,152.33156992008477,156.00415990619354,159.63211044005246,163.21542152166157,166.75409315102092,170.24812532813044,173.48693503245636,176.68327940727966,179.83715845260028,182.9485721684183,186.01752055473375,188.85124727100532,191.64455145872563,194.39743311789454,197.10989224851218,199.78192885057848,202.06658819044267,204.3146020439072,206.52597041097195,208.700693291637,210.8387706859023,212.27379151412165,213.67962455161287,215.05626979837592,216.40372725441074,217.72199691971744,218.81786431069648,219.8867683761839,220.92870911617965,221.94368653068386,222.93170061969647,224.2034064080013,225.4444663284469,226.6548803810333,227.83464856576046,228.98377088262836,210.5781635883049,192.38041957544013,174.390538844034,156.60852139408647,139.0343672255975,125.23494211827409,111.59843425355197,98.12484363143115,84.81417025191158,71.66641411499332,65.86720491582544,60.137421707940625,54.47706449133885,48.886133266020146,43.3646280319845,41.939892592369915,40.515157152755336,39.09042171314075,37.66568627352617,36.24095083391158,34.94353891371584,33.646126993520106,32.34871507332437,31.05130315312863,29.75389123293289,29.613461652678527,29.47303207242416,29.332602492169798,29.19217291191543,29.05174333166107,28.705889972888066,28.360036614115064,28.014183255342065,27.668329896569062,27.32247653779606
WITCH 6.0,SSP5 - Medium-Low Emissions_a,World,Emissions|HFC|HFC134a,kt HFC134a/yr,291.7886,296.0758754289055,300.2953727979369,305.8659426319044,311.3523633912461,316.7546350759622,322.07275768605274,327.3067312215177,331.8160629734404,336.24885530358307,340.60510821194555,344.88482169852796,349.0879957633301,353.4575125935668,357.7475159994816,361.9580059810744,366.0889825383453,370.1404456712942,374.51818438518933,378.81128403457154,383.0197446194406,387.14356613979663,391.1827485956397,394.65130831758216,398.0415677447337,401.3535268770943,404.587185714664,407.7425442574427,409.10976963616537,410.421748091132,411.6784796223427,412.87996422979734,414.0262019134961,414.52010602455255,414.9670944457886,415.3671671772041,415.7203242187993,416.02656557057395,416.9417260258865,417.800489087457,418.60285475528553,419.3488230293721,420.0383939097168,417.2361634425271,414.42906526005845,411.6170993623107,408.80026574928405,405.9785644209783,407.40653639998834,408.76333797424223,410.0489691437401,411.2634299084818,412.4067202684674,413.43126828931287,414.3854173198284,415.26916736001374,416.0825184098692,416.8254704693945,421.46312499362307,426.10077951785166,430.7384340420802,435.3760885663088,440.0137430905374,443.03586302617856,446.05798296181973,449.08010289746085,452.102222833102,455.1243427687432,455.1355888600316,455.14683495132,455.15808104260833,455.16932713389673,455.1805732251851,454.8313900136753,454.4822068021654,454.1330235906555,453.78384037914566,453.4346571676358
WITCH 6.0,SSP5 - Medium-Low Emissions_a,World,Emissions|HFC|HFC143a,kt HFC143a/yr,35.833800000000004,37.36837823523208,38.90295647046415,40.46128066990349,42.01960486934282,43.57792906878217,45.13625326822151,46.69457746766085,48.09773065117139,49.50088383468193,50.90403701819247,52.30719020170301,53.71034338521355,54.975537639961225,56.2407318947089,57.505926149456585,58.77112040420426,60.03631465895194,61.16562263252029,62.294930606088634,63.42423857965699,64.55354655322535,65.68285452679369,66.64699037296522,67.61112621913674,68.57526206530825,69.53939791147978,70.5035337576513,71.22031606760478,71.93709837755824,72.65388068751173,73.3706629974652,74.08744530741868,74.7237896234637,75.36013393950871,75.99647825555374,76.63282257159875,77.26916688764376,77.99917926269099,78.7291916377382,79.45920401278543,80.18921638783264,80.91922876287987,80.72368677885386,80.52814479482788,80.33260281080187,80.1370608267759,79.94151884274989,80.51455969962292,81.08760055649594,81.66064141336896,82.23368227024199,82.806723127115,81.94950503097175,81.09228693482848,80.2350688386852,79.37785074254194,78.52063264639867,75.50616017171919,72.49168769703972,69.47721522236024,66.46274274768076,63.448270273001285,60.32239947137105,57.196528669740815,54.07065786811057,50.94478706648033,47.818916264850095,45.49754171874475,43.176167172639396,40.85479262653404,38.533418080428696,36.21204353432334,33.83301712284735,31.453990711371357,29.074964299895367,26.695937888419373,24.316911476943382
WITCH 6.0,SSP5 - Medium-Low Emissions_a,World,Emissions|HFC|HFC227ea,kt HFC227ea/yr,6.6453,6.652548784023356,6.659049118311181,6.614915546319029,6.570741968761438,6.5265283856384135,6.482274796949951,6.4379812026960535,6.312397189332797,6.1879695159109165,6.064698182430414,5.942583188891285,5.821624535293535,5.649617141998857,5.479564142207531,5.311465535919558,5.145321323134936,4.981131503853667,4.807886076104085,4.636770038487755,4.467783391004677,4.300926133654853,4.136198266438283,4.005482319712789,3.8763680421577997,3.7488554337733144,3.622944494559332,3.4986352245158554,3.433784295776124,3.369536052108471,3.3058904935128934,3.242847619989392,3.1804074315379682,3.152266788473451,3.1241207541288745,3.0959693285042396,3.067812511599545,3.039650303414792,3.013054097226758,2.986422803487787,2.9597564221978767,2.933054953357029,2.9063183969652435,2.851078639453507,2.796368464159431,2.7421878710830154,2.6885368602242607,2.6354154315831666,2.611058215223063,2.5866413223855846,2.5621647530707334,2.537628507278509,2.513032585008912,2.48217052570089,2.451385449412521,2.420677356143805,2.3900462458947427,2.359492118665334,2.3695498496917016,2.3796075807180697,2.3896653117444373,2.3997230427708054,2.409780773797173,2.409193523578433,2.408606273359693,2.408019023140953,2.4074317729222128,2.406844522703473,2.4129177305300176,2.418990938356562,2.425064146183107,2.4311373540096515,2.437210561836196,2.4432368323401126,2.449263102844029,2.455289373347945,2.4613156438518615,2.467341914355778
WITCH 6.0,SSP5 - Medium-Low Emissions_a,World,Emissions|HFC|HFC23,kt HFC23/yr,14.051843086776302,11.87794098654969,9.70403888632308,9.601700985526202,9.499363084729323,9.397025183932442,9.294687283135564,9.192349382338685,8.953459714792125,8.714570047245564,8.475680379699005,8.236790712152445,7.997901044605885,7.684609798656112,7.37131855270634,7.058027306756567,6.744736060806794,6.431444814857021,6.192365537264078,5.953286259671135,5.714206982078192,5.4751277044852475,5.236048426892305,5.0583567918072285,4.880665156722152,4.702973521637078,4.525281886552001,4.347590251466925,4.177350787006571,4.007111322546216,3.8368718580858623,3.6666323936255076,3.4963929291651534,3.3429871469298575,3.1895813646945617,3.0361755824592658,2.8827698002239703,2.7293640179886745,2.6102352293784934,2.4911064407683123,2.3719776521581313,2.2528488635479507,2.1337200749377696,2.0335637324640055,1.9334073899902409,1.8332510475164765,1.7330947050427121,1.6329383625689475,1.5805928793130168,1.5282473960570861,1.4759019128011555,1.423556429545225,1.371210946289294,1.3052107152406434,1.2392104841919929,1.1732102531433422,1.1072100220946917,1.041209791046041,0.9393501963319965,0.8374906016179522,0.7356310069039078,0.6337714121898633,0.531911817475819,0.4255294539806551,0.3191470904854914,0.2127647269903276,0.10638236349516383,0.0,0.0,0.0,0.0,0.0,0.0,0.0,0.0,0.0,0.0,0.0
WITCH 6.0,SSP5 - Medium-Low Emissions_a,World,Emissions|HFC|HFC245fa,kt HFC245fa/yr,15.504499999999998,16.346968027771865,17.19889402235458,18.038425746333473,18.88714083199897,19.745039279351065,20.612121088389767,21.48838625911507,22.32579734900997,23.171806527329245,24.02641379407289,24.889619149240904,25.761422592833288,26.57485418210926,27.396092037154297,28.2251361579684,29.061986544551566,29.9066431969038,30.676023990807707,31.45225692740802,32.23534200670473,33.02527922869784,33.82206859338736,34.536630149533224,35.257049396630535,35.983326334679276,36.71546096367945,37.453453283631056,38.07899127876794,38.709102039371245,39.34378556544097,39.9830418569771,40.62687091397965,41.24602518259211,41.86944297055142,42.49712427785757,43.12906910451058,43.76527745051042,44.47025538062686,45.18016131395343,45.89499525049011,46.61475719023694,47.33944713319389,45.07070986775659,42.776789668185664,40.457686534481134,38.11340046664298,35.74393146467122,34.898002858495175,34.042063434668655,33.176113193191654,32.3001521340642,31.414180257286272,26.600473336663,21.739292999421966,16.830639245563173,11.874512075086614,6.8709114879922915,6.181248055307181,5.491584622622071,4.8019211899369605,4.11225775725185,3.42259432456674,3.407631319398425,3.3926683142301095,3.3777053090617946,3.362742303893479,3.347779298725164,3.387950085842315,3.428120872959466,3.4682916600766163,3.508462447193767,3.548633234310918,3.5909635228904304,3.633293811469943,3.675624100049456,3.7179543886289683,3.760284677208481
WITCH 6.0,SSP5 - Medium-Low Emissions_a,World,Emissions|HFC|HFC32,kt HFC32/yr,105.566,110.44491566583923,115.27697944577125,118.41411968026374,121.51899581010865,124.59160783530595,127.63195575585563,130.6400395717577,133.93849529497618,137.20176650083573,140.42985318933646,143.62275536047832,146.7804730142613,149.78759909900506,152.76060948603214,155.69950417534258,158.60428316693634,161.47494646081347,163.9454785731485,166.38536511265733,168.79460607933996,171.1732014731964,173.52115129422668,175.31938766891471,177.09201913088395,178.83904568013435,180.56046731666584,182.25628404047853,183.1913433059202,184.10811434421768,185.00659715537094,185.88679173938004,186.74869809624485,187.36113423843898,187.95764172711662,188.53822056227767,189.10287074392232,189.65159227205044,190.4671455229938,191.26380853979254,192.04158132244672,192.80046387095635,193.5404561853214,192.69352962652107,191.84457767791608,190.99360033950646,190.14059761129207,189.28556949327304,184.03870778313788,178.83833962679313,173.6844650242388,168.57708397547486,163.51619648050135,150.61423254012212,137.84841790888692,125.21875258679576,112.7252365738486,100.3678698700455,92.01904131037043,83.67021275069536,75.3213841910203,66.97255563134523,58.62372707167017,57.748092977361615,56.87245888305306,55.996824788744505,55.12119069443595,54.2455566001274,47.2780283342317,40.310500068336,33.34297180244029,26.375443536544587,19.40791527064889,18.463276729741906,17.51863818883492,16.573999647927938,15.629361107020955,14.68472256611397
WITCH 6.0,SSP5 - Medium-Low Emissions_a,World,Emissions|HFC|HFC43-10,kt HFC4310/yr,0.8826,0.8861445395177053,0.8896890790354106,0.8999670024745469,0.9102449259136832,0.9205228493528195,0.9308007727919558,0.9410786962310921,0.9506664782947274,0.9602542603583626,0.9698420424219979,0.9794298244856332,0.9890176065492685,0.9972389106309376,1.0054602147126068,1.0136815187942758,1.021902822875945,1.030124126957614,1.0373407383261626,1.0445573496947114,1.05177396106326,1.0589905724318085,1.0662071838003573,1.0726879332236487,1.0791686826469402,1.085649432070232,1.0921301814935234,1.0986109309168148,1.103697220952047,1.108783510987279,1.1138698010225112,1.1189560910577432,1.1240423810929754,1.129142705452598,1.1342430298122208,1.1393433541718434,1.1444436785314662,1.1495440028910888,1.1557795269557194,1.1620150510203497,1.1682505750849803,1.1744860991496107,1.1807216232142412,1.1763363452652618,1.1719510673162823,1.1675657893673028,1.1631805114183233,1.1587952334693439,1.1622220823901712,1.1656489313109986,1.1690757802318261,1.1725026291526535,1.175929478073481,1.1818053257177092,1.1876811733619377,1.193557021006166,1.1994328686503943,1.2053087162946226,1.213729406462701,1.2221500966307797,1.230570786798858,1.2389914769669366,1.2474121671350151,1.2506762002213985,1.2539402333077818,1.257204266394165,1.2604682994805483,1.2637323325669316,1.2690535705998829,1.2743748086328341,1.2796960466657856,1.2850172846987369,1.2903385227316881,1.2945657014991903,1.2987928802666924,1.3030200590341943,1.3072472378016964,1.3114744165691985
WITCH 6.0,SSP5 - Medium-Low Emissions_a,World,Emissions|SF6,kt SF6/yr,9.3520936282727,9.435332539008506,9.516459784434948,9.70481742193496,9.889491811518205,10.070482953184689,10.247790846934405,10.421415492767355,10.484770937090785,10.546032201929036,10.605199287282113,10.66227219315001,10.71725091953273,10.68533068935106,10.652629565750143,10.619147548729973,10.584884638290555,10.549840834431887,10.415525197638468,10.282015324691049,10.149311215589627,10.017412870334205,9.886320288924782,9.74959524293964,9.613784031024707,9.478886653179995,9.344903109405495,9.211833399701211,9.073949810674495,8.937080410770802,8.801225199990128,8.666384178332473,8.53255734579784,8.416512173423056,8.301173950080983,8.18654267577162,8.072618350494968,7.959400974251026,7.843903712833496,7.729170757404905,7.615202107965252,7.5019977645145355,7.389557727052759,6.779559792517297,6.18037815259608,5.592012807289107,5.014463756596378,4.4477310005178925,4.219396908224747,3.994920301779427,3.7743011811819334,3.5575395464322668,3.3446353975304266,3.2498791310416197,3.1564163188608734,3.064246960988188,2.9733710574235612,2.883788608166995,2.8317230377894242,2.779657467411854,2.727591897034283,2.675526326656713,2.623460756279142,2.5739214518132703,2.524382147347398,2.474842842881526,2.425303538415654,2.375764233949782,2.332129416101266,2.28849459825275,2.244859780404234,2.201224962555718,2.157590144707202,2.117002158928743,2.076414173150283,2.035826187371824,1.9952382015933645,1.954650215814905
WITCH 6.0,SSP5 - Medium-Low Emissions_a,World,Emissions|CO2|AFOLU,Mt CO2/yr,3627.550666666666,3474.279140561071,3321.007614455476,3087.528448641679,2854.049282827882,2620.5701170140846,2387.090951200288,2153.611785386491,2066.1523558128797,1978.6929262392684,1891.2334966656572,1803.7740670920462,1716.314637518435,1632.82826348393,1549.341889449425,1465.85551541492,1382.3691413804152,1298.8827673459102,1209.576768026189,1120.2707687064676,1030.9647693867464,941.6587700670252,852.3527707473038,755.6645348087716,658.9762988702394,562.2880629317069,465.59982699317476,368.9115910546425,287.39967899173666,205.88776692883096,124.37585486592516,42.8639428030194,-38.647969259886366,-118.1340297804118,-197.6200903009372,-277.1061508214626,-356.59221134198805,-436.0782718625135,-501.9122448054443,-567.7462177483752,-633.5801906913061,-699.414163634237,-765.2481365771678,-863.7796738485711,-962.311211119974,-1060.8427483913772,-1159.3742856627805,-1257.9058229341836,-1796.0220667179779,-2334.138310501772,-2872.2545542855664,-3410.3707980693607,-3948.487041853155,-4068.414739672274,-4188.342437491394,-4308.270135310513,-4428.197833129633,-4548.125530948752,-4485.539289099755,-4422.953047250758,-4360.366805401762,-4297.780563552765,-4235.194321703768,-4225.909893283993,-4216.62546486422,-4207.341036444446,-4198.056608024672,-4188.772179604897,-4164.101995246789,-4139.431810888679,-4114.7616265305705,-4090.0914421724615,-4065.421257814353,-4038.9490240114933,-4012.4767902086332,-3986.004556405773,-3959.532322602913,-3933.0600888000536
WITCH 6.0,SSP5 - Medium-Low Emissions_a,World,Emissions|CCl4,kt CCl4/yr,40.29730841776712,37.50789908721917,34.97059468917428,32.45607274800954,30.041195560361583,27.59194199306125,25.1003211824228,23.540679165010218,23.66215085705868,24.613811336994797,25.645094446025325,26.622458514801583,27.60931923332551,28.749158685300277,29.974413939725984,31.218108892865505,32.40851712214511,33.612065815511066,34.96891841421419,36.485634433509105,37.956174790100064,39.37482685712287,40.95190533887724,42.623347422418426,44.31877940609281,46.110643080755416,47.93128464097561,49.85335365481167,51.36728428414336,51.850312775110346,51.85195053191414,51.80997896228317,51.78694343097321,51.85612873048341,51.87856612255041,51.85070620181917,51.841497605504344,51.85054296096383,51.878310586601714,51.855170227969545,51.776693435939556,51.78144795365209,51.87345182111351,51.91414012578559,51.89998637586837,51.900405539389915,51.8448915148703,51.79911357016939,51.83642505115401,51.81738141254878,51.80806316865857,51.88184734882187,51.89976881105365,51.85827829394707,51.826323495398285,51.80348142646263,51.78927554733651,51.85381417144121,51.93189632984181,51.88053888454101,51.834770506954506,51.867544817477246,51.83940711944699,51.81643753730703,51.872012602138774,51.86715411076891,51.79783384989569,51.80262979915102,51.885560418336574,51.908060368609505,51.86659058626661,51.830099183731605,51.79816319959288,51.77030586104894,51.816628879027384,51.87168624274408,51.82924793248425,51.79212136848583
WITCH 6.0,SSP5 - Medium-Low Emissions_a,World,Emissions|CFC11,kt CFC11/yr,55.9933373822983,53.80241782405459,51.58546818746797,49.40410913378708,47.38564183285938,45.47012800799574,43.66070272247559,41.89796777558573,40.11986736138354,38.45070350081469,36.95668393975873,35.45387264881994,33.94136407401444,32.544657378561475,31.26580730827029,30.045411379875464,28.822268280349824,27.59631516751976,26.429316064184206,25.38566392159573,24.342987912491264,23.300027345821253,22.382700133840764,21.530889513094426,20.68338808815452,19.84057134440808,19.00243739592171,18.168558391154544,17.40110505674327,16.70187105906349,16.008863519221865,15.384632087589534,14.831418904555655,14.22546512458261,13.56448794406249,13.034843710935645,12.578021564495089,12.006465435318288,11.442412205241045,11.011078505634611,10.65317286930226,10.182694168135024,9.657745733913039,9.32847125812272,9.011829030467798,8.580997838348285,8.222021906149994,7.936003881971055,7.6617882273667,7.337558219590392,6.961090167909114,6.656131963532225,6.42453867518518,6.142136783064996,5.8696698089486565,5.670934195580044,5.421399427189453,5.181799940785034,5.015931829807603,4.799264581687243,4.592533065554169,4.459544607157046,4.276184773891987,4.040577828936344,3.8764808493222986,3.785760922545636,3.6446723033764186,3.4517756530505834,3.268633871286459,3.094453170414534,2.99141819513695,2.962178221184874,2.8203863334615398,2.6245533158363306,2.562223806946295,2.510741483839849,2.406024616740603,2.307587746017828
WITCH 6.0,SSP5 - Medium-Low Emissions_a,World,Emissions|CFC113,kt CFC113/yr,2.030655876997793,2.6240858366639137,2.662652319897718,2.7949219159766683,3.0193159526748032,3.1671361701421197,3.2380105998685997,3.316106146152531,3.4005520740421344,3.576930662237062,3.761683898556309,3.869435018473725,4.070285513020486,4.280232370959432,4.414481717080648,4.557757528676373,4.7092747887242155,4.954707235890159,5.211143695240057,5.307898652179092,5.49891371335071,5.785290178222864,5.997293866711345,6.306205946928454,6.542774795775671,6.70609788812678,6.966084914556925,7.238161482877344,7.53222546300995,7.685412187011563,7.5984078756285625,7.51252489530035,7.597259803855794,7.684920257272982,7.6055569405096906,7.5268651045765775,7.619346442635547,7.629347581989703,7.555528313646543,7.653385144326117,7.669357670115763,7.5166878836874025,7.53405929908151,7.6383331584892415,7.574530521038472,7.597345213856787,7.622187625689949,7.563305531519856,7.591249437982175,7.535106059392503,7.564512413449311,7.681323586071191,7.6306394255409655,7.5811984700676724,7.61812437685161,7.571534565955758,7.525671667994598,7.565579223540424,7.6067929468625515,7.650368502268692,7.610928354064685,7.572243925456832,7.619913947656772,7.584067796729391,7.548949131284929,7.599616263896675,7.6521577431764936,7.621671107456661,7.591939736776478,7.648563412246485,7.621686850264612,7.596121298651233,7.571519792816804,7.5471740642224105,7.609181131040886,7.588080813032532,7.509434456162807,7.483586134518149
WITCH 6.0,SSP5 - Medium-Low Emissions_a,World,Emissions|CFC114,kt CFC114/yr,0.8739526789974016,1.124991360857382,1.1597118076759332,1.197558823360702,1.237278428031519,1.278909723338232,1.322527261165675,1.3681964839539387,1.4154823023604386,1.5423784106535925,1.6722604538929153,1.6505914115648743,1.631749242121025,1.6916077809259629,1.8311042384110665,1.9740638844651028,1.9654634086498,2.0376098729228995,2.1896846694249303,2.2680047572251962,2.3502099399371486,2.4360044686012974,2.5255205777784764,2.618906694273037,2.716317610891007,2.817914561474877,2.9238712827247912,3.0345903128233065,3.1181487709184927,3.1407494773438978,3.2106768299169763,3.203551678736577,3.119163137772521,3.189199509931403,3.2589346630646356,3.25258396675239,3.169313812086521,3.0853936751849504,3.155441701112952,3.225162205948355,3.2182641355354313,3.211822057121672,3.205391736497023,3.1989618686170047,3.1925320180284578,3.1861021679584813,3.1796723177622233,3.1732424674137394,3.166812616882547,3.1603827653713275,3.15395289214305,3.147522458839919,3.1410774888652044,3.1341002453003983,3.20449844782523,3.2755578309403224,3.1926349665263998,3.109507346166291,3.1803732092743284,3.25143028348129,3.1679755953587683,3.1622229004219107,3.23373596703449,3.15029303643003,3.1445407931448774,3.216053855187098,3.132610364084184,3.126843562321597,3.1978237905537847,3.1917412079263805,3.186103291515616,3.1804761591160875,3.1748354864843034,3.1686771032141032,3.24042668979004,3.2354652227347676,3.0780170134224134,3.0007401877581557
WITCH 6.0,SSP5 - Medium-Low Emissions_a,World,Emissions|CFC115,kt CFC115/yr,0.02762903586579991,0.026451194015621335,0.02567849283947829,0.024928545287205995,0.024647381732154753,0.0,0.0,0.022033925759928328,0.02087186770504332,0.020580077622016593,0.0,0.0,0.01796566889755181,0.016790453857752217,0.0160171124149932,0.015254003188065324,0.014491288813695215,0.013728608389312853,0.012966415817176386,0.01221687344047147,0.011935725463751415,0.0,0.0,0.009321743056220097,0.00814652803988072,0.007373186596877976,0.0066100773407833146,0.005847362214565743,0.005084662269758851,0.004321962909505099,0.003559263571638625,0.002796564234893944,0.0020338648981491113,0.0012711655612579922,0.0005084662245620604,0.0,0.0,0.0,0.0,0.0,0.0,0.0,0.0,0.0,0.0,0.0,0.0,0.0,0.0,0.058488137407676076,0.057369793001727794,0.0,0.0,0.0,0.0,0.0,0.0,0.0,0.05187807648750622,0.05075973205283015,0.0,0.0,0.0,0.0,0.0,0.0467934134372053,0.04567504953370721,0.0,0.0,0.0,0.04323413343636186,0.0421157845155211,0.0,0.0,0.0,0.03916440570355614,0.10759279189046912,0.10704327737018567
WITCH 6.0,SSP5 - Medium-Low Emissions_a,World,Emissions|CFC12,kt CFC12/yr,20.278900939592226,18.606179174024042,17.087091090287135,15.723169130971064,14.517108530948391,13.30594082283818,12.14424986865545,11.197170936303392,10.357147722136068,9.51605631768011,8.72927381365435,7.9970064146141215,7.319411319617553,6.752113222910461,6.241504017505347,5.733704419273925,5.228668337154013,4.78111978650565,4.391258695156133,4.059628441499283,3.7874946931967806,3.465571003562935,3.1483297087777404,2.890537561512363,2.6373127785032895,2.4440622290619105,2.256267870172743,2.0738972472898545,1.952408604929725,1.7822025064625084,1.6181096049826014,1.459794151031324,1.3065341519707465,1.268881733551303,1.1830781128022192,1.0488288591747075,0.975782142401148,0.8536398036371314,0.7919703927058059,0.7917670651719456,0.6886441355378514,0.5915807599600477,0.5550387272851948,0.524495641462675,0.500275671028268,0.48275346004300174,0.4168271200072218,0.35665606915406517,0.35737526750159687,0.3093670755608905,0.2670959572956266,0.2853485471284222,0.30998699155439047,0.2865998213495332,0.2146086195847539,0.14782934539701822,0.1406750641925708,0.19409051982181122,0.19915755900715723,0.15562290417877972,0.11768668752857504,0.08501643531556767,0.05723719880898043,0.08945125028921085,0.12750945427360402,0.1166533847598102,0.11176475019322962,0.057426409852778235,0.007779859114118783,0.017593117438548186,0.0323511113514315,0.05236879958766853,0.07766448253720815,0.10861521058040331,0.09049046124373215,0.022536253887595448,0.0,0.0
WITCH 6.0,SSP5 - Medium-Low Emissions_a,World,Emissions|CH3Br,kt CH3Br/yr,140.48697355742144,140.44525269558977,140.44552789065773,140.44553526678345,140.44553555090144,140.44553556184533,140.4455355622668,140.44553556228317,140.44553556228368,140.44553556228377,140.44553556228377,140.44553556228377,140.44553556228377,140.44553556228377,140.44553556228377,140.44553556228377,140.44553556228377,140.44553556228377,140.44553556228377,140.44553556228377,140.44553556228377,140.44553556228377,140.44553556228377,140.44553556228377,140.44553556228377,140.44553556228377,140.4455355622838,140.4455355622838,140.4455355622838,140.4455355622838,140.4455355622838,140.4455355622838,140.4455355622838,140.4455355622838,140.4455355622838,140.4455355622838,140.4455355622838,140.4455355622838,140.4455355622838,140.4455355622838,140.4455355622838,140.4455355622838,140.4455355622838,140.4455355622838,140.4455355622838,140.4455355622838,140.4455355622838,140.4455355622838,140.4455355622838,140.4455355622838,140.4455355622838,140.4455355622838,140.4455355622838,140.4455355622838,140.4455355622838,140.4455355622838,140.4455355622838,140.4455355622838,140.4455355622838,140.4455355622838,140.4455355622838,140.4455355622838,140.4455355622838,140.4455355622838,140.4455355622838,140.4455355622838,140.4455355622838,140.4455355622838,140.4455355622838,140.4455355622838,140.4455355622838,140.4455355622838,140.4455355622838,140.4455355622838,140.4455355622838,140.4455355622838,140.4455355622838,140.4455355622838
WITCH 6.0,SSP5 - Medium-Low Emissions_a,World,Emissions|CH3CCl3,kt CH3CCl3/yr,1.925368109001723,1.9844674761503585,2.0154698018978308,2.1218060294252017,2.243024910472932,2.2956897148545385,2.3161325589367716,2.4247006405287426,2.5840049281290907,2.7116497692464607,2.807542081710307,2.8475139863157124,3.013079890263086,3.230086462937129,3.271602684248944,3.355661802039536,3.588728993359174,3.729930324432362,3.7937884783679303,3.9840745252637815,4.203755472004259,4.309666505244396,4.398985759431091,4.615370457935042,4.861770306484262,5.055863330085132,5.258100709212486,5.468817165128237,5.63610971297282,5.694944834734323,5.693701293995421,5.692996819110059,5.692428334581721,5.691963218162901,5.6915824253478835,5.691270659033451,5.691015406382305,5.6908064231877145,5.690635322219472,5.690495236594867,5.69038054418597,5.6902866419836275,5.690209761362777,5.690146816834209,5.690095282212928,5.6900530892336265,5.690018544543911,5.689990261744071,5.689967105746074,5.689948147218406,5.689932625288731,5.689919917007609,5.689909512347006,5.689900993731403,5.689894019278835,5.68988830908003,5.689883633964643,5.689879806303956,5.68987667248037,5.689874106722683,5.689872006057913,5.689870286179114,5.689868878061389,5.6898677251921566,5.689866781302655,5.689866008511268,5.6898653758032145,5.689864857785639,5.689864433668743,5.68986408643121,5.689863802137165,5.689863569376865,5.689863378808849,5.689863222784997,5.689863095043431,5.6898629904574705,5.689862904829744,5.689862834723714
WITCH 6.0,SSP5 - Medium-Low Emissions_a,World,Emissions|CH3Cl,kt CH3Cl/yr,5376.602241275558,5376.60224106939,5376.602241061445,5376.60224106114,5376.602241061131,5376.602241061134,5376.60224106113,5376.60224106113,5376.60224106113,5376.60224106113,5376.60224106113,5376.60224106113,5376.60224106113,5376.60224106113,5376.60224106113,5376.60224106113,5376.60224106113,5376.60224106113,5376.60224106113,5376.60224106113,5376.60224106113,5376.60224106113,5376.60224106113,5376.60224106113,5376.60224106113,5376.60224106113,5376.60224106113,5376.60224106113,5376.60224106113,5376.60224106113,5376.60224106113,5376.60224106113,5376.60224106113,5376.60224106113,5376.60224106113,5376.60224106113,5376.60224106113,5376.60224106113,5376.60224106113,5376.60224106113,5376.60224106113,5376.60224106113,5376.60224106113,5376.60224106113,5376.60224106113,5376.60224106113,5376.60224106113,5376.60224106113,5376.60224106113,5376.60224106113,5376.60224106113,5376.60224106113,5376.60224106113,5376.60224106113,5376.60224106113,5376.60224106113,5376.60224106113,5376.60224106113,5376.60224106113,5376.60224106113,5376.60224106113,5376.60224106113,5376.60224106113,5376.60224106113,5376.60224106113,5376.60224106113,5376.60224106113,5376.60224106113,5376.60224106113,5376.60224106113,5376.60224106113,5376.60224106113,5376.60224106113,5376.60224106113,5376.60224106113,5376.60224106113,5376.60224106113,5376.60224106113
WITCH 6.0,SSP5 - Medium-Low Emissions_a,World,Emissions|HCFC141b,kt HCFC141b/yr,57.429165954156964,57.68077849510554,57.21480348436768,56.48325446711485,55.67114854875694,54.85164389809379,54.01528267502092,53.02714663599193,51.577653941268295,49.89520799511345,48.25223015545117,46.72383430345049,45.22743672313185,43.764690040114516,42.35851758750542,40.956329119190485,39.67628656394712,38.43573865039397,37.11848285418516,35.83011080255346,34.63457965111351,33.49081099449066,32.34670261674314,31.20220072884011,30.109878878673744,29.13435448396401,28.18162729538407,27.187908333376463,26.258851034351792,25.405839315523536,24.523177380449535,23.652763646025623,22.858343247298347,22.087200420071554,21.339639356994454,20.61566780331402,19.91528605736611,19.238494130641836,18.585292023585296,17.955679736233947,17.349657269136276,16.767224636499378,16.208382207164217,15.673139556796102,15.161851234049873,14.621233382412335,14.092882056529831,13.640888896522638,13.159253971874085,12.689877518494002,12.296858935494798,11.874198959499056,11.463807413024641,11.130138230074916,10.71390792193522,10.298612790127393,10.012443860664552,9.643401584993848,9.275286813626309,9.036307878293812,8.714819694936999,8.34132933929173,8.085277456887074,7.8520498556162615,7.578205592657924,7.316468177439242,7.066533715667164,6.8283944741339315,6.60205016915331,6.387501158093143,6.18475701619691,5.994172292642861,5.762463144936777,5.531225991701494,5.36456192241465,5.156822276101081,4.896511964274,4.7017164649880065
WITCH 6.0,SSP5 - Medium-Low Emissions_a,World,Emissions|HCFC142b,kt HCFC142b/yr,20.1767950997304,20.99876523033291,20.83048515635011,20.61755796725083,20.395063528952935,20.167232839335878,19.883952812028816,19.591141600435147,19.197580250372862,18.693290382261768,18.213502795894133,17.80828486077469,17.39162950510706,16.959422019595582,16.561776885047113,16.152784521734958,15.823976448593095,15.53984003707472,15.159701150639611,14.76977607561982,14.419657837907593,14.063727617387757,13.747720762395842,13.476469050098677,13.20494182177645,12.933407393488734,12.661872675189265,12.390337616546017,12.118793998964,11.84693714574099,11.620553842757465,11.398978555178475,11.13174590706021,10.955729325378485,10.789352812344548,10.532288290218636,10.366708138807997,10.210774649556992,9.964144885184412,9.808686937630329,9.708366634954368,9.522792722427592,9.29208953788104,9.152303370354268,9.067640229985004,8.897418568297338,8.727854715733073,8.608550256923687,8.494199898488624,8.385073007143156,8.281480881256684,8.137636357053156,7.994188522459868,7.900993424488031,7.812751854009962,7.72972551285812,7.6519292845914535,7.579668090448828,7.467154837492333,7.355046832543674,7.293504786670198,7.191442375690134,7.089778290462776,7.038679885016079,6.947060775076481,6.855831446130497,6.814854929021647,6.77884080363155,6.748363345796681,6.677946456194857,6.562452366425294,6.492394438974768,6.472634164147284,6.4123466084343415,6.352457267736479,6.3431376434327245,6.29344550323235,6.222596228619819
WITCH 6.0,SSP5 - Medium-Low Emissions_a,World,Emissions|HCFC22,kt HCFC22/yr,324.52686644110815,323.79894347811626,316.2075416215573,306.3500012866981,295.7440970778391,285.9463528609222,276.8902029699374,266.1473800154359,251.39046885094336,235.2227184513071,220.1633923261291,206.2420066591857,193.37877842436995,181.4234646277703,170.32906160933376,160.03414283306466,150.54415176531865,141.58932622537392,132.8415504922424,124.51765874475328,116.78530758596345,109.64571820741008,103.06765896936665,96.96214981409365,91.3180839616102,86.03884238367266,81.09285979664851,76.57206659502573,72.41804386277806,68.51448093591173,64.94088762996715,61.63157514759485,58.49622067769245,55.65246874387132,53.02815606165101,50.53282862727205,48.238221448632736,46.14403657000368,44.16549029397469,42.32904655591673,40.67339104195781,39.11378385964289,37.63753569461493,36.27651768521669,35.063284581324844,33.9586184296189,32.87146495784083,31.867301784487843,30.945173743146285,30.05291590818018,29.26201366612693,28.571907816700264,27.93748599768213,27.313214151974186,26.685921492678,26.126868353684106,25.635475117789788,25.166090688272984,24.75146158239747,24.39151398248112,24.00145518044566,23.60721025122536,23.325730774813877,23.084835564957096,22.79406936184659,22.525152417902166,22.277247694852267,22.043837359230892,21.863943496678115,21.698471423612304,21.50199919078274,21.306995279827497,21.15198098161438,21.036735003116338,20.96181171912141,20.84973770565833,20.569984030713123,20.259406688515277
WITCH 6.0,SSP5 - Medium-Low Emissions_a,World,Emissions|Halon1202,kt Halon1202/yr,0.0,0.0,0.0,0.0,0.0,0.0,0.0,0.0,0.0,0.0,0.0,0.0,0.0,0.0,0.0,0.0,0.0,0.0,0.0,0.0,0.0,0.0,0.0,0.0,0.0,0.0,0.0,0.0,0.0,0.0,0.0,0.0,0.0,0.0,0.0,0.0,0.0,0.0,0.0,0.0,0.0,0.0,0.0,0.0,0.0,0.0,0.0,0.0,0.0,0.0,0.0,0.0,0.0,0.0,0.0,0.0,0.0,0.0,0.0,0.0,0.0,0.0,0.0,0.0,0.0,0.0,0.0,0.0,0.0,0.0,0.0,0.0,0.0,0.0,0.0,0.0,0.0,0.0
WITCH 6.0,SSP5 - Medium-Low Emissions_a,World,Emissions|Halon1211,kt Halon1211/yr,2.5629780595462877,2.4712891970912034,2.3049559661305286,2.2133932337706494,2.2052186551051003,2.1314620897892014,1.9840317941682577,1.8370398607072564,1.6895301713268511,1.6163497995337406,1.6265456441783313,1.571144478684467,1.4415410640311543,1.3867330434716283,1.415814510213082,1.30394057824857,1.1842035084230869,1.2229118441177844,1.1202340394119155,1.0096686215127464,1.0570473117745744,1.0384137951321721,0.946095594062938,0.8542153332482519,0.7618173010952668,0.7437486075445972,0.8090566922449551,0.8087823529311866,0.7348342873021569,0.6613251249280185,0.5873122711151092,0.5881437157136237,0.5974934696119245,0.5322129423783267,0.5422183958905308,0.5607675971349987,0.5052019145712344,0.45006376065474235,0.3944214980005733,0.41362405859328116,0.44135899150789065,0.39497860244936805,0.34902572516181185,0.3025687385174458,0.3309565758986573,0.3678768064668008,0.33068225677475455,0.29392928252466444,0.2571871580705502,0.22043138786330418,0.18316013285812763,0.22073326294080572,0.26683874927063184,0.23882893384322856,0.21124717187471057,0.1831753642194398,0.23046333974371305,0.21142523870715196,0.10922448022927368,0.15642448340747162,0.21172665890103265,0.19290310079133852,0.17452071708209385,0.15614970943309556,0.13777913994313776,0.11940858652786387,0.10103801289551048,0.08266689754427342,0.06428171771928316,0.0453815578752326,0.10133932609008744,0.16633090844090878,0.08184836167158284,0.06413338395275907,0.1295893223921132,0.04553174567256155,0.0,0.0
WITCH 6.0,SSP5 - Medium-Low Emissions_a,World,Emissions|Halon1301,kt Halon1301/yr,1.232019444684855,1.1650942964906017,1.0964588434703242,1.1624279408097389,1.16185068067368,1.0932711171926428,1.0918306843491483,1.090002846817471,1.088165633365841,1.086340723347198,1.0849800173151074,1.016220449407556,0.9462106954906713,0.9429427993441856,0.9392772358964976,0.9356014141284889,0.9319252159863892,0.9282494904463314,0.9245864289281076,0.9213870981877432,0.8507762415543275,0.7784514688579286,0.8402800986416589,0.9034254657064604,0.8324198546451247,0.7605613297608567,0.7554549064699515,0.749951210428075,0.7444372705413353,0.7389229361027787,0.7334085871626694,0.7278942557313576,0.7223803940330181,0.7168787278825115,0.7118286150501398,0.6389158920402171,0.6321640399299454,0.6938557855913599,0.6205454140428319,0.6137837907112962,0.675487805817938,0.6026411498753418,0.5284680007612136,0.5884581178477369,0.6497653333894368,0.5769210976188286,0.503211284008825,0.4957898419383357,0.5553826718278035,0.6166796624801423,0.5438355394443048,0.4701388818272721,0.4631943216491509,0.4558520014616194,0.4484867728697623,0.4406574196245385,0.5002395958909643,0.5615361761818518,0.4886920373671182,0.4149953798651759,0.40805083845378853,0.4007090060872086,0.39335644207569037,0.3859908189059449,0.3781614504621931,0.43774362614310247,0.4990402064103749,0.4261960675669836,0.3524994093411609,0.3455548491394829,0.33821252895074094,0.33084730035044396,0.32301794688739677,0.38260011749845924,0.4438965509682363,0.3710472106799821,0.2980296178153028,0.2931637834586709
WITCH 6.0,SSP5 - Medium-Low Emissions_a,World,Emissions|Halon2402,kt Halon2402/yr,0.0,0.0,0.07495416388724621,0.05774837255399089,0.041235771340317195,0.024741044627170843,0.008247006366278977,0.0,0.0,0.0,0.0,0.0,0.025215292747945733,0.13353992926056898,0.007792090211922717,0.0,0.0,0.08403413457943743,0.0,0.0,0.05019453183298867,0.041253644859564016,0.03298873840608971,0.024741043565301157,0.016494011691749914,0.008247005352910475,0.0,0.0,0.0,0.0,0.0,0.0,0.06728334530346113,0.06625746790142538,0.0,0.0,0.0,0.03346227175522507,0.15003397297402318,0.032533992687786895,0.0,0.017781059768239967,0.016750823374858975,0.0,0.0004556584675111974,0.11704520021948496,0.0,0.0,0.0,0.0997190566480942,0.09983940679258946,0.0,0.0,0.0,0.08322504495584535,0.08334539607134435,0.0,0.0,0.0,0.06670716646742536,0.06599629752861168,0.06600069056673803,0.06683207983467,0.0,0.0,0.0,0.05021312033422133,0.049501366229099925,0.04948277797937254,0.04948209603440042,0.04948295371483245,0.04950593535104428,0.05033804310713873,0.0,0.0,0.0,0.02564393220926879,0.008322380584569461
WITCH 6.0,SSP5 - Medium-Low Emissions_a,World,Emissions|C3F8,kt C3F8/yr,0.7211779763531168,0.7499240521399675,0.7787187078353933,0.7889485604195435,0.7991948950376153,0.8094577116896092,0.8197370103755249,0.8300327910953627,0.836262896282213,0.8425024742384404,0.8487515249640446,0.8550100484590262,0.8612780447233848,0.8566956187734102,0.852104098323331,0.8475034833731475,0.8428937739228597,0.8382749699724675,0.8249011885255301,0.8115034232970139,0.7980816742869188,0.784635941495245,0.7711662249219926,0.7530164300539973,0.7348347583082684,0.7166212096848054,0.6983757841836087,0.6800984818046784,0.659461883225792,0.6387894789361536,0.6180812689357623,0.5973372532246185,0.5765574318027223,0.5602205411775659,0.5438553734640051,0.5274619286620398,0.5110402067716698,0.4945902077928955,0.4852110744393325,0.4758155475047555,0.46640362698916477,0.45697531289255994,0.4475306052149412,0.44089905459366735,0.4342558271379685,0.42760092284784457,0.42093434172329575,0.4142560837643218,0.40327019401599495,0.3922654959695591,0.3812419896250143,0.3701996749823605,0.3591385520415978,0.3447072499457388,0.33025159913025326,0.3157715995951412,0.30126725134040244,0.2867385543660371,0.2744438863813413,0.2621492183966455,0.24985455041194968,0.23755988242725384,0.225265214442558,0.21625862862308018,0.20725204280360235,0.1982454569841245,0.18923887116464666,0.18023228534516883,0.17732257106611837,0.17441285678706786,0.1715031425080174,0.16859342822896692,0.16568371394991646,0.17216448162438658,0.17864524929885667,0.18512601697332678,0.1916067846477969,0.19808755232226702
WITCH 6.0,SSP5 - Medium-Low Emissions_a,World,Emissions|C4F10,kt C4F10/yr,0.10158640147930745,0.10563562440567113,0.10969169038362288,0.11113268545801872,0.11257600222077732,0.1140216406718987,0.11546960081138283,0.11691988263922977,0.11779746624205986,0.11867638419588879,0.11955663650071646,0.12043822315654297,0.12132114416336827,0.12067565556337338,0.12002888589605648,0.11938083516141755,0.11873150335945663,0.11808089049017371,0.11619703605213987,0.11430980321633966,0.11241919198277307,0.11052520235144014,0.10862783432234088,0.10607122221176188,0.1035101198679734,0.10094452729097539,0.09837444448076792,0.09579987143735096,0.09289296377080906,0.08998101244871058,0.08706401747105541,0.0841419788378436,0.0812148965490752,0.07891365332703029,0.07660842694444872,0.07429921740133048,0.07198602469767557,0.06966884883348398,0.06834768757007278,0.06702421707793141,0.06569843735705987,0.06437034840745814,0.06303995022912624,0.062105818314491586,0.061170041580368824,0.060232620026757944,0.05929355365365895,0.05835284246107183,0.05680535065852891,0.05525520948594768,0.05370241894332813,0.052146979030670275,0.050588889747974104,0.048556071086493964,0.04651982262143053,0.04448014435278379,0.04243703628055374,0.0403904984047404,0.038658649791913996,0.036926801179087594,0.03519495256626119,0.03346310395343479,0.03173125534060839,0.03046257177980131,0.029193888218994237,0.027925204658187156,0.026656521097380082,0.025387837536573008,0.024977970052215772,0.024568102567858532,0.0241582350835013,0.023748367599144057,0.023338500114786824,0.02425139247764301,0.025164284840499193,0.026077177203355378,0.026990069566211562,0.027902961929067747
WITCH 6.0,SSP5 - Medium-Low Emissions_a,World,Emissions|C5F12,kt C5F12/yr,0.06138279350541075,0.06382950498575575,0.06628035132683466,0.06715106140028844,0.06802317433588992,0.0688966901336391,0.06977160879353596,0.07064793031558055,0.07117820338650162,0.07170928272864238,0.07224116834200281,0.07277386022658293,0.07330735838238271,0.07291732691294776,0.07252652136854068,0.07213494174916146,0.07174258805481014,0.0713494602854867,0.07021115588371458,0.06907081011135104,0.06792842296839602,0.06678399445484956,0.06563752457071165,0.06409271157436716,0.06254518538950654,0.060994946016129765,0.05944199345423686,0.05788632770382784,0.0561298513404931,0.0543703273874905,0.05260775584482001,0.05084213671248163,0.04907346999047539,0.04768296166015244,0.04629004653603465,0.04489472461812201,0.043496995906414516,0.04209686040091218,0.04129855897632794,0.04049886221823216,0.03969777012662485,0.03889528270150598,0.038091399942875574,0.037526957994072886,0.036961522175878996,0.0363950924882939,0.035827668931317606,0.03525925150495011,0.03432419161126781,0.03338753085633231,0.0324492692401436,0.031509406762701676,0.030567943424006552,0.029339628548053415,0.028109241239943496,0.026876781499676792,0.025642249327253296,0.02440564472267302,0.02335918865930504,0.022312732595937062,0.021266276532569083,0.0202198204692011,0.019173364405833122,0.018406772225160274,0.017640180044487423,0.01687358786381457,0.016106995683141723,0.015340403502468873,0.015092744260773939,0.014845085019079003,0.01459742577738407,0.014349766535689134,0.0141021072939942,0.014653715408720873,0.015205323523447545,0.015756931638174217,0.01630853975290089,0.016860147867627562
WITCH 6.0,SSP5 - Medium-Low Emissions_a,World,Emissions|C7F16,kt C7F16/yr,0.1864530221896798,0.19388501939743635,0.20132957643240415,0.2039743978127173,0.20662348045049714,0.20927682434574374,0.211934429498457,0.21459629590863707,0.2162070244371509,0.21782020205110103,0.2194358287504874,0.22105390453531013,0.2226744294055691,0.2214896911088538,0.2203026015242659,0.2191131606518054,0.21792136849147237,0.21672722504326675,0.21326957374130187,0.20980572168348266,0.20633566886980906,0.2028594153002811,0.19937696097489885,0.19468452136051512,0.18998384031282878,0.18527491783183977,0.18055775391754816,0.17583234856995394,0.17049697186834403,0.1651523379747506,0.15979844688917347,0.15443529861161273,0.14906289314206841,0.14483916095650431,0.14060811802551448,0.13636976434909898,0.13212409992725774,0.1278711247599908,0.12544624793813458,0.12301713272738575,0.12058377912774436,0.11814618713921035,0.11570435676178374,0.11398983871536057,0.11227230174553772,0.11055174585231517,0.10882817103569295,0.10710157729567103,0.10426129041478711,0.10141614084516389,0.09856612858680132,0.09571125363969943,0.09285151600385821,0.08912045379989032,0.08538309648915311,0.08163944407164658,0.07788949654737072,0.07413325391632555,0.07095459611238453,0.06777593830844349,0.06459728050450246,0.06141862270056142,0.05823996489662039,0.05591140634281604,0.053582847789011706,0.051254289235207355,0.04892573068140301,0.04659717212759867,0.045844895936663264,0.045092619745727855,0.04434034355479246,0.04358806736385704,0.04283579117292165,0.04451132586565396,0.046186860558386285,0.0478623952511186,0.04953792994385092,0.05121346463658324
WITCH 6.0,SSP5 - Medium-Low Emissions_a,World,Emissions|C8F18,kt C8F18/yr,0.13663756786871273,0.14208392647931148,0.14753948925417013,0.14947768235294182,0.1514189982107306,0.15336343682753656,0.15531099820335964,0.15726168233819987,0.15844206561141377,0.15962424363739486,0.160808216416143,0.16199398394765838,0.16318154623194087,0.1623133395516575,0.1614434097871758,0.16057175693849574,0.15969838100561734,0.15882328198854062,0.156289426227501,0.15375102639316648,0.15120808248553702,0.1486605945046127,0.14610856245039347,0.142669822070911,0.1392250421572392,0.135774222709378,0.13231736372732744,0.12885446521108757,0.12494456400589422,0.12102787889243771,0.11710440987071792,0.11317415694073492,0.10923712010248872,0.10614186057605865,0.10304124354744093,0.09993526901663558,0.09682393698364254,0.09370724744846186,0.09193023537631327,0.09015011730382656,0.08836689323100175,0.08658056315783878,0.0847911270843377,0.08353468418424913,0.08227602893948484,0.08101516135004481,0.07975208141592907,0.07848678913713758,0.07640535389465283,0.0743203551488532,0.07223179289973868,0.07013966714730926,0.06804397789156495,0.06530975959287508,0.0625709280781143,0.059827483347282634,0.05707942540038004,0.05432675423740656,0.05199735208389485,0.04966794993038315,0.047338547776871444,0.04500914562335973,0.04267974346984802,0.04097331590061271,0.039266888331377404,0.03756046076214209,0.03585403319290678,0.03414760562367147,0.033596318291946786,0.03304503096022209,0.032493743628497405,0.03194245629677271,0.031391168965048025,0.032619043861394255,0.033846918757740485,0.03507479365408672,0.03630266855043295,0.03753054344677919
WITCH 6.0,SSP5 - Medium-Low Emissions_a,World,Emissions|cC4F8,kt cC4F8/yr,2.2485990409858565,2.275689733552629,2.302645218405658,2.300437782695206,2.2982188684084113,2.2959884755452737,2.2937466041057935,2.291493254089971,2.3129318149876403,2.3342567745947616,2.3554681329113363,2.376565889937363,2.3975500456728422,2.420760072030304,2.4438463080670734,2.46680875378315,2.4896474091785348,2.5123622742532272,2.506071974921953,2.4997850560891184,2.493501517754724,2.4872213599187707,2.480944582581257,2.4550781037554574,2.429302238186887,2.4036169858755447,2.3780223468214317,2.3525183210245473,2.3204308738515893,2.288464088681699,2.2566179655148755,2.2248925043511196,2.1932877051904307,2.1739541125964057,2.1546858534023605,2.1354829276082947,2.116345335214209,2.097273076220103,2.092925415296558,2.088575566829307,2.084223530818348,2.079869307263682,2.075512896165309,1.9852487835569521,1.8953827757659105,1.8059148727921837,1.7168450746357713,1.6281733812966739,1.576871986589969,1.525794387477702,1.4749405839598728,1.4243105760364805,1.3739043637075257,1.3510721726543593,1.328333293790711,1.3056877271165819,1.2831354726319713,1.2606765303368797,1.249836925295848,1.2389973202548161,1.2281577152137846,1.2173181101727528,1.206478505131721,1.2058472904918338,1.2052160758519466,1.204584861212059,1.2039536465721719,1.2033224319322846,1.2080756533010626,1.2128288746698408,1.2175820960386192,1.2223353174073972,1.2270885387761754,1.2394598908773424,1.2518312429785092,1.2642025950796765,1.2765739471808435,1.2889452992820105
WITCH 6.0,SSP5 - Medium-Low Emissions_a,World,Emissions|SO2F2,kt SO2F2/yr,4.594032521920711,4.649380549925981,4.704452339872429,4.699942406683353,4.695409022024245,4.690852185895105,4.686271898295934,4.681668159226731,4.725468518557975,4.769036783143202,4.8123729529824155,4.855477028075614,4.898349008422798,4.945768585669467,4.992935251325945,5.039849005392231,5.086509847868324,5.132917778754227,5.120066292484882,5.107221712791362,5.094384039673665,5.081553273131793,5.068729413165745,5.015882532602638,4.963220780754362,4.910744157620915,4.858452663202299,4.806346297498513,4.740789578327561,4.67547937939261,4.610415700693655,4.5455985422307,4.481027904003745,4.441528130356428,4.402161837049004,4.362929024081472,4.3238296914538354,4.284863839166092,4.275981288158557,4.267094267858479,4.2582027782658525,4.24930681938068,4.240406391202961,4.05599100129721,3.872388965148417,3.6896002827565826,3.5076249541217046,3.326462979243785,3.2216509289819637,3.1172961075192167,3.013398514855544,2.9099581509909442,2.806975015925418,2.7603273805164097,2.7138703879145565,2.6676040381198587,2.621528331132316,2.57564326695193,2.5534972564024265,2.5313512458529233,2.5092052353034204,2.487059224753917,2.464913214204414,2.463623602080999,2.462333989957584,2.461044377834169,2.4597547657107537,2.4584651535873387,2.4681762906793843,2.4778874277714293,2.4875985648634753,2.4973097019555204,2.507020839047566,2.5322963073978393,2.5575717757481127,2.5828472440983865,2.60812271244866,2.6333981807989333
WITCH 6.0,SSP5 - Medium-Low Emissions_a,World,Emissions|HFC|HFC236fa,kt HFC236fa/yr,0.35429999999999995,0.37355159935757826,0.39301932678385165,0.41220382740017086,0.4315981809653478,0.45120238747938224,0.47101644694227446,0.4910403593540243,0.51017640044853,0.529508920160776,0.5490379184907623,0.568763395438489,0.5886853510039559,0.6072734262131194,0.6260398857598611,0.644984729644181,0.6641079578660789,0.683409570425555,0.7009910219577007,0.7187290547505989,0.7366236688042493,0.7546748641186524,0.7728826406938076,0.7892113942390674,0.8056740044004127,0.822270471177843,0.8390007945713586,0.8558649745809592,0.870159412433002,0.8845583445160587,0.899061770830129,0.9136696913752128,0.9283821061513103,0.9425306667220733,0.9567766548077247,0.9711200704082645,0.9855609135236929,1.0000991841540094,1.0162089381377082,1.0324313040429358,1.0487662818696923,1.0652138716179786,1.0817740732877936,1.0299301819566036,0.977510824563074,0.9245160011072053,0.8709457115889973,0.81679995600845,0.7974692774849135,0.7779098374602925,0.7581216359345869,0.7381046729077975,0.7178589483799237,0.6078588605359542,0.4967739372243673,0.38460417844516315,0.2713495841983416,0.15701015448390265,0.1412503586697626,0.12549056285562254,0.10973076704148248,0.09397097122734242,0.07821117541320236,0.07786924934456847,0.07752732327593459,0.07718539720730071,0.07684347113866681,0.07650154507003294,0.07741950500912201,0.07833746494821109,0.07925542488730014,0.08017338482638922,0.08109134476547829,0.08205865240156597,0.08302596003765364,0.08399326767374131,0.08496057530982898,0.08592788294591665
WITCH 6.0,SSP5 - Medium-Low Emissions_a,World,Emissions|HFC|HFC152a,kt HFC152a/yr,54.8699,55.0902586323165,55.31061726463299,55.94958013718348,56.588543009733975,57.22750588228447,57.86646875483496,58.50543162738545,59.10148945998625,59.69754729258704,60.29360512518783,60.88966295778863,61.48572079038943,61.99682676459153,62.50793273879364,63.01903871299574,63.53014468719784,64.04125066139994,64.48989641727023,64.93854217314055,65.38718792901084,65.83583368488114,66.28447944075144,66.68737777836878,67.09027611598611,67.49317445360346,67.8960727912208,68.29897112883813,68.61517804658591,68.93138496433367,69.24759188208145,69.56379879982921,69.88000571757699,70.19708512793282,70.51416453828867,70.8312439486445,71.14832335900034,71.46540276935617,71.85305581929258,72.24070886922897,72.62836191916537,73.01601496910178,73.40366801903818,73.13104195679854,72.85841589455889,72.58578983231925,72.31316377007961,72.04053770783996,72.253579694698,72.46662168155603,72.6796636684141,72.89270565527212,73.10574764213018,73.4710401559009,73.83633266967163,74.20162518344236,74.56691769721309,74.93221021098381,75.45571171500993,75.97921321903605,76.50271472306216,77.02621622708827,77.5497177311144,77.75263770510776,77.95555767910113,78.15847765309448,78.36139762708785,78.56431760108121,78.89513087860698,79.22594415613273,79.5567574336585,79.88757071118425,80.21838398871002,80.48118126522822,80.74397854174642,81.0067758182646,81.2695730947828,81.532370371301
WITCH 6.0,SSP5 - Medium-Low Emissions_a,World,Emissions|HFC|HFC365mfc,kt HFC365mfc/yr,5.241899999999999,5.318919695323188,5.394721776894318,5.4947954946909485,5.593357498067343,5.690407787023503,5.7859463615594295,5.8799732216751215,5.960982096286411,6.040615961747141,6.11887481805731,6.195758665216919,6.271267503225966,6.349764642156059,6.426833344817729,6.502473611210972,6.576685441335789,6.649468835192179,6.728113677946032,6.805238003749359,6.8808418126021555,6.954925104504425,7.0274878794561655,7.089799577742015,7.150704633289715,7.210203046099266,7.268294816170669,7.324979943503923,7.349541762275205,7.373111085624676,7.395687913552339,7.417272246058189,7.43786408314223,7.446736931360929,7.454766952428501,7.461954146344943,7.468298513110258,7.473800052724442,7.490240652496685,7.505668088977912,7.520082362168128,7.5334834720673305,7.545871418675521,7.495530137741442,7.445101409673648,7.394585234472135,7.3439816121369095,7.293290542667965,7.318943657000646,7.343318215061109,7.36641421684936,7.388231662365392,7.4087705516092095,7.4271762681809665,7.444317286723361,7.460193607236389,7.4748052297200545,7.488152154174353,7.571466311240647,7.65478046830694,7.738094625373233,7.8214087824395255,7.904722939505819,7.959014472796144,8.01330600608647,8.067597539376795,8.12188907266712,8.176180605957445,8.176382638819335,8.176584671681224,8.176786704543112,8.176988737405,8.17719077026689,8.170917792239601,8.164644814212313,8.158371836185022,8.152098858157732,8.145825880130444
WITCH 6.0,SSP5 - Medium-Low Emissions_a,World,Emissions|CH2Cl2,kt CH2Cl2/yr,1612.1255576209262,1632.6393464063597,1652.8288302042552,1679.482936030549,1705.734404710714,1731.5832362447507,1757.0294306326598,1782.0729878744407,1803.6492734796805,1824.8593326648563,1845.7031654299678,1866.1807717750157,1886.2921516999988,1907.1994497815579,1927.7262914125827,1947.872676593072,1967.638605323027,1987.0240776024461,2007.9707158168208,2028.5123723776467,2048.6490472849237,2068.3807405386515,2087.7074521388313,2104.3038436479615,2120.525583298163,2136.3726710894357,2151.84510702178,2166.942891095196,2173.4848017109925,2179.762366416719,2185.7755852123755,2191.5244580979615,2197.008985073478,2199.3722213018195,2201.5109749729622,2203.4252460869047,2205.1150346436484,2206.580340643192,2210.9592075007977,2215.0682236706048,2218.9073891526136,2222.476703946824,2225.776168053236,2212.3680339397924,2198.9366087444587,2185.4818924672345,2172.00388510812,2158.502586667115,2165.335158087983,2171.827192803162,2177.9786908126525,2183.7896521164535,2189.2600767145655,2194.162342045702,2198.7277617408904,2202.956335800129,2206.8480642234194,2210.40294701076,2232.593232414029,2254.7835178172977,2276.9738032205664,2299.164088623835,2321.3543740271043,2335.8146369777905,2350.274899928477,2364.7351628791635,2379.19542582985,2393.6556887805364,2393.709499165518,2393.7633095505,2393.817119935481,2393.870930320463,2393.9247407054445,2392.253966161771,2390.5831916180973,2388.9124170744235,2387.24164253075,2385.5708679870763
WITCH 6.0,SSP5 - Medium-Low Emissions_a,World,Emissions|CHCl3,kt CHCl3/yr,400.4993804646773,406.058513662432,411.62704160973476,413.6053677482437,415.58688130692855,417.57158228578936,419.559470684826,421.5505465040387,422.7553712886991,423.9620279890307,425.1705166050334,426.3808371367073,427.59298958405236,426.7068054518722,425.81886255658907,424.929160898203,424.03770047671406,423.14448129212224,420.55815845026865,417.96719744363145,415.3715982722106,412.7713609360061,410.16648543501793,406.6565410540439,403.1404320817509,399.6181585181388,396.0897203632078,392.5551176169577,388.56425635647565,384.5664707172788,380.56176069936697,376.5501263027404,372.531567527399,369.372216258175,366.2073965520746,363.0371084090978,359.8613518292446,356.6801268125149,354.8663191826119,353.04934123822414,351.2291929793518,349.4058744059947,347.579385518153,346.29692618406267,345.01220869555925,343.72523305264275,342.4359992553132,341.14450730357055,339.019972989404,336.8918013845273,334.7599924889406,332.62454630264375,330.48546282563683,327.69462865533893,324.89908574578203,322.09883409696613,319.2938737088913,316.48420458155744,314.1065688494357,311.728933117314,309.3512973851923,306.97366165307056,304.5960259209489,302.85426434629983,301.1125027716508,299.3707411970017,297.62897962235263,295.8872180477036,295.32451552912016,294.76181301053674,294.1991104919533,293.63640797336996,293.07370545478653,294.3270052440594,295.5803050333323,296.8336048226052,298.0869046118781,299.34020440115097
WITCH 6.0,SSP5 - Medium-Low Emissions_a,World,Emissions|NF3,kt NF3/yr,4.010291370035125,4.045985226260619,4.080773574746013,4.161543618136395,4.240734240070853,4.318345440549388,4.394377219571998,4.468829577138684,4.495997161394565,4.522266736044199,4.547638301087588,4.572111856524727,4.595687402355621,4.5819996198423985,4.567976980743625,4.553619485059297,4.538927132789416,4.523899923933983,4.466303747023925,4.409053091440571,4.35214795718392,4.295588344253972,4.2393742526507285,4.180744891806407,4.122507394113919,4.0646617595732675,4.00720798818445,3.950146079947467,3.8910199217713286,3.8323286602129216,3.774072295272244,3.7162508269492958,3.658864255244079,3.6091026754517275,3.559644243993602,3.510488960869701,3.4616368260800274,3.4130878396245783,3.363561210707481,3.3143623254842924,3.2654911839550116,3.2169477861196385,3.1687321319781745,2.9071576065466287,2.6502212396570513,2.3979230313094426,2.150262981503802,1.9072410902401298,1.809328657344916,1.7130703612473497,1.618466201947431,1.5255161794451597,1.4342202937405362,1.3935876554393096,1.35350966606006,1.3139863256027877,1.2750176340674917,1.2366035914541726,1.2142772423113557,1.1919508931685392,1.1696245440257225,1.1472981948829057,1.124971845740089,1.1037287901127983,1.0824857344855072,1.0612426788582165,1.0399996232309257,1.018756567603635,1.0000454275737765,0.9813342875439178,0.9626231475140593,0.9439120074842008,0.9252008674543423,0.9077962460332748,0.8903916246122071,0.8729870031911396,0.8555823817700722,0.8381777603490046
REMIND-MAgPIE 3.5-4.11,SSP1 - Very Low Emissions,World,Emissions|BC,Mt BC/yr,7.21924524460418,7.11754134284819,7.0169431838461325,6.859823397212763,6.698113043070032,6.531812121417936,6.360920632256477,6.185438575585665,5.858391965291448,5.5328395741539556,5.208781402173195,4.886217449349155,4.565147715681839,4.326278654595703,4.084768770219394,3.8406180625529345,3.593826531596287,3.3443941773494945,3.1555885916506914,2.9653843311065797,2.7737813957171698,2.5807797854824512,2.38637950040243,2.307553201962388,2.2285074041707493,2.149242107027517,2.069757310532681,1.990053014686253,1.967372285552095,1.9446915564179317,1.9220108272837741,1.8993300981496097,1.87664936901545,1.8304694889418283,1.7842896088682056,1.738109728794586,1.6919298487209689,1.6457499686473467,1.6224479148483992,1.5991458610494504,1.5758438072505048,1.5525417534515555,1.5292396996526092,1.5059376458536615,1.4826355920547156,1.4593335382557644,1.4360314844568172,1.4127294306578713,1.407204581039376,1.4016797314208755,1.3961548818023783,1.3906300321838834,1.3851051825653882,1.3795803329468908,1.3740554833283924,1.3685306337098964,1.3630057840913983,1.3574809344729017,1.3555819424589115,1.353682950444923,1.3517839584309315,1.3498849664169428,1.3479859744029532,1.346086982388963,1.3441879903749754,1.3422889983609851,1.3403900063469965,1.338491014333006,1.342705469378917,1.3469199244248296,1.3511343794707382,1.3553488345166516,1.3595632895625618,1.363777744608474,1.367992199654384,1.3722066547002951,1.3764211097462065,1.3806355647921185
REMIND-MAgPIE 3.5-4.11,SSP1 - Very Low Emissions,World,Emissions|CH4,Mt CH4/yr,363.48990132891083,363.261633350691,363.04360423160045,353.2903896216476,343.4928689777774,333.65104229998985,323.7649095882849,313.8344708426627,300.0152749829037,286.21364578947987,272.42958326239125,258.66308740163777,244.91415820721957,236.36329091880376,227.7882595529966,219.18906410979804,210.56570458920817,201.9181809912269,197.01200949395917,192.09329883018512,187.16204899990487,182.2182600031184,177.2619318398257,174.04700099736527,170.83054506930003,167.61256405563,164.39305795635516,161.1720267714755,159.08266670215477,156.9933066328341,154.9039465635134,152.81458649419267,150.72522642487198,148.2048396214552,145.68445281803838,143.1640660146216,140.64367921120478,138.12329240778797,135.62166784283477,133.1200432778815,130.6184187129283,128.1167941479751,125.61516958302187,123.11354501806865,120.61192045311543,118.11029588816221,115.60867132320898,113.10704675825576,112.49371286536876,111.88037897248176,111.26704507959477,110.65371118670774,110.04037729382074,109.42704340093374,108.81370950804674,108.20037561515973,107.58704172227272,106.97370782938572,106.25940373639452,105.54509964340332,104.83079555041215,104.11649145742095,103.40218736442976,102.68788327143857,101.97357917844738,101.25927508545618,100.54497099246498,99.8306668994738,99.17851685231074,98.52636680514766,97.87421675798458,97.22206671082151,96.56991666365843,95.91776661649536,95.26561656933228,94.6134665221692,93.96131647500611,93.30916642784305
REMIND-MAgPIE 3.5-4.11,SSP1 - Very Low Emissions,World,Emissions|CO,Mt CO/yr,774.0534343017323,768.0537513783923,762.2603492106294,751.0795383133507,739.0721291750345,726.2381217956812,712.5775161752905,698.0903123138626,678.2964764943832,658.8083359754977,639.6258907572062,620.7491408395085,602.1780862224048,579.9295545585103,557.215577794361,534.036155929957,510.39128896529803,486.2809769003844,468.803900485444,451.0837404976268,433.1204969369329,414.9141698033622,396.4647590969148,389.9239102514958,383.3502813865447,376.74387250206144,370.1046835980462,363.43271467449887,363.21701171208224,363.00130874966567,362.7856057872491,362.56990282483247,362.35419986241584,357.14006518769656,351.9259305129772,346.71179583825784,341.49766116353845,336.2835264888191,333.9579233955778,331.6323203023365,329.30671720909515,326.98111411585387,324.6555110226125,322.3299079293711,320.00430483612985,317.67870174288845,315.35309864964717,313.0274955564058,312.0883400219169,311.1491844874281,310.2100289529391,309.27087341845026,308.3317178839614,307.39256234947254,306.4534068149836,305.5142512804947,304.5750957460059,303.635940211517,303.22959766615054,302.823255120784,302.41691257541754,302.010570030051,301.6042274846845,301.197884939318,300.79154239395154,300.38519984858505,299.97885730321855,299.57251475785205,300.26712171625115,300.9617286746501,301.65633563304914,302.35094259144824,303.0455495498473,303.74015650824634,304.43476346664545,305.12937042504444,305.82397738344355,306.5185843418426
REMIND-MAgPIE 3.5-4.11,SSP1 - Very Low Emissions,World,Emissions|CO2|Energy and Industrial Processes,Mt CO2/yr,38712.21703981296,39022.31084938593,39336.416033642876,38564.961339843394,37791.06592050296,37014.72977562159,36235.95290519927,35454.73530923601,32928.43758980448,30389.971731979458,27839.337735760968,25276.535601148997,22701.565328143537,20662.375268206073,18606.4811212576,16533.882887298107,14444.580566327595,12338.574158346064,10987.639350480265,9634.207935692513,8278.279913982813,6919.855285351163,5558.934049797563,4860.915429300556,4161.4566775745725,3460.5577946196167,2758.218780435686,2054.4396350227835,1786.5010120058892,1518.5623889889957,1250.623765972102,982.6851429552086,714.7465199383146,508.153887236687,301.5612545350592,94.96862183343103,-111.6240108681963,-318.21664356982416,-363.56958686896746,-408.92253016811094,-454.2754734672543,-499.6284167663976,-544.9813600655406,-590.3343033646842,-635.6872466638272,-681.0401899629705,-726.3931332621137,-771.746076561257,-799.9101055893033,-828.0741346173505,-856.2381636453971,-884.4021926734436,-912.5662217014901,-940.7302507295369,-968.8942797575833,-997.0583087856302,-1025.2223378136769,-1053.3863668417232,-1046.115500427149,-1038.844634012575,-1031.5737675980013,-1024.3029011834271,-1017.0320347688531,-1009.7611683542789,-1002.490301939705,-995.2194355251311,-987.9485691105571,-980.6777026959832,-988.8926587836739,-997.1076148713648,-1005.3225709590563,-1013.5375270467471,-1021.7524831344384,-1029.9674392221298,-1038.1823953098208,-1046.3973513975116,-1054.612307485203,-1062.8272635728943
REMIND-MAgPIE 3.5-4.11,SSP1 - Very Low Emissions,World,Emissions|N2O,kt N2O/yr,11289.003670665756,11411.888302327681,11535.187393438353,11364.32373877564,11191.69820683836,11017.310797626507,10841.161511140082,10663.250347379086,10278.65931974552,9894.675459312914,9511.298766081269,9128.529240050586,8746.366881220865,8469.56420592994,8191.761684179596,7912.959315969833,7633.157101300652,7352.35504017205,7134.599903693864,6916.313115229149,6697.494674777904,6478.144582340132,6258.262837915829,6115.741477981978,5973.140918894958,5830.461160654771,5687.702203261415,5544.864046714891,5485.933343274858,5427.0026398348255,5368.071936394793,5309.141232954759,5250.210529514727,5176.264915470376,5102.319301426026,5028.373687381676,4954.428073337326,4880.482459292976,4802.403883382498,4724.32530747202,4646.246731561541,4568.168155651062,4490.089579740585,4412.011003830106,4333.932427919627,4255.853852009149,4177.77527609867,4099.696700188192,4070.425401601204,4041.154103014216,4011.8828044272286,3982.6115058402397,3953.340207253252,3924.0689086662633,3894.7976100792753,3865.5263114922873,3836.2550129052993,3806.9837143183113,3772.393833299174,3737.803952280036,3703.214071260898,3668.62419024176,3634.0343092226226,3599.444428203485,3564.854547184347,3530.264666165209,3495.674785146072,3461.084904126934,3432.840821262987,3404.59673839904,3376.3526555350927,3348.108572671146,3319.8644898071975,3291.62040694325,3263.3763240793032,3235.132241215356,3206.8881583514085,3178.644075487461
REMIND-MAgPIE 3.5-4.11,SSP1 - Very Low Emissions,World,Emissions|NH3,Mt NH3/yr,69.11340089954984,69.83480620110991,70.55203755554506,70.02479913228356,69.47890750776405,68.91436268198642,68.33116465495075,67.72931342665699,65.84359273856703,63.95969416737737,62.077617713088,60.19736337569897,58.31893115521025,56.96110057038109,55.60314393961446,54.24506126291034,52.88685254026872,51.52851777168963,50.40815891515964,49.28819561187763,48.16862786184361,47.04945566505759,45.93067902151956,45.047613198782855,44.167655400305776,43.290805626088336,42.417063876130484,41.54643015043226,41.1853596210593,40.82428909168635,40.46321856231339,40.102148032940434,39.74107750356749,39.292001108390615,38.84292471321375,38.39384831803687,37.94477192286001,37.49569552768314,37.04667518352672,36.597654839370314,36.1486344952139,35.699614151057474,35.250593806901065,34.80157346274465,34.35255311858823,33.903532774431824,33.4545124302754,33.005492086118984,32.96552155996986,32.92555103382074,32.88558050767162,32.845609981522486,32.80563945537337,32.76566892922424,32.725698403075114,32.68572787692598,32.64575735077686,32.60578682462774,32.52499223383377,32.444197643039814,32.36340305224585,32.282608461451886,32.201813870657915,32.12101927986396,32.040224689069994,31.95943009827603,31.878635507482066,31.7978409166881,31.76912068555522,31.740400454422335,31.71168022328945,31.68295999215657,31.654239761023685,31.625519529890806,31.596799298757915,31.568079067625035,31.539358836492152,31.51063860535927
REMIND-MAgPIE 3.5-4.11,SSP1 - Very Low Emissions,World,Emissions|NOx,Mt NO2/yr,127.51049405918616,126.24690115541961,124.98641267591104,122.33424543823999,119.66522037080352,116.97933747360163,114.27659674663434,111.55699818990163,105.39817142119708,99.24289939619887,93.09118211490693,86.94301957732131,80.79841178344199,76.49086970372095,72.17506231260549,67.85098961009567,63.51865159619146,59.1780482708929,56.164483782346515,53.14856814264965,50.13030135180229,47.10968340980445,44.086714316656106,42.01965201161868,39.95150063276675,37.88226018010028,35.811930653619314,33.74051205332382,32.35489997174027,30.969287890156718,29.583675808573172,28.198063726989623,26.812451645406078,25.54460807795237,24.27676451049866,23.008920943044956,21.741077375591246,20.47323380813754,19.95752628360699,19.441818759076444,18.9261112345459,18.410403710015352,17.8946961854848,17.378988660954256,16.863281136423705,16.347573611893154,15.831866087362608,15.316158562832065,15.236706927945583,15.157255293059102,15.07780365817262,14.998352023286138,14.918900388399653,14.839448753513171,14.759997118626687,14.680545483740204,14.601093848853722,14.521642213967244,14.493897958248517,14.466153702529787,14.438409446811065,14.410665191092336,14.382920935373612,14.355176679654882,14.327432423936154,14.299688168217429,14.2719439124987,14.244199656779973,14.252843297214103,14.261486937648229,14.270130578082357,14.278774218516483,14.287417858950615,14.296061499384741,14.304705139818871,14.313348780252996,14.321992420687122,14.330636061121252
REMIND-MAgPIE 3.5-4.11,SSP1 - Very Low Emissions,World,Emissions|OC,Mt OC/yr,34.14789091300629,33.96388534808368,33.78934210438337,33.23028193078588,32.63010460116376,31.98881011551703,31.306398473845675,30.582869676149723,29.904188036841347,29.23984822500595,28.589850240643543,27.95419408375411,27.33287975433767,26.388605695025987,25.421054652105497,24.430226625576218,23.416121615438126,22.378739621691242,21.525629427357348,20.660076740929142,19.78208156240663,18.891643891789784,17.988763729078656,17.639452534716703,17.288265091078372,16.935201398163677,16.580261455972597,16.223445264505155,16.245206192839508,16.266967121173856,16.288728049508208,16.31048897784256,16.332249906176912,16.09118614552087,15.850122384864818,15.609058624208771,15.367994863552724,15.126931102896684,15.055310606649341,14.983690110401998,14.912069614154651,14.840449117907308,14.768828621659964,14.697208125412622,14.62558762916528,14.553967132917933,14.48234663667059,14.41072614042325,14.369709754368602,14.328693368313953,14.287676982259304,14.246660596204658,14.205644210150005,14.16462782409536,14.123611438040712,14.08259505198606,14.041578665931413,14.000562279876764,13.985382812046769,13.97020334421678,13.955023876386782,13.93984440855679,13.924664940726798,13.909485472896804,13.89430600506681,13.879126537236818,13.863947069406821,13.84876760157683,13.88950228324152,13.930236964906214,13.970971646570904,14.0117063282356,14.05244100990029,14.093175691564984,14.133910373229675,14.174645054894368,14.215379736559061,14.256114418223751
REMIND-MAgPIE 3.5-4.11,SSP1 - Very Low Emissions,World,Emissions|Sulfur,Mt SO2/yr,71.9020378409034,70.30556144301991,68.70988684080851,66.53511431510199,64.35685865814827,62.17511986994732,59.98989795049914,57.80119289980372,52.839762126563826,47.879550612393665,42.92055835729323,37.96278536126252,33.00623162430156,30.99973785659228,28.991266301653845,26.98081695948625,24.968389830089492,22.953984913463593,22.095921070279978,21.236784203123683,20.376574311994723,19.51529139689306,18.652935457818735,18.397925696046652,18.142741872504004,17.88738398719079,17.631852040107006,17.37614603125266,17.034082832826044,16.69201963439944,16.349956435972828,16.00789323754622,15.665830039119609,15.191210645643508,14.716591252167415,14.241971858691322,13.767352465215225,13.292733071739132,12.318786576072267,11.344840080405408,10.370893584738548,9.396947089071688,8.423000593404826,7.449054097737967,6.475107602071107,5.50116110640424,4.52721461073738,3.5532681150705265,3.545987733168256,3.5387073512659812,3.531426969363708,3.524146587461436,3.5168662055591655,3.5095858236568915,3.5023054417546167,3.495025059852344,3.4877446779500736,3.4804642960478036,3.4727608299080783,3.465057363768354,3.4573538976286304,3.449650431488905,3.441946965349179,3.4342434992094573,3.4265400330697338,3.4188365669300085,3.411133100790286,3.4034296346505606,3.400484905631633,3.3975401766127025,3.394595447593776,3.391650718574846,3.3887059895559197,3.385761260536992,3.3828165315180634,3.379871802499135,3.376927073480207,3.373982344461279
REMIND-MAgPIE 3.5-4.11,SSP1 - Very Low Emissions,World,Emissions|VOC,Mt VOC/yr,191.24428648185568,192.59301747651855,193.99680894523985,193.1914536684937,192.2094045458006,191.05066157716055,189.71522476257354,188.2030941020395,184.89352545725194,181.64843871422516,178.46783387295915,175.35171093345383,172.30006989570936,168.11235500701807,163.81891096012885,159.41973775504172,154.91483539175664,150.30420387027365,147.06434890816436,143.7718275854761,140.42663990220893,137.0287858583628,133.57826545393775,132.66977553466953,131.7530430786838,130.82806808598048,129.89485055655962,128.95339049042119,127.90041791867534,126.84744534692949,125.79447277518366,124.7415002034378,123.68852763169197,121.59818644479671,119.50784525790144,117.41750407100616,115.32716288411089,113.23682169721565,112.17067210482924,111.10452251244283,110.03837292005643,108.97222332767002,107.90607373528363,106.83992414289722,105.77377455051081,104.7076249581244,103.641475365738,102.57532577335161,102.54957032268152,102.5238148720114,102.49805942134131,102.47230397067122,102.44654852000112,102.42079306933104,102.39503761866092,102.36928216799083,102.34352671732074,102.31777126665065,102.3160779355645,102.31438460447835,102.3126912733922,102.31099794230605,102.30930461121991,102.30761128013376,102.3059179490476,102.30422461796145,102.3025312868753,102.30083795578915,102.45920094994821,102.61756394410726,102.77592693826632,102.93428993242537,103.09265292658444,103.2510159207435,103.40937891490256,103.5677419090616,103.72610490322064,103.88446789737972
REMIND-MAgPIE 3.5-4.11,SSP1 - Very Low Emissions,World,Emissions|CO2|AFOLU,Mt CO2/yr,3627.550666666666,3353.4039882548814,3078.818710841536,2814.7567159877976,2550.273450335731,2285.3689138853388,2020.0431066366195,1754.296028589573,1364.3962581629858,973.8803960518837,582.7484422562668,191.00039677613475,-201.36374038851216,-533.9387149781544,-867.035043289386,-1200.6527253222062,-1534.791761076616,-1869.4521505526145,-2039.757136051697,-2210.3258969831472,-2381.158433346966,-2552.2547451431524,-2723.6148323717066,-2827.0823008519333,-2930.7074818548763,-3034.4903753805343,-3138.4309814289095,-3242.5293,-3248.0084,-3253.4875,-3258.9666,-3264.4457,-3269.9248,-3241.103,-3212.2812,-3183.4594,-3154.6376,-3125.8158,-3162.554090000001,-3199.29238,-3236.03067,-3272.76896,-3309.507250000001,-3346.24554,-3382.98383,-3419.72212,-3456.460410000001,-3493.1987,-3553.04416,-3612.88962,-3672.73508,-3732.58054,-3792.426,-3852.27146,-3912.11692,-3971.96238,-4031.80784,-4091.6533,-4130.74559,-4169.83788,-4208.93017,-4248.02246,-4287.114750000001,-4326.20704,-4365.29933,-4404.39162,-4443.483910000001,-4482.5762,-4504.950110000001,-4527.32402,-4549.69793,-4572.071840000001,-4594.445750000001,-4616.81966,-4639.19357,-4661.567480000001,-4683.94139,-4706.3153
REMIND-MAgPIE 3.5-4.11,SSP1 - Very Low Emissions,World,Emissions|C2F6,kt C2F6/yr,2.4318727086493497,2.332867536816386,2.2338623649834215,1.9888884338895243,1.743914502795627,1.4989405717017303,1.2539666406078331,1.0089927095139357,0.8968190445560165,0.7846453795980969,0.6724717146401774,0.560298049682258,0.4481243847243386,0.42469431327771223,0.40126424183108594,0.3778341703844596,0.35440409893783326,0.3309740274912069,0.31560740065629284,0.30024077382137876,0.2848741469864647,0.2695075201515506,0.25414089331663653,0.24211580110717387,0.2300907088977112,0.21806561668824853,0.20604052447878585,0.19401543226932316,0.18647623467005586,0.17893703707078853,0.1713978394715212,0.16385864187225394,0.1563194442729866,0.14878024667371928,0.14124104907445198,0.13370185147518465,0.12616265387591735,0.11862345627665002,0.11448160486797969,0.11033975345930934,0.10619790205063902,0.10205605064196868,0.09791419923329835,0.09377234782462801,0.08963049641595769,0.08548864500728734,0.081346793598617,0.07720494218994667,0.07475415518019099,0.07230336817043534,0.06985258116067966,0.067401794150924,0.06495100714116832,0.06250022013141264,0.06004943312165698,0.05759864611190131,0.05514785910214565,0.05269707209238997,0.050624731580180105,0.04855239106797024,0.04648005055576038,0.04440771004355052,0.04233536953134066,0.04026302901913079,0.03819068850692093,0.036118347994711066,0.0340460074825012,0.03197366697029134,0.031466148848573676,0.030958630726856007,0.030451112605138345,0.029943594483420682,0.02943607636170302,0.02892855823998535,0.02842104011826769,0.027913521996550027,0.027406003874832358,0.026898485753114695
REMIND-MAgPIE 3.5-4.11,SSP1 - Very Low Emissions,World,Emissions|C6F14,kt C6F14/yr,0.06299797716610878,0.06299797716610878,0.06299797716610878,0.05602632501170479,0.04905467285730081,0.04208302070289682,0.03511136854849284,0.028139716394088854,0.026165654775249007,0.024191593156409164,0.022217531537569318,0.02024346991872947,0.018269408299889624,0.01795441855512247,0.017639428810355313,0.017324439065588157,0.017009449320821,0.016694459576053845,0.016379469831286693,0.016064480086519534,0.015749490341752378,0.015434500596985222,0.015119510852218068,0.014804520825324134,0.014489530798430201,0.014174540771536267,0.013859550744642334,0.0135445607177484,0.013317768386464084,0.013090976055179771,0.012864183723895455,0.01263739139261114,0.012410599061326825,0.01218380673004251,0.011957014398758193,0.01173022206747388,0.011503429736189563,0.011276637404905249,0.01108764329002452,0.010898649175143793,0.010709655060263064,0.010520660945382338,0.010331666830501608,0.01014267271562088,0.009953678600740153,0.009764684485859425,0.009575690370978697,0.009386696256097967,0.009197702564407398,0.009008708872716827,0.008819715181026255,0.008630721489335684,0.008441727797645114,0.008252734105954543,0.008063740414263972,0.0078747467225734,0.00768575303088283,0.007496759339192259,0.007307765259577379,0.0071187711799625,0.006929777100347621,0.00674078302073274,0.00655178894111786,0.0063627948615029815,0.006173800781888102,0.005984806702273222,0.005795812622658342,0.005606818543043463,0.005417824710289508,0.005228830877535553,0.005039837044781598,0.0048508432120276425,0.004661849379273688,0.004472855546519733,0.004283861713765777,0.004094867881011823,0.0039058740482578675,0.0037168802155039126
REMIND-MAgPIE 3.5-4.11,SSP1 - Very Low Emissions,World,Emissions|CF4,kt CF4/yr,15.117718127834522,14.835494069101001,14.550854554067199,13.328109980206301,12.096284291470814,10.85537748786074,9.605389569376078,8.346320536016824,7.5568865318687015,6.76172201484022,5.960826984931381,5.154201442142182,4.341845386472624,4.148645988185323,3.954014536875029,3.757951032541739,3.5604554751854542,3.3615278648061757,3.26256445445873,3.162854681579638,3.0623985461688985,2.961196048226512,2.859247187752479,2.768811216701197,2.6777104078338416,2.5859447611504116,2.493514276650908,2.400418954335331,2.3525404728131223,2.3042972795815246,2.255689374640538,2.2067167579901623,2.1573794296303976,2.1076773895612435,2.057610637782701,2.0071791742947687,1.9563829990974477,1.9052221121907378,1.8796836663511758,1.8539451150261028,1.828006458215519,1.801867695919425,1.77552882813782,1.7489898548707046,1.7222507761180783,1.6953115918799415,1.668172302156294,1.6408329069471357,1.6200132310600421,1.5990347073300932,1.5778973357572887,1.556601116341629,1.5351460490831133,1.5135321339817427,1.4917593710375163,1.4698277602504346,1.4477373016204977,1.425487995147705,1.4004462003707885,1.3754044055938721,1.3503626108169555,1.3253208160400392,1.3002790212631226,1.275237226486206,1.2501954317092896,1.225153636932373,1.2001118421554566,1.17507004737854,1.1564181208610536,1.1377661943435669,1.1191142678260801,1.1004623413085937,1.0818104147911072,1.0631584882736205,1.0445065617561338,1.0258546352386473,1.0072027087211608,0.9885507822036741
REMIND-MAgPIE 3.5-4.11,SSP1 - Very Low Emissions,World,Emissions|HFC|HFC125,kt HFC125/yr,124.07430000000001,126.75175365383667,129.3632743533173,118.47775647955719,107.76623877151256,97.22872122918342,86.8652038525698,76.6756866416717,63.54052686370918,50.637701730430834,37.967211241836715,25.52905539792679,13.32323419870106,11.942121859768882,10.585563120062078,9.253557979580645,7.9461064383245805,6.663208496293889,6.780258037414139,6.893489987114926,7.00290434539625,7.108501112258115,7.210280287700515,7.312226874048031,7.410269198055798,7.504407259723812,7.594641059052078,7.680970596040595,7.753845851055882,7.8230364927757945,7.888542521200339,7.950363936329511,8.008500738163312,8.062952926701742,8.113720501944801,8.160803463892488,8.204201812544804,8.243915547901748,8.285945236049168,8.324134365114885,8.358482935098902,8.388990946001222,8.41565839782184,8.438485290560758,8.457471624217979,8.472617398793497,8.483922614287318,8.491387270699436,8.482843443847399,8.470822512365231,8.455324476252933,8.436349335510508,8.413897090137953,8.387967740135268,8.358561285502457,8.325677726239514,8.289317062346443,8.249479293823242,8.324626064300537,8.399772834777831,8.474919605255128,8.550066375732422,8.625213146209717,8.700359916687011,8.775506687164306,8.850653457641602,8.925800228118897,9.000946998596191,9.051725101470947,9.102503204345703,9.153281307220459,9.204059410095216,9.25483751296997,9.305615615844726,9.356393718719483,9.407171821594238,9.457949924468995,9.50872802734375
REMIND-MAgPIE 3.5-4.11,SSP1 - Very Low Emissions,World,Emissions|HFC|HFC134a,kt HFC134a/yr,291.7886,300.16359328290633,308.53858656581264,282.702866724526,256.86714688323946,231.03142704195292,205.19570720066633,179.35998735937977,149.8715221890541,120.38305701872845,90.89459184840278,61.40612667807712,31.917661507751465,28.955254521253046,25.992847534754628,23.030440548256205,20.068033561757787,17.105626575259368,17.559912149904342,18.01419772454932,18.468483299194293,18.92276887383927,19.377054448484245,19.839350111093857,20.30164577370347,20.763941436313086,21.2262370989227,21.68853276153231,22.128499016272674,22.56846527101304,23.0084315257534,23.448397780493767,23.88836403523413,24.3283302899745,24.768296544714865,25.208262799455227,25.648229054195593,26.088195308935955,26.548316798329402,27.008438287722843,27.468559777116287,27.928681266509734,28.388802755903182,28.848924245296622,29.309045734690066,29.769167224083514,30.229288713476954,30.689410202870402,31.10555789311266,31.521705583354922,31.937853273597177,32.35400096383944,32.770148654081694,33.18629634432396,33.60244403456622,34.01859172480847,34.434739415050736,34.85088710529299,35.1601250123367,35.4693629193804,35.77860082642411,36.08783873346781,36.397076640511514,36.70631454755522,37.015552454598925,37.324790361642634,37.634028268686336,37.94326617573004,38.15092717299406,38.35858817025808,38.566249167522095,38.773910164786116,38.98157116205014,39.18923215931415,39.39689315657818,39.6045541538422,39.812215151106216,40.01987614837024
REMIND-MAgPIE 3.5-4.11,SSP1 - Very Low Emissions,World,Emissions|HFC|HFC143a,kt HFC143a/yr,35.833800000000004,36.928308362001495,38.022816724002986,35.134357184872854,32.24589764574272,29.357438106612587,26.468978567482456,23.580519028352327,19.723686358202016,15.866853688051703,12.010021017901392,8.153188347751081,4.296355677600769,3.8887577879664255,3.4811598983320824,3.0735620086977384,2.665964119063395,2.2583662294290514,2.3217396396094263,2.385113049789801,2.4484864599701766,2.5118598701505515,2.575233280330927,2.640045070051149,2.704856859771371,2.7696686494915927,2.8344804392118146,2.899292228932037,2.960458133386383,3.021624037840728,3.0827899422950735,3.143955846749419,3.2051217512037646,3.2662876556581106,3.3274535601124557,3.3886194645668017,3.449785369021147,3.510951273475493,3.5747057634936636,3.6384602535118336,3.7022147435300043,3.7659692335481747,3.8297237235663455,3.8934782135845163,3.957232703602686,4.020987193620857,4.084741683639027,4.148496173657198,4.206217284979138,4.263938396301078,4.321659507623018,4.379380618944958,4.437101730266897,4.494822841588837,4.552543952910777,4.610265064232716,4.667986175554657,4.725707286876596,4.768755112086818,4.811802937297039,4.854850762507261,4.897898587717482,4.940946412927704,4.9839942381379245,5.027042063348146,5.0700898885583685,5.11313771376859,5.156185538978811,5.185273647805079,5.214361756631348,5.243449865457617,5.2725379742838845,5.301626083110153,5.330714191936422,5.3598023007626905,5.388890409588958,5.417978518415227,5.447066627241496
REMIND-MAgPIE 3.5-4.11,SSP1 - Very Low Emissions,World,Emissions|HFC|HFC227ea,kt HFC227ea/yr,6.6453,6.9626160216389685,7.277135541785411,6.234702455305936,5.2005649550123625,4.17472304090469,3.157176712982918,2.147925971247045,1.7689874592172128,1.3931429889669826,1.020392560496355,0.6507361738053301,0.28417382889390735,0.29146715441327564,0.29868786720025065,0.30583596725483253,0.3129114545770211,0.3199143291668165,0.3258026203048587,0.3316273922941293,0.3373886451346284,0.3430863788263559,0.34872059336931194,0.3542912957896385,0.3597984789985067,0.36524214299591645,0.37062228778186773,0.3759389133563605,0.3782590020303001,0.38054233673778215,0.38278891747880656,0.3849987442533735,0.3871718170614829,0.38930813590313473,0.3914077007783289,0.3934705116870656,0.39549656862934485,0.39748587160516635,0.3960833336301235,0.39467612228271204,0.3932642375629322,0.39184767947078375,0.39042644800626686,0.38900054316938154,0.3875699649601276,0.3861347133785052,0.38469478842451427,0.38325019009815486,0.38075401373293466,0.3782636768734613,0.3757791795197348,0.3733005216717549,0.37082770332952203,0.3683607244930358,0.3658995851622964,0.36344428533730383,0.3609948250180581,0.35855120420455905,0.35732452273368803,0.35609784126281707,0.35487115979194606,0.35364447832107504,0.3524177968502041,0.35119111537933306,0.34996443390846205,0.34873775243759103,0.34751107096672007,0.34628438949584905,0.34474467039108225,0.34320495128631545,0.34166523218154865,0.34012551307678185,0.33858579397201505,0.33704607486724825,0.33550635576248145,0.33396663665771464,0.33242691755294784,0.33088719844818104
REMIND-MAgPIE 3.5-4.11,SSP1 - Very Low Emissions,World,Emissions|HFC|HFC23,kt HFC23/yr,14.051843086776302,13.314767872145797,12.587059786629661,10.554414419536906,8.550844611415872,6.576350362266559,4.630931672088965,2.7145885408830908,2.3088053560004838,1.9090171279419097,1.5152238567073677,1.127425542296859,0.745622184710383,0.7100421046041728,0.6749416217767892,0.640320736228232,0.6061794479585013,0.5725177569675972,0.5450128940503023,0.5178917088659576,0.4911542014145629,0.4648003716961182,0.43883021971062364,0.41759372079979884,0.3966641634595747,0.3760415476899513,0.35572587349092843,0.33571714086250626,0.31828797096738326,0.30112380263148797,0.28422463585482044,0.2675904706373806,0.25122130697916845,0.23511714488018404,0.2192779843404273,0.20370382535989834,0.18839466793859702,0.17335051207652344,0.16344939576614265,0.15371410855109696,0.14414465043138638,0.13474102140701097,0.1255032214779707,0.11643125064426549,0.10752510890589542,0.0987847962628605,0.09021031271516071,0.081801658262796,0.07683674103945087,0.0719634709866874,0.0671818481045056,0.06249187239290548,0.057893543851887046,0.05338686248145029,0.0489718282815952,0.04464844125232179,0.040416701393630065,0.036276608705520005,0.032648947834968,0.029021286964416006,0.025393626093864002,0.021765965223312003,0.018138304352760003,0.014510643482208001,0.010882982611656,0.007255321741104,0.003627660870551999,0.0,0.0,0.0,0.0,0.0,0.0,0.0,0.0,0.0,0.0,0.0
REMIND-MAgPIE 3.5-4.11,SSP1 - Very Low Emissions,World,Emissions|HFC|HFC245fa,kt HFC245fa/yr,15.5045,16.06419953464509,16.623899069290182,14.203103876479917,11.782308683669651,9.361513490859384,6.940718298049119,4.5199231052388535,3.654161461533636,2.788399817828419,1.9226381741232013,1.0568765304179841,0.1911148867127661,0.18475830529929874,0.17840172388583134,0.17204514247236394,0.16568856105889657,0.15933197964542917,0.15005156932091707,0.1407711589964049,0.13149074867189278,0.12221033834738065,0.11292992802286851,0.09999167518677374,0.08705342235067898,0.07411516951458422,0.06117691667848946,0.04823866384239469,0.04341479745815522,0.03859093107391575,0.03376706468967628,0.028943198305436815,0.024119331921197345,0.019295465536957875,0.014471599152718407,0.009647732768478938,0.004823866384239469,0.0,0.0,0.0,0.0,0.0,0.0,0.0,0.0,0.0,0.0,0.0,0.0,0.0,0.0,0.0,0.0,0.0,0.0,0.0,0.0,0.0,0.0,0.0,0.0,0.0,0.0,0.0,0.0,0.0,0.0,0.0,0.0,0.0,0.0,0.0,0.0,0.0,0.0,0.0,0.0,0.0
REMIND-MAgPIE 3.5-4.11,SSP1 - Very Low Emissions,World,Emissions|HFC|HFC32,kt HFC32/yr,105.566,108.74086217354278,111.90150378555272,103.26213148374794,94.65810640285339,86.08942854286914,77.55609790379516,69.05811448563144,57.588540569083456,46.167094601141564,34.793776581805744,23.468586511076015,12.191524388952374,11.051019774070737,9.915302575974525,8.78437279466375,7.6582304301383965,6.536875482398473,6.708212858825676,6.878744661448546,7.048470890267083,7.217391545281288,7.385506626491158,7.556702607035463,7.727075950721074,7.896626657547986,8.065354727516203,8.233260160625726,8.38763316905852,8.541239960562326,8.694080535137145,8.846154892782973,8.997463033499812,9.148004957287664,9.29778066414653,9.446790154076405,9.59503342707729,9.742510483149186,9.892422241723304,10.041553251651285,10.189903512933126,10.33747302556883,10.484261789558394,10.630269804901824,10.77549707159911,10.91994358965026,11.063609359055269,11.20649437981414,11.326711783907083,11.446250110471189,11.565109359506453,11.683289531012877,11.800790624990464,11.917612641439211,12.033755580359117,12.149219441750184,12.264004225612412,12.3781099319458,12.481479930877686,12.58484992980957,12.688219928741455,12.791589927673341,12.894959926605226,12.99832992553711,13.101699924468996,13.205069923400881,13.308439922332765,13.41180992126465,13.474880886077882,13.537951850891114,13.601022815704347,13.664093780517579,13.72716474533081,13.790235710144042,13.853306674957274,13.916377639770507,13.97944860458374,14.04251956939697
REMIND-MAgPIE 3.5-4.11,SSP1 - Very Low Emissions,World,Emissions|HFC|HFC43-10,kt HFC4310/yr,0.8826,0.8871855100836091,0.8917710201672181,0.7580297322385487,0.6242884443098796,0.49054715638121044,0.3568058684525412,0.22306458052387187,0.18368317428851752,0.14430176805316314,0.10492036181780874,0.06553895558245437,0.026157549347100018,0.02626674681259255,0.02637594427808508,0.026485141743577613,0.026594339209070145,0.026703536674562673,0.02679353554796726,0.026883534421371844,0.026973533294776426,0.027063532168181012,0.027153531041585598,0.027243533563651317,0.027333536085717033,0.02742353860778275,0.027513541129848464,0.027603543651914184,0.027683322791014525,0.027763101930114865,0.027842881069215203,0.027922660208315547,0.028002439347415888,0.028082218486516233,0.028161997625616574,0.02824177676471691,0.028321555903817255,0.028401335042917596,0.02846465954903569,0.02852798405515378,0.028591308561271876,0.02865463306738997,0.02871795757350806,0.028781282079626155,0.028844606585744247,0.028907931091862342,0.02897125559798043,0.029034580104098526,0.02907322307536412,0.029111866046629714,0.02915050901789531,0.029189151989160902,0.0292277949604265,0.029266437931692094,0.02930508090295769,0.029343723874223283,0.029382366845488877,0.02942100981675447,0.029432727326500492,0.029444444836246506,0.02945616234599252,0.02946787985573854,0.02947959736548456,0.029491314875230573,0.029503032384976587,0.02951474989472261,0.02952646740446863,0.029538184914214644,0.02952447291355247,0.0295107609128903,0.029497048912228124,0.02948333691156595,0.029469624910903772,0.029455912910241598,0.029442200909579424,0.029428488908917253,0.02941477690825508,0.029401064907592905
REMIND-MAgPIE 3.5-4.11,SSP1 - Very Low Emissions,World,Emissions|SF6,kt SF6/yr,9.3520936282727,9.359570091351967,9.366776355734636,8.363301876247684,7.366530879613467,6.376463365831986,5.393099334903238,4.416438786827226,4.032459993572194,3.651069352629204,3.27226686399826,2.8960525276793594,2.522426343672502,2.4881285920028984,2.4540117983401046,2.42007596268412,2.386321085034946,2.3527471653925813,2.312317406673423,2.2721198239713525,2.2321544172863703,2.192421186618476,2.1529201319676696,2.108598927971348,2.0645473553892946,2.02076541422151,1.9772531044679929,1.9340104261287452,1.9131340491427813,1.8923603965711706,1.8716894684139136,1.8511212646710098,1.830655785342459,1.8102930304282616,1.790032999928418,1.7698756938429272,1.7498211121717897,1.7298692549150056,1.709995582686527,1.690224827505705,1.6705569893725412,1.6509920682870345,1.6315300642491852,1.6121709772589932,1.5929148073164585,1.5737615544215815,1.5547112185743615,1.535763799774799,1.5121142169637722,1.4886068118901692,1.4652415845539914,1.442018534955238,1.4189376630939092,1.395998968970005,1.3732024525835251,1.35054811393447,1.328035953022839,1.305665969848633,1.286656975746155,1.267647981643677,1.248638987541199,1.229629993438721,1.210620999336243,1.191612005233765,1.172603011131287,1.153594017028809,1.134585022926331,1.115576028823853,1.0949578583240513,1.0743396878242497,1.0537215173244479,1.0331033468246462,1.0124851763248446,0.9918670058250428,0.9712488353252411,0.9506306648254395,0.9300124943256378,0.9093943238258361
REMIND-MAgPIE 3.5-4.11,SSP1 - Very Low Emissions,World,Emissions|CCl4,kt CCl4/yr,40.29730841776712,37.50789908721917,34.97059468917428,32.45607274800954,30.041195560361583,27.59194199306125,25.1003211824228,23.540679165010218,23.66215085705868,24.613811336994797,25.645094446025325,26.622458514801583,27.60931923332551,28.749158685300277,29.974413939725984,31.218108892865505,32.40851712214511,33.612065815511066,34.96891841421419,36.485634433509105,37.956174790100064,39.37482685712287,40.95190533887724,42.623347422418426,44.31877940609281,46.110643080755416,47.93128464097561,49.85335365481167,51.36728428414336,51.850312775110346,51.85195053191414,51.80997896228317,51.78694343097321,51.85612873048341,51.87856612255041,51.85070620181917,51.841497605504344,51.85054296096383,51.878310586601714,51.855170227969545,51.776693435939556,51.78144795365209,51.87345182111351,51.91414012578559,51.89998637586837,51.900405539389915,51.8448915148703,51.79911357016939,51.83642505115401,51.81738141254878,51.80806316865857,51.88184734882187,51.89976881105365,51.85827829394707,51.826323495398285,51.80348142646263,51.78927554733651,51.85381417144121,51.93189632984181,51.88053888454101,51.834770506954506,51.867544817477246,51.83940711944699,51.81643753730703,51.872012602138774,51.86715411076891,51.79783384989569,51.80262979915102,51.885560418336574,51.908060368609505,51.86659058626661,51.830099183731605,51.79816319959288,51.77030586104894,51.816628879027384,51.87168624274408,51.82924793248425,51.79212136848583
REMIND-MAgPIE 3.5-4.11,SSP1 - Very Low Emissions,World,Emissions|CFC11,kt CFC11/yr,55.9933373822983,53.80241782405459,51.58546818746797,49.40410913378708,47.38564183285938,45.47012800799574,43.66070272247559,41.89796777558573,40.11986736138354,38.45070350081469,36.95668393975873,35.45387264881994,33.94136407401444,32.544657378561475,31.26580730827029,30.045411379875464,28.822268280349824,27.59631516751976,26.429316064184206,25.38566392159573,24.342987912491264,23.300027345821253,22.382700133840764,21.530889513094426,20.68338808815452,19.84057134440808,19.00243739592171,18.168558391154544,17.40110505674327,16.70187105906349,16.008863519221865,15.384632087589534,14.831418904555655,14.22546512458261,13.56448794406249,13.034843710935645,12.578021564495089,12.006465435318288,11.442412205241045,11.011078505634611,10.65317286930226,10.182694168135024,9.657745733913039,9.32847125812272,9.011829030467798,8.580997838348285,8.222021906149994,7.936003881971055,7.6617882273667,7.337558219590392,6.961090167909114,6.656131963532225,6.42453867518518,6.142136783064996,5.8696698089486565,5.670934195580044,5.421399427189453,5.181799940785034,5.015931829807603,4.799264581687243,4.592533065554169,4.459544607157046,4.276184773891987,4.040577828936344,3.8764808493222986,3.785760922545636,3.6446723033764186,3.4517756530505834,3.268633871286459,3.094453170414534,2.99141819513695,2.962178221184874,2.8203863334615398,2.6245533158363306,2.562223806946295,2.510741483839849,2.406024616740603,2.307587746017828
REMIND-MAgPIE 3.5-4.11,SSP1 - Very Low Emissions,World,Emissions|CFC113,kt CFC113/yr,2.030655876997793,2.6240858366639137,2.662652319897718,2.7949219159766683,3.0193159526748032,3.1671361701421197,3.2380105998685997,3.316106146152531,3.4005520740421344,3.576930662237062,3.761683898556309,3.869435018473725,4.070285513020486,4.280232370959432,4.414481717080648,4.557757528676373,4.7092747887242155,4.954707235890159,5.211143695240057,5.307898652179092,5.49891371335071,5.785290178222864,5.997293866711345,6.306205946928454,6.542774795775671,6.70609788812678,6.966084914556925,7.238161482877344,7.53222546300995,7.685412187011563,7.5984078756285625,7.51252489530035,7.597259803855794,7.684920257272982,7.6055569405096906,7.5268651045765775,7.619346442635547,7.629347581989703,7.555528313646543,7.653385144326117,7.669357670115763,7.5166878836874025,7.53405929908151,7.6383331584892415,7.574530521038472,7.597345213856787,7.622187625689949,7.563305531519856,7.591249437982175,7.535106059392503,7.564512413449311,7.681323586071191,7.6306394255409655,7.5811984700676724,7.61812437685161,7.571534565955758,7.525671667994598,7.565579223540424,7.6067929468625515,7.650368502268692,7.610928354064685,7.572243925456832,7.619913947656772,7.584067796729391,7.548949131284929,7.599616263896675,7.6521577431764936,7.621671107456661,7.591939736776478,7.648563412246485,7.621686850264612,7.596121298651233,7.571519792816804,7.5471740642224105,7.609181131040886,7.588080813032532,7.509434456162807,7.483586134518149
REMIND-MAgPIE 3.5-4.11,SSP1 - Very Low Emissions,World,Emissions|CFC114,kt CFC114/yr,0.8739526789974016,1.124991360857382,1.1597118076759332,1.197558823360702,1.237278428031519,1.278909723338232,1.322527261165675,1.3681964839539387,1.4154823023604386,1.5423784106535925,1.6722604538929153,1.6505914115648743,1.631749242121025,1.6916077809259629,1.8311042384110665,1.9740638844651028,1.9654634086498,2.0376098729228995,2.1896846694249303,2.2680047572251962,2.3502099399371486,2.4360044686012974,2.5255205777784764,2.618906694273037,2.716317610891007,2.817914561474877,2.9238712827247912,3.0345903128233065,3.1181487709184927,3.1407494773438978,3.2106768299169763,3.203551678736577,3.119163137772521,3.189199509931403,3.2589346630646356,3.25258396675239,3.169313812086521,3.0853936751849504,3.155441701112952,3.225162205948355,3.2182641355354313,3.211822057121672,3.205391736497023,3.1989618686170047,3.1925320180284578,3.1861021679584813,3.1796723177622233,3.1732424674137394,3.166812616882547,3.1603827653713275,3.15395289214305,3.147522458839919,3.1410774888652044,3.1341002453003983,3.20449844782523,3.2755578309403224,3.1926349665263998,3.109507346166291,3.1803732092743284,3.25143028348129,3.1679755953587683,3.1622229004219107,3.23373596703449,3.15029303643003,3.1445407931448774,3.216053855187098,3.132610364084184,3.126843562321597,3.1978237905537847,3.1917412079263805,3.186103291515616,3.1804761591160875,3.1748354864843034,3.1686771032141032,3.24042668979004,3.2354652227347676,3.0780170134224134,3.0007401877581557
REMIND-MAgPIE 3.5-4.11,SSP1 - Very Low Emissions,World,Emissions|CFC115,kt CFC115/yr,0.02762903586579991,0.026451194015621335,0.02567849283947829,0.024928545287205995,0.024647381732154753,0.0,0.0,0.022033925759928328,0.02087186770504332,0.020580077622016593,0.0,0.0,0.01796566889755181,0.016790453857752217,0.0160171124149932,0.015254003188065324,0.014491288813695215,0.013728608389312853,0.012966415817176386,0.01221687344047147,0.011935725463751415,0.0,0.0,0.009321743056220097,0.00814652803988072,0.007373186596877976,0.0066100773407833146,0.005847362214565743,0.005084662269758851,0.004321962909505099,0.003559263571638625,0.002796564234893944,0.0020338648981491113,0.0012711655612579922,0.0005084662245620604,0.0,0.0,0.0,0.0,0.0,0.0,0.0,0.0,0.0,0.0,0.0,0.0,0.0,0.0,0.058488137407676076,0.057369793001727794,0.0,0.0,0.0,0.0,0.0,0.0,0.0,0.05187807648750622,0.05075973205283015,0.0,0.0,0.0,0.0,0.0,0.0467934134372053,0.04567504953370721,0.0,0.0,0.0,0.04323413343636186,0.0421157845155211,0.0,0.0,0.0,0.03916440570355614,0.10759279189046912,0.10704327737018567
REMIND-MAgPIE 3.5-4.11,SSP1 - Very Low Emissions,World,Emissions|CFC12,kt CFC12/yr,20.278900939592226,18.606179174024042,17.087091090287135,15.723169130971064,14.517108530948391,13.30594082283818,12.14424986865545,11.197170936303392,10.357147722136068,9.51605631768011,8.72927381365435,7.9970064146141215,7.319411319617553,6.752113222910461,6.241504017505347,5.733704419273925,5.228668337154013,4.78111978650565,4.391258695156133,4.059628441499283,3.7874946931967806,3.465571003562935,3.1483297087777404,2.890537561512363,2.6373127785032895,2.4440622290619105,2.256267870172743,2.0738972472898545,1.952408604929725,1.7822025064625084,1.6181096049826014,1.459794151031324,1.3065341519707465,1.268881733551303,1.1830781128022192,1.0488288591747075,0.975782142401148,0.8536398036371314,0.7919703927058059,0.7917670651719456,0.6886441355378514,0.5915807599600477,0.5550387272851948,0.524495641462675,0.500275671028268,0.48275346004300174,0.4168271200072218,0.35665606915406517,0.35737526750159687,0.3093670755608905,0.2670959572956266,0.2853485471284222,0.30998699155439047,0.2865998213495332,0.2146086195847539,0.14782934539701822,0.1406750641925708,0.19409051982181122,0.19915755900715723,0.15562290417877972,0.11768668752857504,0.08501643531556767,0.05723719880898043,0.08945125028921085,0.12750945427360402,0.1166533847598102,0.11176475019322962,0.057426409852778235,0.007779859114118783,0.017593117438548186,0.0323511113514315,0.05236879958766853,0.07766448253720815,0.10861521058040331,0.09049046124373215,0.022536253887595448,0.0,0.0
REMIND-MAgPIE 3.5-4.11,SSP1 - Very Low Emissions,World,Emissions|CH3Br,kt CH3Br/yr,140.48697355742144,140.44525269558977,140.44552789065773,140.44553526678345,140.44553555090144,140.44553556184533,140.4455355622668,140.44553556228317,140.44553556228368,140.44553556228377,140.44553556228377,140.44553556228377,140.44553556228377,140.44553556228377,140.44553556228377,140.44553556228377,140.44553556228377,140.44553556228377,140.44553556228377,140.44553556228377,140.44553556228377,140.44553556228377,140.44553556228377,140.44553556228377,140.44553556228377,140.44553556228377,140.4455355622838,140.4455355622838,140.4455355622838,140.4455355622838,140.4455355622838,140.4455355622838,140.4455355622838,140.4455355622838,140.4455355622838,140.4455355622838,140.4455355622838,140.4455355622838,140.4455355622838,140.4455355622838,140.4455355622838,140.4455355622838,140.4455355622838,140.4455355622838,140.4455355622838,140.4455355622838,140.4455355622838,140.4455355622838,140.4455355622838,140.4455355622838,140.4455355622838,140.4455355622838,140.4455355622838,140.4455355622838,140.4455355622838,140.4455355622838,140.4455355622838,140.4455355622838,140.4455355622838,140.4455355622838,140.4455355622838,140.4455355622838,140.4455355622838,140.4455355622838,140.4455355622838,140.4455355622838,140.4455355622838,140.4455355622838,140.4455355622838,140.4455355622838,140.4455355622838,140.4455355622838,140.4455355622838,140.4455355622838,140.4455355622838,140.4455355622838,140.4455355622838,140.4455355622838
REMIND-MAgPIE 3.5-4.11,SSP1 - Very Low Emissions,World,Emissions|CH3CCl3,kt CH3CCl3/yr,1.925368109001723,1.9844674761503585,2.0154698018978308,2.1218060294252017,2.243024910472932,2.2956897148545385,2.3161325589367716,2.4247006405287426,2.5840049281290907,2.7116497692464607,2.807542081710307,2.8475139863157124,3.013079890263086,3.230086462937129,3.271602684248944,3.355661802039536,3.588728993359174,3.729930324432362,3.7937884783679303,3.9840745252637815,4.203755472004259,4.309666505244396,4.398985759431091,4.615370457935042,4.861770306484262,5.055863330085132,5.258100709212486,5.468817165128237,5.63610971297282,5.694944834734323,5.693701293995421,5.692996819110059,5.692428334581721,5.691963218162901,5.6915824253478835,5.691270659033451,5.691015406382305,5.6908064231877145,5.690635322219472,5.690495236594867,5.69038054418597,5.6902866419836275,5.690209761362777,5.690146816834209,5.690095282212928,5.6900530892336265,5.690018544543911,5.689990261744071,5.689967105746074,5.689948147218406,5.689932625288731,5.689919917007609,5.689909512347006,5.689900993731403,5.689894019278835,5.68988830908003,5.689883633964643,5.689879806303956,5.68987667248037,5.689874106722683,5.689872006057913,5.689870286179114,5.689868878061389,5.6898677251921566,5.689866781302655,5.689866008511268,5.6898653758032145,5.689864857785639,5.689864433668743,5.68986408643121,5.689863802137165,5.689863569376865,5.689863378808849,5.689863222784997,5.689863095043431,5.6898629904574705,5.689862904829744,5.689862834723714
REMIND-MAgPIE 3.5-4.11,SSP1 - Very Low Emissions,World,Emissions|CH3Cl,kt CH3Cl/yr,5376.602241275558,5376.60224106939,5376.602241061445,5376.60224106114,5376.602241061131,5376.602241061134,5376.60224106113,5376.60224106113,5376.60224106113,5376.60224106113,5376.60224106113,5376.60224106113,5376.60224106113,5376.60224106113,5376.60224106113,5376.60224106113,5376.60224106113,5376.60224106113,5376.60224106113,5376.60224106113,5376.60224106113,5376.60224106113,5376.60224106113,5376.60224106113,5376.60224106113,5376.60224106113,5376.60224106113,5376.60224106113,5376.60224106113,5376.60224106113,5376.60224106113,5376.60224106113,5376.60224106113,5376.60224106113,5376.60224106113,5376.60224106113,5376.60224106113,5376.60224106113,5376.60224106113,5376.60224106113,5376.60224106113,5376.60224106113,5376.60224106113,5376.60224106113,5376.60224106113,5376.60224106113,5376.60224106113,5376.60224106113,5376.60224106113,5376.60224106113,5376.60224106113,5376.60224106113,5376.60224106113,5376.60224106113,5376.60224106113,5376.60224106113,5376.60224106113,5376.60224106113,5376.60224106113,5376.60224106113,5376.60224106113,5376.60224106113,5376.60224106113,5376.60224106113,5376.60224106113,5376.60224106113,5376.60224106113,5376.60224106113,5376.60224106113,5376.60224106113,5376.60224106113,5376.60224106113,5376.60224106113,5376.60224106113,5376.60224106113,5376.60224106113,5376.60224106113,5376.60224106113
REMIND-MAgPIE 3.5-4.11,SSP1 - Very Low Emissions,World,Emissions|HCFC141b,kt HCFC141b/yr,57.429165954156964,57.68077849510554,57.21480348436768,56.48325446711485,55.67114854875694,54.85164389809379,54.01528267502092,53.02714663599193,51.577653941268295,49.89520799511345,48.25223015545117,46.72383430345049,45.22743672313185,43.764690040114516,42.35851758750542,40.956329119190485,39.67628656394712,38.43573865039397,37.11848285418516,35.83011080255346,34.63457965111351,33.49081099449066,32.34670261674314,31.20220072884011,30.109878878673744,29.13435448396401,28.18162729538407,27.187908333376463,26.258851034351792,25.405839315523536,24.523177380449535,23.652763646025623,22.858343247298347,22.087200420071554,21.339639356994454,20.61566780331402,19.91528605736611,19.238494130641836,18.585292023585296,17.955679736233947,17.349657269136276,16.767224636499378,16.208382207164217,15.673139556796102,15.161851234049873,14.621233382412335,14.092882056529831,13.640888896522638,13.159253971874085,12.689877518494002,12.296858935494798,11.874198959499056,11.463807413024641,11.130138230074916,10.71390792193522,10.298612790127393,10.012443860664552,9.643401584993848,9.275286813626309,9.036307878293812,8.714819694936999,8.34132933929173,8.085277456887074,7.8520498556162615,7.578205592657924,7.316468177439242,7.066533715667164,6.8283944741339315,6.60205016915331,6.387501158093143,6.18475701619691,5.994172292642861,5.762463144936777,5.531225991701494,5.36456192241465,5.156822276101081,4.896511964274,4.7017164649880065
REMIND-MAgPIE 3.5-4.11,SSP1 - Very Low Emissions,World,Emissions|HCFC142b,kt HCFC142b/yr,20.1767950997304,20.99876523033291,20.83048515635011,20.61755796725083,20.395063528952935,20.167232839335878,19.883952812028816,19.591141600435147,19.197580250372862,18.693290382261768,18.213502795894133,17.80828486077469,17.39162950510706,16.959422019595582,16.561776885047113,16.152784521734958,15.823976448593095,15.53984003707472,15.159701150639611,14.76977607561982,14.419657837907593,14.063727617387757,13.747720762395842,13.476469050098677,13.20494182177645,12.933407393488734,12.661872675189265,12.390337616546017,12.118793998964,11.84693714574099,11.620553842757465,11.398978555178475,11.13174590706021,10.955729325378485,10.789352812344548,10.532288290218636,10.366708138807997,10.210774649556992,9.964144885184412,9.808686937630329,9.708366634954368,9.522792722427592,9.29208953788104,9.152303370354268,9.067640229985004,8.897418568297338,8.727854715733073,8.608550256923687,8.494199898488624,8.385073007143156,8.281480881256684,8.137636357053156,7.994188522459868,7.900993424488031,7.812751854009962,7.72972551285812,7.6519292845914535,7.579668090448828,7.467154837492333,7.355046832543674,7.293504786670198,7.191442375690134,7.089778290462776,7.038679885016079,6.947060775076481,6.855831446130497,6.814854929021647,6.77884080363155,6.748363345796681,6.677946456194857,6.562452366425294,6.492394438974768,6.472634164147284,6.4123466084343415,6.352457267736479,6.3431376434327245,6.29344550323235,6.222596228619819
REMIND-MAgPIE 3.5-4.11,SSP1 - Very Low Emissions,World,Emissions|HCFC22,kt HCFC22/yr,324.52686644110815,323.79894347811626,316.2075416215573,306.3500012866981,295.7440970778391,285.9463528609222,276.8902029699374,266.1473800154359,251.39046885094336,235.2227184513071,220.1633923261291,206.2420066591857,193.37877842436995,181.4234646277703,170.32906160933376,160.03414283306466,150.54415176531865,141.58932622537392,132.8415504922424,124.51765874475328,116.78530758596345,109.64571820741008,103.06765896936665,96.96214981409365,91.3180839616102,86.03884238367266,81.09285979664851,76.57206659502573,72.41804386277806,68.51448093591173,64.94088762996715,61.63157514759485,58.49622067769245,55.65246874387132,53.02815606165101,50.53282862727205,48.238221448632736,46.14403657000368,44.16549029397469,42.32904655591673,40.67339104195781,39.11378385964289,37.63753569461493,36.27651768521669,35.063284581324844,33.9586184296189,32.87146495784083,31.867301784487843,30.945173743146285,30.05291590818018,29.26201366612693,28.571907816700264,27.93748599768213,27.313214151974186,26.685921492678,26.126868353684106,25.635475117789788,25.166090688272984,24.75146158239747,24.39151398248112,24.00145518044566,23.60721025122536,23.325730774813877,23.084835564957096,22.79406936184659,22.525152417902166,22.277247694852267,22.043837359230892,21.863943496678115,21.698471423612304,21.50199919078274,21.306995279827497,21.15198098161438,21.036735003116338,20.96181171912141,20.84973770565833,20.569984030713123,20.259406688515277
REMIND-MAgPIE 3.5-4.11,SSP1 - Very Low Emissions,World,Emissions|Halon1202,kt Halon1202/yr,0.0,0.0,0.0,0.0,0.0,0.0,0.0,0.0,0.0,0.0,0.0,0.0,0.0,0.0,0.0,0.0,0.0,0.0,0.0,0.0,0.0,0.0,0.0,0.0,0.0,0.0,0.0,0.0,0.0,0.0,0.0,0.0,0.0,0.0,0.0,0.0,0.0,0.0,0.0,0.0,0.0,0.0,0.0,0.0,0.0,0.0,0.0,0.0,0.0,0.0,0.0,0.0,0.0,0.0,0.0,0.0,0.0,0.0,0.0,0.0,0.0,0.0,0.0,0.0,0.0,0.0,0.0,0.0,0.0,0.0,0.0,0.0,0.0,0.0,0.0,0.0,0.0,0.0
REMIND-MAgPIE 3.5-4.11,SSP1 - Very Low Emissions,World,Emissions|Halon1211,kt Halon1211/yr,2.5629780595462877,2.4712891970912034,2.3049559661305286,2.2133932337706494,2.2052186551051003,2.1314620897892014,1.9840317941682577,1.8370398607072564,1.6895301713268511,1.6163497995337406,1.6265456441783313,1.571144478684467,1.4415410640311543,1.3867330434716283,1.415814510213082,1.30394057824857,1.1842035084230869,1.2229118441177844,1.1202340394119155,1.0096686215127464,1.0570473117745744,1.0384137951321721,0.946095594062938,0.8542153332482519,0.7618173010952668,0.7437486075445972,0.8090566922449551,0.8087823529311866,0.7348342873021569,0.6613251249280185,0.5873122711151092,0.5881437157136237,0.5974934696119245,0.5322129423783267,0.5422183958905308,0.5607675971349987,0.5052019145712344,0.45006376065474235,0.3944214980005733,0.41362405859328116,0.44135899150789065,0.39497860244936805,0.34902572516181185,0.3025687385174458,0.3309565758986573,0.3678768064668008,0.33068225677475455,0.29392928252466444,0.2571871580705502,0.22043138786330418,0.18316013285812763,0.22073326294080572,0.26683874927063184,0.23882893384322856,0.21124717187471057,0.1831753642194398,0.23046333974371305,0.21142523870715196,0.10922448022927368,0.15642448340747162,0.21172665890103265,0.19290310079133852,0.17452071708209385,0.15614970943309556,0.13777913994313776,0.11940858652786387,0.10103801289551048,0.08266689754427342,0.06428171771928316,0.0453815578752326,0.10133932609008744,0.16633090844090878,0.08184836167158284,0.06413338395275907,0.1295893223921132,0.04553174567256155,0.0,0.0
REMIND-MAgPIE 3.5-4.11,SSP1 - Very Low Emissions,World,Emissions|Halon1301,kt Halon1301/yr,1.232019444684855,1.1650942964906017,1.0964588434703242,1.1624279408097389,1.16185068067368,1.0932711171926428,1.0918306843491483,1.090002846817471,1.088165633365841,1.086340723347198,1.0849800173151074,1.016220449407556,0.9462106954906713,0.9429427993441856,0.9392772358964976,0.9356014141284889,0.9319252159863892,0.9282494904463314,0.9245864289281076,0.9213870981877432,0.8507762415543275,0.7784514688579286,0.8402800986416589,0.9034254657064604,0.8324198546451247,0.7605613297608567,0.7554549064699515,0.749951210428075,0.7444372705413353,0.7389229361027787,0.7334085871626694,0.7278942557313576,0.7223803940330181,0.7168787278825115,0.7118286150501398,0.6389158920402171,0.6321640399299454,0.6938557855913599,0.6205454140428319,0.6137837907112962,0.675487805817938,0.6026411498753418,0.5284680007612136,0.5884581178477369,0.6497653333894368,0.5769210976188286,0.503211284008825,0.4957898419383357,0.5553826718278035,0.6166796624801423,0.5438355394443048,0.4701388818272721,0.4631943216491509,0.4558520014616194,0.4484867728697623,0.4406574196245385,0.5002395958909643,0.5615361761818518,0.4886920373671182,0.4149953798651759,0.40805083845378853,0.4007090060872086,0.39335644207569037,0.3859908189059449,0.3781614504621931,0.43774362614310247,0.4990402064103749,0.4261960675669836,0.3524994093411609,0.3455548491394829,0.33821252895074094,0.33084730035044396,0.32301794688739677,0.38260011749845924,0.4438965509682363,0.3710472106799821,0.2980296178153028,0.2931637834586709
REMIND-MAgPIE 3.5-4.11,SSP1 - Very Low Emissions,World,Emissions|Halon2402,kt Halon2402/yr,0.0,0.0,0.07495416388724621,0.05774837255399089,0.041235771340317195,0.024741044627170843,0.008247006366278977,0.0,0.0,0.0,0.0,0.0,0.025215292747945733,0.13353992926056898,0.007792090211922717,0.0,0.0,0.08403413457943743,0.0,0.0,0.05019453183298867,0.041253644859564016,0.03298873840608971,0.024741043565301157,0.016494011691749914,0.008247005352910475,0.0,0.0,0.0,0.0,0.0,0.0,0.06728334530346113,0.06625746790142538,0.0,0.0,0.0,0.03346227175522507,0.15003397297402318,0.032533992687786895,0.0,0.017781059768239967,0.016750823374858975,0.0,0.0004556584675111974,0.11704520021948496,0.0,0.0,0.0,0.0997190566480942,0.09983940679258946,0.0,0.0,0.0,0.08322504495584535,0.08334539607134435,0.0,0.0,0.0,0.06670716646742536,0.06599629752861168,0.06600069056673803,0.06683207983467,0.0,0.0,0.0,0.05021312033422133,0.049501366229099925,0.04948277797937254,0.04948209603440042,0.04948295371483245,0.04950593535104428,0.05033804310713873,0.0,0.0,0.0,0.02564393220926879,0.008322380584569461
REMIND-MAgPIE 3.5-4.11,SSP1 - Very Low Emissions,World,Emissions|C3F8,kt C3F8/yr,0.7211779763531168,0.6918177433043052,0.6624575102554936,0.5898098740296295,0.5171622378037655,0.4445146015779015,0.37186696535203745,0.29921932912617333,0.26595394627667596,0.23268856342717853,0.1994231805776811,0.16615779772818373,0.13289241487868633,0.12594416818321205,0.11899592148773779,0.1120476747922635,0.10509942809678922,0.09815118140131494,0.09359416951300284,0.08903715762469075,0.08448014573637865,0.07992313384806654,0.07536612195975444,0.07180005058018112,0.06823397920060778,0.06466790782103446,0.061101836441461124,0.05753576506188779,0.05529999702656754,0.0530642289912473,0.05082846095592705,0.04859269292060682,0.04635692488528657,0.04412115684996632,0.04188538881464608,0.03964962077932583,0.03741385274400559,0.035178084708685345,0.033949808242307644,0.03272153177592995,0.03149325530955226,0.03026497884317456,0.029036702376796866,0.02780842591041917,0.026580149444041478,0.025351872977663777,0.02412359651128608,0.022895320044908386,0.02216853298492705,0.021441745924945726,0.02071495886496439,0.01998817180498306,0.019261384745001723,0.018534597685020388,0.01780781062503906,0.017081023565057727,0.016354236505076395,0.01562744944509506,0.015012891647067818,0.014398333849040575,0.013783776051013332,0.013169218252986092,0.012554660454958849,0.011940102656931606,0.011325544858904362,0.010710987060877121,0.010096429262849878,0.009481871464822635,0.009331365687657118,0.009180859910491602,0.009030354133326085,0.008879848356160569,0.008729342578995054,0.008578836801829536,0.00842833102466402,0.008277825247498503,0.008127319470332985,0.00797681369316747
REMIND-MAgPIE 3.5-4.11,SSP1 - Very Low Emissions,World,Emissions|C4F10,kt C4F10/yr,0.10158640147930745,0.09745066727801481,0.09331493307672215,0.08308165893060518,0.0728483847844882,0.06261511063837125,0.05238183649225428,0.0421485623461373,0.03746274185755202,0.032776921368966726,0.028091100880381435,0.023405280391796148,0.01871945990321086,0.017740717621100306,0.01676197533898975,0.015783233056879196,0.014804490774768642,0.013825748492658087,0.013183839762204315,0.012541931031750542,0.01190002230129677,0.011258113570842996,0.010616204840389224,0.010113881737427709,0.009611558634466194,0.009109235531504679,0.008606912428543162,0.008104589325581646,0.007789655097557695,0.007474720869533742,0.007159786641509789,0.006844852413485839,0.006529918185461886,0.006214983957437934,0.005900049729413982,0.00558511550139003,0.0052701812733660786,0.004955247045342125,0.004782229856336988,0.00460921266733185,0.004436195478326714,0.0042631782893215765,0.004090161100316439,0.003917143911311301,0.003744126722306165,0.003571109533301027,0.0033980923442958897,0.0032250751552907525,0.0031226986484004775,0.0030203221415102035,0.0029179456346199286,0.0028155691277296545,0.0027131926208393796,0.0026108161139491047,0.0025084396070588306,0.0024060631001685557,0.0023036865932782816,0.0022013100863880067,0.002114742391242438,0.0020281746960968696,0.001941607000951301,0.0018550393058057327,0.0017684716106601643,0.0016819039155145958,0.0015953362203690272,0.0015087685252234587,0.0014222008300778903,0.0013356331349323217,0.0013144326257578639,0.0012932321165834055,0.0012720316074089476,0.0012508310982344895,0.0012296305890600317,0.0012084300798855733,0.0011872295707111155,0.0011660290615366576,0.0011448285523621992,0.0011236280431877414
REMIND-MAgPIE 3.5-4.11,SSP1 - Very Low Emissions,World,Emissions|C5F12,kt C5F12/yr,0.06138279350541075,0.05888380825960576,0.05638482301380077,0.05020144664995441,0.044018070286108046,0.0378346939222617,0.03165131755841534,0.025467941194568976,0.02263657058525724,0.019805199975945497,0.016973829366633757,0.014142458757322021,0.011311088148010282,0.01071969073139794,0.010128293314785597,0.009536895898173255,0.008945498481560912,0.00835410106494857,0.007966232703859016,0.0075783643427694645,0.007190495981679912,0.006802627620590359,0.006414759259500806,0.006111234428882955,0.005807709598265103,0.005504184767647251,0.005200659937029399,0.004897135106411547,0.0047068385469796435,0.00451654198754774,0.004326245428115837,0.004135948868683935,0.003945652309252032,0.0037553557498201284,0.0035650591903882258,0.0033747626309563222,0.0031844660715244196,0.002994169512092516,0.0028896252204261533,0.0027850809287597897,0.0026805366370934273,0.002575992345427064,0.002471448053760701,0.0023669037620943382,0.0022623594704279755,0.0021578151787616123,0.002053270887095249,0.0019487265954288861,0.001886866386870056,0.0018250061783112266,0.0017631459697523965,0.0017012857611935668,0.0016394255526347365,0.0015775653440759064,0.001515705135517077,0.0014538449269582468,0.0013919847183994172,0.001330124509840587,0.0012778166529032373,0.0012255087959658878,0.001173200939028538,0.0011208930820911886,0.0010685852251538389,0.0010162773682164893,0.0009639695112791395,0.0009116616543417899,0.0008593537974044402,0.0008070459404670905,0.0007942356975810838,0.000781425454695077,0.0007686152118090703,0.0007558049689230636,0.0007429947260370569,0.00073018448315105,0.0007173742402650433,0.0007045639973790366,0.0006917537544930297,0.000678943511607023
REMIND-MAgPIE 3.5-4.11,SSP1 - Very Low Emissions,World,Emissions|C7F16,kt C7F16/yr,0.1864530221896798,0.1788622410459919,0.171271459902304,0.1524891734579153,0.1337068870135266,0.11492460056913793,0.09614231412474923,0.07736002768036052,0.0687596109039772,0.060159194127593844,0.0515587773512105,0.042958360574827166,0.03435794379844383,0.03256154729470991,0.03076515079097601,0.0289687542872421,0.02717235778350819,0.02537596127977428,0.024197793522868098,0.023019625765961917,0.021841458009055736,0.020663290252149556,0.019485122495243375,0.01856315204153112,0.017641181587818865,0.016719211134106612,0.015797240680394356,0.014875270226682103,0.014297235787515553,0.013719201348349,0.013141166909182447,0.012563132470015899,0.011985098030849347,0.011407063591682793,0.010829029152516243,0.010250994713349691,0.009672960274183141,0.009094925835016589,0.008777367802533844,0.008459809770051101,0.008142251737568358,0.007824693705085616,0.0075071356726028726,0.00718957764012013,0.0068720196076373875,0.006554461575154644,0.006236903542671901,0.005919345510189157,0.005731442318098998,0.005543539126008841,0.005355635933918682,0.0051677327418285235,0.004979829549738364,0.0047919263576482055,0.004604023165558048,0.004416119973467889,0.004228216781377731,0.004040313589287572,0.0038814260989459247,0.003722538608604278,0.003563651118262631,0.0034047636279209846,0.003245876137579338,0.003086988647237691,0.002928101156896044,0.002769213666554397,0.0026103261762127506,0.0024514386858711036,0.002412526991490996,0.002373615297110888,0.0023347036027307803,0.0022957919083506726,0.0022568802139705654,0.0022179685195904573,0.0021790568252103497,0.002140145130830242,0.002101233436450134,0.0020623217420700263
REMIND-MAgPIE 3.5-4.11,SSP1 - Very Low Emissions,World,Emissions|C8F18,kt C8F18/yr,0.13663756786871273,0.13107484830795355,0.12551212874719433,0.11174798639843699,0.09798384404967965,0.08421970170092233,0.07045555935216499,0.05669141700340764,0.050388810495979645,0.044086203988551634,0.03778359748112363,0.031480990973695624,0.02517838446626762,0.023861938927785774,0.022545493389303933,0.021229047850822087,0.019912602312340242,0.0185961567738584,0.01773276515405816,0.016869373534257923,0.016005981914457686,0.015142590294657447,0.014279198674857208,0.013603555024984374,0.01292791137511154,0.012252267725238705,0.011576624075365869,0.010900980425493033,0.010477381928753597,0.01005378343201416,0.009630184935274726,0.009206586438535292,0.008782987941795856,0.008359389445056419,0.007935790948316986,0.007512192451577549,0.007088593954838114,0.006664995458098678,0.006432280768328327,0.006199566078557975,0.005966851388787625,0.005734136699017274,0.005501422009246923,0.005268707319476572,0.005035992629706222,0.00480327793993587,0.004570563250165519,0.004337848560395169,0.004200148270743398,0.004062447981091629,0.003924747691439859,0.003787047401788089,0.0036493471121363187,0.003511646822484548,0.003373946532832779,0.0032362462431810087,0.003098545953529239,0.0029608456638774688,0.002844408826383033,0.002727971988888597,0.002611535151394161,0.002495098313899725,0.002378661476405289,0.0022622246389108532,0.0021457878014164173,0.0020293509639219814,0.0019129141264275454,0.0017964772889331093,0.0017679617989758603,0.0017394463090186108,0.0017109308190613617,0.0016824153291041127,0.0016538998391468637,0.0016253843491896142,0.001596868859232365,0.0015683533692751159,0.0015398378793178664,0.0015113223893606174
REMIND-MAgPIE 3.5-4.11,SSP1 - Very Low Emissions,World,Emissions|cC4F8,kt cC4F8/yr,2.2485990409858565,2.2065916251220625,2.164224682583746,1.9822262376606965,1.7988761214068762,1.614174333822286,1.4281208749069256,1.2407157446607946,1.1232130673267469,1.0048574363545215,0.8856488517441183,0.7655873134955372,0.6446728216087784,0.615916210620654,0.5869464468377401,0.5577635302600364,0.5283674608875432,0.4987582387202602,0.484028108509463,0.46918688656044644,0.4542345728732104,0.4391711674477549,0.42399667028408017,0.4105358000023432,0.3969759724639248,0.3833171876688248,0.3695594456170433,0.35570274630858034,0.34857631175422,0.3413955919751504,0.3341605869713716,0.3268712967428835,0.31952772128968626,0.31212986061177966,0.30467771470916394,0.297171283581839,0.2896105672298047,0.2819955656530613,0.2781943159661577,0.2743632817371984,0.27050246296618335,0.26661185965311274,0.26269147179798635,0.2587412994008043,0.2547613424615666,0.2507516009802732,0.24671207495692418,0.2426427643915194,0.23954387627027554,0.23642134456802785,0.23327516928477632,0.23010535042052097,0.2269118879752617,0.22369478194899872,0.22045403234173186,0.21718963915346118,0.2139016023841867,0.21058992203390836,0.20686259597995568,0.20313526992600306,0.1994079438720504,0.19568061781809779,0.1919532917641451,0.18822596571019246,0.18449863965623983,0.18077131360228715,0.17704398754833453,0.17331666149438188,0.17054043030630733,0.16776419911823276,0.16498796793015819,0.16221173674208364,0.15943550555400912,0.15665927436593455,0.15388304317785997,0.15110681198978543,0.14833058080171088,0.1455543496136363
REMIND-MAgPIE 3.5-4.11,SSP1 - Very Low Emissions,World,Emissions|SO2F2,kt SO2F2/yr,4.594032521920711,4.508208668435696,4.421650278821672,4.049815745552055,3.6752196607833385,3.2978620245155232,2.9177428367486096,2.5348620974825966,2.2947965672363946,2.0529883978259598,1.8094375892512913,1.5641441415123896,1.3171080546092544,1.258356448079286,1.1991693566747121,1.1395467803955324,1.0794887192417468,1.018995173213356,0.9889005694146903,0.9585789980468875,0.9280304591099474,0.8972549526038701,0.866252478528656,0.838751054432814,0.8110474542943836,0.7831416781133644,0.7550337258897569,0.7267235976235608,0.7121638332941599,0.697493160757814,0.682711580014523,0.667819091064287,0.6528156939071061,0.6377013885429802,0.6224761749719092,0.6071400531938933,0.5916930232089324,0.5761350850170265,0.5683688873235864,0.5605418378943051,0.552653936729183,0.54470518382822,0.5366955791914159,0.5286251228187709,0.520493814710285,0.512301654865958,0.5040486432857902,0.4957347799697813,0.4894035521469026,0.4830240189667385,0.47659618042928914,0.4701200365345544,0.46359558728253425,0.45702283267322896,0.4504017727066382,0.4437324073827622,0.43701473670160096,0.43024876066315426,0.42263359370828735,0.4150184267534205,0.4074032597985536,0.39978809284368677,0.39217292588881986,0.38455775893395294,0.3769425919790861,0.36932742502421917,0.3617122580693523,0.35409709111448545,0.3484250721667262,0.34275305321896693,0.3370810342712076,0.3314090153234484,0.32573699637568915,0.3200649774279299,0.31439295848017057,0.30872093953241136,0.3030489205846521,0.2973769016368928
REMIND-MAgPIE 3.5-4.11,SSP1 - Very Low Emissions,World,Emissions|HFC|HFC236fa,kt HFC236fa/yr,0.3543,0.3670899348656684,0.3798798697313368,0.32456123728187525,0.26924260483241363,0.21392397238295202,0.15860533993349046,0.10328670748402888,0.08350281568714678,0.06371892389026468,0.04393503209338258,0.024151140296500485,0.004367248499618371,0.004221991522947631,0.00407673454627689,0.00393147756960615,0.0037862205929354094,0.0036409636162646687,0.0034288929672289283,0.0032168223181931865,0.0030047516691574455,0.002792681020121704,0.002580610371085963,0.002284952789104707,0.001989295207123452,0.0016936376251421967,0.0013979800431609412,0.0011023224611796858,0.0009920902150617173,0.0008818579689437486,0.00077162572282578,0.0006613934767078115,0.0005511612305898429,0.0004409289844718743,0.00033069673835390575,0.00022046449223593715,0.00011023224611796857,0.0,0.0,0.0,0.0,0.0,0.0,0.0,0.0,0.0,0.0,0.0,0.0,0.0,0.0,0.0,0.0,0.0,0.0,0.0,0.0,0.0,0.0,0.0,0.0,0.0,0.0,0.0,0.0,0.0,0.0,0.0,0.0,0.0,0.0,0.0,0.0,0.0,0.0,0.0,0.0,0.0
REMIND-MAgPIE 3.5-4.11,SSP1 - Very Low Emissions,World,Emissions|HFC|HFC152a,kt HFC152a/yr,54.8699,55.15497418959509,55.440048379190166,47.12555586330834,38.81106334742654,30.49657083154473,22.182078315662917,13.867585799781098,11.419303653856252,8.971021507931402,6.522739362006553,4.074457216081705,1.6261750701568585,1.632963710550954,1.6397523509450493,1.6465409913391449,1.6533296317332404,1.6601182721273355,1.6657133652429286,1.6713084583585214,1.676903551474114,1.682498644589707,1.6880937377052998,1.6936890576526076,1.6992843775999151,1.7048796975472225,1.71047501749453,1.7160703374418378,1.7210300852149194,1.725989832988001,1.7309495807610824,1.735909328534164,1.7408690763072456,1.7458288240803275,1.750788571853409,1.7557483196264905,1.7607080673995723,1.7656678151726537,1.7696046034326236,1.7735413916925928,1.7774781799525625,1.7814149682125322,1.7853517564725017,1.7892885447324713,1.7932253329924408,1.7971621212524105,1.8010989095123797,1.8050356977723496,1.8074380725390005,1.8098404473056513,1.8122428220723021,1.814645196838953,1.8170475716056038,1.8194499463722547,1.8218523211389055,1.8242546959055563,1.8266570706722072,1.829059445438858,1.8297879052032058,1.8305163649675529,1.8312448247319,1.8319732844962477,1.832701744260595,1.8334302040249422,1.8341586637892895,1.834887123553637,1.8356155833179846,1.836344043082332,1.8354915888503656,1.8346391346183994,1.8337866803864333,1.832934226154467,1.8320817719225004,1.831229317690534,1.830376863458568,1.8295244092266019,1.8286719549946355,1.8278195007626692
REMIND-MAgPIE 3.5-4.11,SSP1 - Very Low Emissions,World,Emissions|HFC|HFC365mfc,kt HFC365mfc/yr,5.241899999999999,5.392354395030054,5.542808790060109,5.0786773612241625,4.614545932388218,4.150414503552273,3.6862830747163278,3.222151645880383,2.6923996762135416,2.1626477065467005,1.6328957368798591,1.103143767213018,0.5733917975461769,0.5201729905656229,0.466954183585069,0.41373537660451504,0.36051656962396106,0.30729776264340714,0.31545887501630826,0.3236199873892094,0.3317810997621105,0.33994221213501163,0.34810332450791276,0.35640833585459775,0.36471334720128273,0.3730183585479678,0.38132336989465276,0.38962838124133775,0.39753225106601053,0.4054361208906833,0.41333999071535604,0.4212438605400289,0.4291477303647016,0.43705160018937445,0.4449554700140473,0.45285933983872,0.4607632096633928,0.4686670794880656,0.47693303242540275,0.48519898536273987,0.493464938300077,0.5017308912374142,0.5099968441747514,0.5182627971120884,0.5265287500494257,0.5347947029867629,0.5430606559240999,0.5513266088614371,0.5588025848847668,0.5662785609080963,0.5737545369314258,0.5812305129547554,0.5887064889780849,0.5961824650014145,0.6036584410247441,0.6111344170480736,0.6186103930714032,0.6260863690947327,0.6316417409801744,0.6371971128656161,0.6427524847510578,0.6483078566364995,0.6538632285219411,0.659418600407383,0.6649739722928246,0.6705293441782664,0.676084716063708,0.6816400879491497,0.6853706592653638,0.6891012305815779,0.6928318018977919,0.696562373214006,0.7002929445302202,0.7040235158464341,0.7077540871626483,0.7114846584788624,0.7152152297950765,0.7189458011112906
REMIND-MAgPIE 3.5-4.11,SSP1 - Very Low Emissions,World,Emissions|CH2Cl2,kt CH2Cl2/yr,1612.1255576209262,1652.198290556777,1692.2710234926274,1568.65207044601,1445.0331173993925,1321.4141643527753,1197.795211306158,1074.1762582595406,933.0796209797888,791.982983700037,650.8863464202851,509.7897091405333,368.6930718607815,354.51852389313785,340.3439759254942,326.16942795785053,311.99487999020687,297.8203320225632,299.99400117003745,302.1676703175117,304.34133946498594,306.51500861246024,308.6886777599344,310.9006736385423,313.11266951715015,315.32466539575796,317.5366612743658,319.74865715297364,321.8538111073036,323.95896506163353,326.06411901596346,328.16927297029343,330.2744269246234,332.37958087895333,334.4847348332833,336.58988878761323,338.6950427419432,340.80019669627313,343.0017895739824,345.2033824516916,347.4049753294009,349.6065682071101,351.8081610848194,354.00975396252863,356.21134684023787,358.4129397179471,360.6145325956563,362.81612547336556,364.8073121752088,366.798498877052,368.78968557889516,370.7808722807383,372.7720589825815,374.76324568442476,376.7544323862679,378.7456190881111,380.7368057899543,382.72799249179747,384.2076364322764,385.68728037275525,387.1669243132342,388.6465682537131,390.1262121941919,391.60585613467083,393.08550007514975,394.5651440156287,396.0447879561075,397.5244318965864,398.51804984987336,399.5116678031603,400.5052857564473,401.49890370973424,402.4925216630212,403.48613961630815,404.47975756959517,405.4733755228822,406.4669934761691,407.4606114294561
REMIND-MAgPIE 3.5-4.11,SSP1 - Very Low Emissions,World,Emissions|CHCl3,kt CHCl3/yr,400.4993804646773,394.8214768980929,389.14357333150855,375.09442487464867,361.0452764177888,346.9961279609289,332.946979504069,318.89783104720914,312.4647201243174,306.0316092014257,299.598498278534,293.1653873556423,286.7322764327506,285.3885720204541,284.0448676081576,282.7011631958611,281.3574587835646,280.0137543712681,279.1324850022342,278.2512156332003,277.3699462641664,276.48867689513247,275.60740752609854,274.91777371525274,274.2281399044069,273.53850609356107,272.8488722827152,272.15923847186934,271.7268687668777,271.2944990618861,270.86212935689446,270.4297596519028,269.9973899469112,269.56502024191957,269.13265053692794,268.7002808319363,268.2679111269447,267.83554142195305,267.598008044149,267.360474666345,267.122941288541,266.885407910737,266.647874532933,266.41034115512895,266.1728077773249,265.9352743995209,265.69774102171687,265.46020764391284,265.31965607427253,265.1791045046322,265.0385529349919,264.89800136535166,264.75744979571135,264.61689822607104,264.47634665643074,264.3357950867905,264.1952435171502,264.05469194750987,263.93584411999126,263.81699629247265,263.69814846495404,263.57930063743544,263.46045280991683,263.3416049823982,263.2227571548797,263.10390932736107,262.98506149984246,262.86621367232385,262.83710772866397,262.8080017850041,262.7788958413442,262.7497898976843,262.7206839540244,262.69157801036454,262.6624720667047,262.6333661230448,262.60426017938494,262.57515423572505
REMIND-MAgPIE 3.5-4.11,SSP1 - Very Low Emissions,World,Emissions|NF3,kt NF3/yr,4.010291370035125,4.01349736823798,4.016587501956984,3.586285453550281,3.1588579400340584,2.7343049614083155,2.3126265176730514,1.8938226088282673,1.7291678371724402,1.5656228966724886,1.4031877873284135,1.2418625091402142,1.0816470621078904,1.066939769495207,1.0523100738743731,1.0377579752453883,1.023283473608253,1.0088865689629671,0.9915497972272902,0.9743125853885374,0.9571749334467091,0.9401368414018051,0.9231983092538251,0.9041928385046146,0.8853029889816995,0.8665287606850799,0.8478701536147556,0.829327167770727,0.8203751236839022,0.811467129073991,0.8026031839409936,0.7937832882849098,0.7850074421057396,0.776275645403483,0.7675878981781402,0.758944200429711,0.7503445521581954,0.7417889533635936,0.7332668812590294,0.7247889412348798,0.7163551332911454,0.7079654574278257,0.6996199136449208,0.6913185019424306,0.6830612223203554,0.6748480747786949,0.6666790593174492,0.6585541759366185,0.6484129474992478,0.6383326866030572,0.6283133932480475,0.6183550674342179,0.6084577091615688,0.5986213184301001,0.5888458952398119,0.579131439590704,0.5694779514827765,0.5598854309160295,0.5517341432972062,0.5435828556783827,0.5354315680595594,0.527280280440736,0.5191289928219126,0.5109777052030894,0.5028264175842659,0.4946751299654426,0.4865238423466192,0.4783725547277959,0.4695312327192887,0.46068991071078147,0.4518485887022742,0.443007266693767,0.4341659446852598,0.4253246226767526,0.41648330066824535,0.40764197865973817,0.39880065665123093,0.3899593346427237
MESSAGEix-GLOBIOM-GAINS 2.1-M-R12,SSP2 - Low Emissions,World,Emissions|BC,Mt BC/yr,7.21924524460418,6.963410425220161,6.708359494287598,6.559649504270274,6.411401849814343,6.263616530919802,6.116293547586655,5.9694328998148976,5.902331122167261,5.835279918157798,5.768279287786505,5.701329231053384,5.6344297479584355,5.520935678210918,5.407496251504391,5.294111467838856,5.18078132721431,5.067505829630756,4.957209877342709,4.846979617078794,4.7368150488390155,4.626716172623369,4.516682988431856,4.428911433074298,4.341146272629603,4.253387507097772,4.165635136478805,4.0778891607727035,4.02190726764873,3.9658820141933426,3.9098134004065415,3.853701426288327,3.797546091838697,3.737382948241915,3.6772749450510407,3.617222082266076,3.5572243598870195,3.497281777913872,3.447499907266137,3.3978651154155735,3.348377402362183,3.299036768105964,3.2498432126469172,3.200796735985042,3.1518973381203392,3.1031450190528087,3.0545397787824498,3.0060816173092633,2.9866201536647154,2.9671853795460565,2.947777294953287,2.9283958998864072,2.909041194345416,2.8897131783303145,2.8704118518411015,2.851137214877779,2.831889267440345,2.8126680095288004,2.7957193101626956,2.7787706107965913,2.761821911430487,2.7448732120643826,2.7279245126982783,2.7109758133321744,2.6940271139660696,2.6770784145999658,2.660129715233861,2.643181015867757,2.6200748920602437,2.5969687682527303,2.573862644445217,2.550756520637704,2.5276503968301904,2.504544273022677,2.4814381492151636,2.4583320254076506,2.435225901600137,2.4121197777926238
MESSAGEix-GLOBIOM-GAINS 2.1-M-R12,SSP2 - Low Emissions,World,Emissions|CH4,Mt CH4/yr,363.48990132891083,363.1413345013366,362.82117809957356,354.5863034821009,346.31874182375765,338.0184931245441,329.6855573844599,321.3199346035053,317.12233595306833,312.9398913801332,308.7726008847,304.6204644667687,300.4834821263393,298.4481937252431,296.41056983729794,294.370610462504,292.328315600861,290.28368525236914,286.27506869377686,282.2820521772588,278.3046357028149,274.34281927044515,270.39660288014954,267.4701957965938,264.5485621680456,261.63170199450514,258.7196152759723,255.81230201244705,252.13841045408398,248.47478983716852,244.82144016170065,241.1783614276804,237.54555363510767,233.0163646631596,228.4971948284137,223.98804413086995,219.48891257052838,214.99980014738895,211.93993199548098,208.8867872406435,205.84036588287657,202.80066792218008,199.7676933585542,196.74144219199874,193.7219144225138,190.7091100500994,187.70302907475553,184.70367149648217,183.13730234339585,181.5743891881287,180.01493203068065,178.45893087105173,176.906385709242,175.35729654525136,173.81166337907985,172.26948621072748,170.73076504019426,169.19549986748015,168.00341926225585,166.81133865703157,165.61925805180726,164.42717744658296,163.23509684135865,162.04301623613438,160.85093563091004,159.65885502568577,158.4667744204615,157.27469381523719,156.4901582939754,155.7056227727136,154.92108725145184,154.1365517301901,153.3520162089283,152.56748068766652,151.78294516640477,150.998409645143,150.21387412388123,149.42933860261945
MESSAGEix-GLOBIOM-GAINS 2.1-M-R12,SSP2 - Low Emissions,World,Emissions|CO,Mt CO/yr,774.0534343017323,746.3927656392971,718.9076280607818,701.6561620669687,684.4876567487615,667.4021121061602,650.3995281391648,633.4799048477754,627.54320196823,621.6343582211468,615.7533736065257,609.9002481243666,604.0749817746696,594.8325301448991,585.6375202581339,576.489952114374,567.3898257136193,558.3371410558698,549.5421785496909,540.7718596736614,532.0261844277813,523.3051528120506,514.6087648264692,507.83375245399617,501.0772586141168,494.3392833068308,487.6198265321384,480.9188882900395,475.2220733412998,469.53635720826367,463.8617398909309,458.1982213893017,452.54580170337596,447.62311524615063,442.71380931962744,437.81788392380656,432.9353390586879,428.0661747242714,423.9217887885055,419.7762716428618,415.6296232873401,411.4818437219406,407.33293294666305,403.1828909615077,399.03171776647457,394.8794133615634,390.72597774677445,386.57141092210753,385.30274766396815,384.027068885978,382.7443745881371,381.4546647704453,380.1579394329026,378.8541985755091,377.5434421982648,376.22567030116966,374.9008828842237,373.5690799474268,372.8907814260299,372.21248290463296,371.5341843832361,370.85588586183917,370.17758734044224,369.49928881904526,368.8209902976484,368.14269177625147,367.4643932548546,366.7860947334577,365.4919666209623,364.1978385084669,362.90371039597153,361.60958228347613,360.3154541709808,359.02132605848544,357.7271979459901,356.43306983349464,355.1389417209993,353.84481360850396
MESSAGEix-GLOBIOM-GAINS 2.1-M-R12,SSP2 - Low Emissions,World,Emissions|CO2|Energy and Industrial Processes,Mt CO2/yr,38712.21703981296,38995.926634310206,39278.350877734054,38538.45175118382,37795.75893647725,37050.27243361434,36301.99224259508,35550.91836341949,34792.79803173527,34031.89916806732,33268.221772415636,32501.76584478022,31732.531385161063,30912.450013000907,30086.8819649706,29255.82724107013,28419.285841299505,27577.257765658724,26705.001694992683,25832.59834048516,24960.047702136173,24087.349779945707,23214.504573913775,22232.631340743294,21251.1471231125,20270.051921021393,19289.34573446997,18309.02856345824,17408.199364872977,16507.17084286796,15605.9429974432,14704.515828598685,13802.889336334416,13051.15716794794,12298.92590208586,11546.195538748178,10792.96607793489,10039.237519645998,9403.910639086896,8768.015763050766,8131.552891537603,7494.522024547416,6856.923162080199,6218.756304135953,5580.021450714678,4940.718601816375,4300.8477574410435,3660.4089175886847,3302.883773516454,2945.292163956787,2587.634088909684,2229.909548375145,1872.118542353169,1514.2610708437553,1156.3371338469058,798.3467313626215,440.2898633908994,82.16652993174003,-71.23962413913691,-224.6457782100143,-378.05193228089234,-531.4580863517707,-684.8642404226481,-838.2703944935249,-991.6765485644014,-1145.0827026352795,-1298.488856706157,-1451.8950107770354,-1666.0618847835933,-1880.228758790152,-2094.395632796709,-2308.5625068032673,-2522.729380809825,-2736.896254816384,-2951.0631288229415,-3165.2300028295003,-3379.396876836058,-3593.5637508426153
MESSAGEix-GLOBIOM-GAINS 2.1-M-R12,SSP2 - Low Emissions,World,Emissions|N2O,kt N2O/yr,11289.003670665752,11350.802983300498,11412.661474798817,11383.96456721069,11355.85964774201,11328.346716392782,11301.425773163004,11275.096818052674,11199.061226394644,11123.553076331526,11048.572367863322,10974.119100990029,10900.19327571165,10826.115630781216,10752.335382093985,10678.852529649954,10605.66707344912,10532.779013491489,10468.1184307533,10403.52493619296,10338.998529810464,10274.539211605814,10210.146981579013,10154.264682596939,10098.337950127556,10042.366784170861,9986.35118472686,9930.291151795549,9869.272944821769,9808.176279126807,9747.001154710668,9685.747571573345,9624.415529714846,9587.481519361532,9550.5242486772,9513.543717661862,9476.53992631551,9439.512874638145,9417.604683227106,9395.649389647147,9373.646993898261,9351.597495980455,9329.500895893723,9307.35719363807,9285.166389213493,9262.928482619996,9240.643473857574,9218.311362926228,9202.98060119327,9187.519417004967,9171.927810361329,9156.205781262342,9140.35332970802,9124.37045569835,9108.25715923334,9092.013440312989,9075.639298937293,9059.134735106258,9036.143175777494,9013.151616448728,8990.160057119965,8967.1684977912,8944.176938462435,8921.185379133669,8898.193819804905,8875.20226047614,8852.210701147376,8829.21914181861,8807.007187689933,8784.79523356125,8762.583279432572,8740.371325303893,8718.159371175214,8695.947417046535,8673.735462917855,8651.523508789178,8629.311554660497,8607.09960053182
MESSAGEix-GLOBIOM-GAINS 2.1-M-R12,SSP2 - Low Emissions,World,Emissions|NH3,Mt NH3/yr,69.11340089954984,69.39643536347145,69.67993904614973,70.00874144888957,70.33645690761993,70.66308542234077,70.9886269930521,71.31308161975392,71.26670299950291,71.22356636056458,71.18367170293891,71.1470190266259,71.11360833162556,71.01541462219858,70.9146338776394,70.8112660979481,70.70531128312462,70.59676943316899,70.33892329612264,70.0786832219532,69.81604921066065,69.55102126224502,69.28359937670628,69.02268419215967,68.75799899528079,68.48954378606966,68.21731856452627,67.94132333065062,67.64454591102599,67.34035747335088,67.02875801762534,66.70974754384929,66.38332605202281,66.00160794711,65.6103598208741,65.20958167331509,64.79927350443297,64.37943531422776,64.0000261401408,63.61900765567377,63.23637986082666,62.852142755599495,62.466296339992226,62.07884061400489,61.68977557763748,61.299101230889995,60.90681757376243,60.51292460625478,60.168306324868595,59.822436207045214,59.475314252784635,59.12694046208686,58.77731483495188,58.42643737137971,58.074308071370346,57.72092693492378,57.36629396204003,57.01040915271906,56.61877748303315,56.22714581334723,55.83551414366131,55.44388247397539,55.05225080428947,54.66061913460355,54.26898746491764,53.87735579523172,53.48572412554581,53.09409245585989,52.59270341483318,52.09131437380647,51.589925332779764,51.08853629175306,50.587147250726346,50.08575820969962,49.584369168672914,49.08298012764621,48.581591086619504,48.08020204559279
MESSAGEix-GLOBIOM-GAINS 2.1-M-R12,SSP2 - Low Emissions,World,Emissions|NOx,Mt NO2/yr,127.51049405918616,126.46389746794728,125.42139994924761,125.0333879175949,124.64180014503484,124.24663663156747,123.84789737719278,123.44558238191077,121.39880026713533,119.35820836448929,117.32380667397257,115.2955951955852,113.27357392932716,111.54827183191469,109.82434458349526,108.1017921840689,106.38061463363559,104.66081193219532,103.16214917562942,101.66428056047238,100.1672060867242,98.67092575438494,97.17543956345452,95.54963305275547,93.9224951905006,92.29402597668991,90.6642254113234,89.03309349440109,87.80184226159001,86.56818608774418,85.33212497286355,84.09365891694814,82.85278791999795,82.1240602174024,81.39473808877369,80.66482153411181,79.93431055341676,79.20320514668856,78.73863525959851,78.27450866021351,77.81082534853358,77.34758532455874,76.88478858828894,76.42243513972421,75.96052497886456,75.49905810570996,75.03803452026042,74.57745422251597,74.39354834247214,74.20946063777834,74.02519110843451,73.8407397544407,73.65610657579688,73.47129157250308,73.28629474455929,73.10111609196547,72.91575561472168,72.73021331282787,71.90220021861398,71.0741871244001,70.24617403018622,69.41816093597234,68.59014784175845,67.76213474754458,66.93412165333069,66.1061085591168,65.27809546490293,64.45008237068905,63.93964602586118,63.42920968103331,62.91877333620545,62.40833699137758,61.897900646549715,61.387464301721856,60.87702795689398,60.36659161206612,59.85615526723825,59.345718922410384
MESSAGEix-GLOBIOM-GAINS 2.1-M-R12,SSP2 - Low Emissions,World,Emissions|OC,Mt OC/yr,34.14789091300629,32.91728669608926,31.694817008167576,30.782757926947024,29.87435320134812,28.969602831370864,28.06850681701526,27.1710651582813,27.03411881882904,26.897004003648362,26.759720712739274,26.62226894610177,26.484648703735857,26.16733595123518,25.85087191599666,25.535256598020293,25.22048999730609,24.906572113854043,24.594128439411175,24.282842406770435,23.97271401593181,23.66374326689531,23.35593015966094,23.114906195933834,22.874541508785256,22.634836098215207,22.39578996422369,22.157403106810705,21.928428663152367,21.70005292881801,21.472275903807628,21.24509758812122,21.01851798175879,20.762527224476806,20.507571706002544,20.25365142633601,20.000766385477206,19.748916583426134,19.547361272258623,19.346731258616586,19.14702654250001,18.948247123908907,18.750393002843275,18.55346417930311,18.357460653288413,18.162382424799187,17.968229493835423,17.775001860397136,17.675764825150576,17.576198265295446,17.476302180831752,17.376076571759484,17.275521438078645,17.174636779789243,17.073422596891266,16.971878889384723,16.87000565726961,16.767802900545924,16.720048134933073,16.672293369320215,16.624538603707357,16.576783838094503,16.529029072481645,16.48127430686879,16.433519541255937,16.38576477564308,16.338010010030224,16.290255244417366,16.153828556064134,16.017401867710902,15.880975179357666,15.74454849100443,15.608121802651198,15.471695114297965,15.33526842594473,15.198841737591497,15.062415049238265,14.925988360885029
MESSAGEix-GLOBIOM-GAINS 2.1-M-R12,SSP2 - Low Emissions,World,Emissions|Sulfur,Mt SO2/yr,71.9020378409034,69.5304042772758,67.1694651455759,65.01958226036717,62.88182888772999,60.75620502766433,58.642710680170225,56.54134584524764,55.175726544796525,53.81186054903455,52.44974785796173,51.08938847157805,49.7307823898835,48.26119339331014,46.79272664484506,45.3253821444883,43.85915989223986,42.394059888099704,41.5997535802569,40.805596973867054,40.01159006893019,39.21773286544628,38.42402536341534,37.49831475807382,36.57486132817014,35.65366507370429,34.73472599467628,33.81804409108611,33.07803082713418,32.341280640998605,31.607793532679374,30.8775695021765,30.150608549489966,29.72070710132633,29.29197665943669,28.864417223821043,28.4380287944794,28.012811371411757,27.556198247472864,27.10149861143596,26.648712463301052,26.19783980306813,25.74888063073721,25.301834946308272,24.856702749781327,24.41348404115638,23.972178820433424,23.532787087612455,23.29674878884347,23.061139420193022,22.825958981661113,22.591207473247742,22.356884894952913,22.122991246776618,21.889526528718864,21.65649074077965,21.42388388295897,21.191705955256836,21.046312318761927,20.90091868226702,20.755525045772114,20.61013140927721,20.4647377727823,20.31934413628739,20.173950499792483,20.028556863297577,19.88316322680267,19.737769590307764,19.631945886230234,19.52612218215271,19.420298478075182,19.31447477399766,19.208651069920137,19.102827365842607,18.997003661765085,18.89117995768756,18.785356253610033,18.679532549532507
MESSAGEix-GLOBIOM-GAINS 2.1-M-R12,SSP2 - Low Emissions,World,Emissions|VOC,Mt VOC/yr,191.24428648185568,188.5058392311983,185.781414792334,183.04674309543498,180.31035905359258,177.57226266680672,174.8324539350774,172.0909328584047,170.35956687405445,168.6267511500048,166.89248568625587,165.1567704828076,163.41960553965998,161.3773736917419,159.33608890428218,157.2957511772808,155.25636051073792,153.21791690465332,151.6628150801218,150.10393881556402,148.5412881109801,146.97486296636998,145.40466338173366,143.96487143771387,142.5216599996641,141.07502906758435,139.62497864147457,138.17150872133485,137.02155407773205,135.86984480760088,134.71638091094133,133.56116238775337,132.404189238037,131.38183565890904,130.36023332451185,129.33938223484535,128.3192823899096,127.29993378970457,126.01408914070004,124.72829861472808,123.4425622117887,122.15687993188189,120.87125177500762,119.58567774116594,118.30015783035682,117.0146920425803,115.7292803778363,114.4439228361249,114.02270659812328,113.60093521156806,113.17860867645925,112.75572699279687,112.3322901605809,111.90829817981134,111.48375105048818,111.05864877261148,110.63299134618114,110.20677877119726,109.73099400481473,109.25520923843219,108.77942447204963,108.3036397056671,107.82785493928455,107.35207017290202,106.87628540651947,106.40050064013693,105.92471587375438,105.44893110737186,104.81737340056605,104.18581569376026,103.55425798695447,102.92270028014869,102.2911425733429,101.65958486653712,101.02802715973132,100.39646945292552,99.76491174611974,99.13335403931393
MESSAGEix-GLOBIOM-GAINS 2.1-M-R12,SSP2 - Low Emissions,World,Emissions|CF4,kt CF4/yr,15.117718127834522,15.163485716581281,15.209058987937189,15.390087089871557,15.572117851585142,15.755151273077942,15.939187354349958,16.12422609540119,16.54544700929105,16.969701030722465,17.39698815969545,17.827308396209997,18.260661740266112,17.101812343926873,15.932514402172195,14.752767915002082,13.562572882416536,12.361929304415549,12.522867520160988,12.684712573195341,12.847464463518605,13.011123191130787,13.175688756031878,13.438142679379283,13.702289820697723,13.968130179987197,14.235663757247703,14.504890552479246,14.800410624701383,15.097819422780029,15.397116946715176,15.698303196506828,16.001378172154986,16.322689831932955,16.6460176111093,16.971361509684023,17.298721527657126,17.628097665028605,17.971731041340423,18.31747410468569,18.665326855064404,19.015289292476563,19.367361416922172,19.721543228401227,20.07783472691373,20.436235912459672,20.796746785039065,21.15936734465191,21.51964380088117,21.881997153835997,22.246427403516385,22.61293454992234,22.98151859305386,23.35217953291094,23.724917369493586,24.099732102801795,24.476623732835574,24.85559225959491,25.132212490230582,25.408832720866258,25.68545295150193,25.9620731821376,26.238693412773273,26.51531364340895,26.79193387404462,27.06855410468029,27.345174335315967,27.62179456595164,27.86108569376631,28.10037682158098,28.33966794939565,28.57895907721032,28.818250205024988,29.05754133283966,29.29683246065433,29.536123588469,29.77541471628367,30.01470584409834
MESSAGEix-GLOBIOM-GAINS 2.1-M-R12,SSP2 - Low Emissions,World,Emissions|HFC|HFC125,kt HFC125/yr,124.07430000000001,129.99080562584362,135.92539042618182,134.36778438845155,132.8045951347666,131.23582266512682,129.66146697953232,128.08152807798305,119.84538052228054,111.5828595749765,103.29396523607086,94.9786975055637,86.63705638345499,86.42276615502011,86.20739381566251,85.99093936538222,85.77340280417918,85.55478413205346,86.82355607632664,88.09582733832588,89.3715979180512,90.65086781550256,91.93363703068,93.1757740745395,94.42127563932316,95.67014172503094,96.92237233166287,98.17796745921893,99.20715173423011,100.23900401468359,101.27352430057937,102.31071259191744,103.35056888869778,104.02980711765336,104.71062040965998,105.39300876471768,106.0769721828264,106.76251066398618,106.45839725549331,106.15289907560219,105.84601612431284,105.53774840162528,105.22809590753947,104.91705864205545,104.6046366051732,104.29082979689268,103.97563821721398,103.65906186613702,104.24386756930346,104.82994453582457,105.41729276570037,106.00591225893085,106.595803015516,107.18696503545584,107.77939831875037,108.37310286539956,108.96807867540345,109.564325748762,109.76258238504107,109.96083902132014,110.15909565759921,110.35735229387828,110.55560893015735,110.75386556643642,110.95212220271549,111.15037883899456,111.34863547527362,111.5468921115527,111.61880659330768,111.69072107506265,111.76263555681763,111.83455003857262,111.9064645203276,111.97837900208258,112.05029348383755,112.12220796559254,112.19412244734752,112.2660369291025
MESSAGEix-GLOBIOM-GAINS 2.1-M-R12,SSP2 - Low Emissions,World,Emissions|HFC|HFC134a,kt HFC134a/yr,291.7886,294.1720881887045,296.5145905880489,289.4802030978189,282.5038237242173,275.58545246724407,268.72508932689937,261.9227343031831,259.69280781697574,257.4717169681954,255.2594617568419,253.0560421829153,250.86145824641562,249.0473199906367,247.23785637217802,245.43306739103951,243.63295304722126,241.8375133407232,241.77563590236173,241.698516846095,241.606156171923,241.49855387984576,241.37570996986327,241.88472978005177,242.3708324687003,242.83401803580895,243.27428648137757,243.69163780540632,244.09238905735432,244.47014596964505,244.82490854227854,245.15667677525465,245.46545066857345,243.69223466611507,241.92198638349151,240.1547058207028,238.3903929777489,236.6290478546298,235.14927478366485,233.66884214350932,232.18774993416318,230.70599815562642,229.22358680789904,227.74051589098107,226.2567854048725,224.77239534957332,223.28734572508358,221.80163653140312,221.5665709753822,221.31342013816206,221.0421840197427,220.75286262012418,220.4454559393065,220.1199639772896,219.7763867340735,219.4147242096582,219.03497640404376,218.6371433172301,219.20989807508613,219.78265283294212,220.35540759079814,220.92816234865415,221.50091710651014,222.07367186436616,222.64642662222218,223.2191813800782,223.7919361379342,224.3646908957902,224.81174985934513,225.25880882290005,225.705867786455,226.15292675000993,226.59998571356485,227.04704467711977,227.4941036406747,227.94116260422965,228.38822156778457,228.8352805313395
MESSAGEix-GLOBIOM-GAINS 2.1-M-R12,SSP2 - Low Emissions,World,Emissions|HFC|HFC143a,kt HFC143a/yr,35.833800000000004,37.751627012032884,39.669454024065764,40.167918579994485,40.6663831359232,41.164847691851904,41.663312247780624,42.16177680370934,42.57168119541723,42.98158558712512,43.391489978833,43.80139437054089,44.21129876224878,44.654810709075996,45.09832265590322,45.54183460273043,45.985346549557654,46.42885849638487,47.107337454797566,47.78581641321027,48.46429537162297,49.14277433003567,49.82125328844837,50.49080679617224,51.1603603038961,51.829913811619974,52.499467319343836,53.169020827067705,53.711466915492046,54.253913003916395,54.79635909234073,55.33880518076507,55.88125126918941,56.22276638052113,56.564281491852846,56.90579660318456,57.24731171451628,57.588826825847995,57.41543972697011,57.24205262809221,57.06866552921432,56.89527843033643,56.721891331458544,56.54850423258065,56.37511713370276,56.20173003482487,56.02834293594698,55.85495583706909,56.14617540046813,56.43739496386718,56.72861452726622,57.01983409066526,57.3110536540643,57.60227321746334,57.89349278086239,58.18471234426143,58.475931907660474,58.76715147105951,58.93260174621933,59.098052021379154,59.26350229653896,59.42895257169878,59.5944028468586,59.75985312201842,59.92530339717823,60.090753672338046,60.256203947497866,60.42165422265768,60.52060542423347,60.61955662580926,60.71850782738505,60.81745902896083,60.91641023053663,61.015361432112414,61.1143126336882,61.213263835263994,61.312215036839774,61.41116623841557
MESSAGEix-GLOBIOM-GAINS 2.1-M-R12,SSP2 - Low Emissions,World,Emissions|HFC|HFC227ea,kt HFC227ea/yr,6.6453,6.616944159968623,6.588451389587642,6.550543537867069,6.51261174398724,6.474656007948153,6.436676329749811,6.39867270939221,6.355416863772972,6.312202744650165,6.26903035202379,6.225899685893847,6.182810746260334,6.135699243175592,6.088682170098872,6.041759527030176,5.994931313969499,5.948197530916844,5.896942629413485,5.845844015180368,5.79490168821749,5.744115648524854,5.693485896102461,5.637708953722796,5.582161839421625,5.526844553198948,5.471757095054767,5.416899464989081,5.356421420882585,5.296257240602624,5.236406924149193,5.176870471522296,5.117647882721931,5.055090960341232,4.9929022582933005,4.931081776578135,4.8696295151957365,4.808545474146104,4.746341906250139,4.684529583086172,4.6231085046542,4.562078670954226,4.5014400819862495,4.44119273775027,4.381336638246287,4.3218717834743,4.262798173434311,4.20411580812632,4.146116622820063,4.088503785326904,4.031277295646843,3.9744371537798795,3.917983359726014,3.861915913485245,3.8062348150575755,3.7509400644430038,3.69603166164153,3.641509606653154,3.620088921804245,3.598668236955336,3.577247552106427,3.555826867257518,3.534406182408609,3.5129854975597,3.491564812710791,3.470144127861882,3.448723443012973,3.427302758164064,3.407251807453744,3.3872008567434237,3.3671499060331036,3.3470989553227835,3.3270480046124637,3.3069970539021436,3.2869461031918235,3.2668951524815033,3.246844201771183,3.226793251060863
MESSAGEix-GLOBIOM-GAINS 2.1-M-R12,SSP2 - Low Emissions,World,Emissions|HFC|HFC23,kt HFC23/yr,14.051843086776302,14.051843086776302,14.051843086776302,14.051843086776302,14.051843086776302,14.051843086776302,14.051843086776302,14.051843086776302,14.051843086776302,14.051843086776302,14.051843086776302,14.051843086776302,14.051843086776302,14.051843086776302,14.051843086776302,14.051843086776302,14.051843086776302,14.051843086776302,14.051843086776302,14.051843086776302,14.051843086776302,14.051843086776302,14.051843086776302,14.051843086776302,14.051843086776302,14.051843086776302,14.051843086776302,14.051843086776302,14.051843086776302,14.051843086776302,14.051843086776302,14.051843086776302,14.051843086776302,14.051843086776302,14.051843086776302,14.051843086776302,14.051843086776302,14.051843086776302,14.051843086776302,14.051843086776302,14.051843086776302,14.051843086776302,14.051843086776302,14.051843086776302,14.051843086776302,14.051843086776302,14.051843086776302,14.051843086776302,14.051843086776302,14.051843086776302,14.051843086776302,14.051843086776302,14.051843086776302,14.051843086776302,14.051843086776302,14.051843086776302,14.051843086776302,14.051843086776302,14.051843086776302,14.051843086776302,14.051843086776302,14.051843086776302,14.051843086776302,14.051843086776302,14.051843086776302,14.051843086776302,14.051843086776302,14.051843086776302,14.051843086776302,14.051843086776302,14.051843086776302,14.051843086776302,14.051843086776302,14.051843086776302,14.051843086776302,14.051843086776302,14.051843086776302,14.051843086776302
MESSAGEix-GLOBIOM-GAINS 2.1-M-R12,SSP2 - Low Emissions,World,Emissions|HFC|HFC245fa,kt HFC245fa/yr,15.5045,16.178811496923586,16.859018626477095,17.25262573249896,17.649270237729418,18.048952142168478,18.451671445816135,18.857428148672383,18.983180692692073,19.109270744404768,19.235698303810455,19.362463370909143,19.489565945700832,19.773603906633863,20.05943834694949,20.34706926664772,20.636496665728547,20.92772054419197,21.138845123296417,21.35102055232063,21.56424683126461,21.778523960128346,21.993851938911853,22.233023592341766,22.473448997214916,22.715128153531303,22.958061061290923,23.202247720493773,23.255493358603577,23.308319079456663,23.36072488305304,23.41271076939271,23.464276738475665,23.52035222068678,23.576049797443282,23.631369468745174,23.68631123459245,23.740875094985114,23.769390647712914,23.79731407938383,23.824645389997873,23.851384579555035,23.87753164805531,23.903086595498714,23.928049421885234,23.95242012721488,23.97619871148764,23.999385174703527,24.150263404296698,24.301577145184694,24.4533263973675,24.605511160845126,24.758131435617567,24.91118722168482,25.064678519046893,25.218605327703777,25.372967647655486,25.527765478902,25.497247482686994,25.466729486471984,25.436211490256976,25.40569349404197,25.37517549782696,25.34465750161195,25.314139505396945,25.283621509181938,25.253103512966927,25.22258551675192,25.116947633420395,25.01130975008887,24.905671866757345,24.80003398342582,24.694396100094295,24.58875821676277,24.483120333431245,24.37748245009972,24.271844566768195,24.16620668343667
MESSAGEix-GLOBIOM-GAINS 2.1-M-R12,SSP2 - Low Emissions,World,Emissions|HFC|HFC32,kt HFC32/yr,105.566,109.13916735651104,112.66717055988754,108.24129083771741,103.8573667878175,99.51539841018783,95.21538570482838,90.95732867173918,73.91116103276669,57.052283206720944,40.38069519360191,23.896396993409596,7.599388606144006,6.149702529353782,4.716403144408521,3.299490451308228,1.8989644500529002,0.5148251406425387,0.542612126610036,0.5700285607401857,0.5970744430329878,0.6237497734884426,0.6500545521065498,0.6686869383381385,0.6870391646640431,0.705111231084264,0.7229031375988009,0.7404148842076539,0.7197328650435314,0.6992550205594784,0.678981350755495,0.6589118556315811,0.6390465351877368,0.5938256311459683,0.5491461917255713,0.505008216926546,0.4614117067488923,0.4183566611926101,0.3863398005501646,0.3547211628329164,0.32350074804086526,0.29267855617401145,0.2622545872323549,0.23222884121589552,0.2026013181246334,0.1733720179585685,0.14454094071770085,0.11610808640203041,0.1059612573215714,0.09595067314378114,0.08607633386865958,0.07633823949620674,0.06673639002642265,0.05727078545930727,0.04794142579486062,0.03874831103308269,0.029691441173973487,0.020770816217533003,0.018693734595781848,0.016616652974030695,0.01453957135227954,0.012462489730528386,0.010385408108777232,0.008308326487026077,0.006231244865274923,0.0041541632435237695,0.002077081621772614,2.146133846394413e-14,1.9315204617549718e-14,1.7169070771155305e-14,1.5022936924760892e-14,1.2876803078366478e-14,1.0730669231972065e-14,8.584535385577651e-15,6.438401539183238e-15,4.2922676927888255e-15,2.1461338463944127e-15,0.0
MESSAGEix-GLOBIOM-GAINS 2.1-M-R12,SSP2 - Low Emissions,World,Emissions|HFC|HFC43-10,kt HFC4310/yr,0.8826,0.8854347259714166,0.8882694519428332,0.8911284713037412,0.8939874906646492,0.896846510025557,0.899705529386465,0.902564548747373,0.9052916861708132,0.9080188235942533,0.9107459610176936,0.9134730984411338,0.9162002358645739,0.9188101506762787,0.9214200654879834,0.9240299802996883,0.926639895111393,0.9292498099230978,0.9316455935487912,0.9340413771744847,0.936437160800178,0.9388329444258714,0.9412287280515648,0.9434651303843328,0.9457015327171008,0.9479379350498687,0.9501743373826367,0.9524107397154046,0.9541556414617589,0.9559005432081129,0.9576454449544672,0.9593903467008212,0.9611352484471755,0.9626286185914875,0.9641219887357995,0.9656153588801114,0.9671087290244235,0.9686020991687354,0.9698423186431329,0.9710825381175303,0.9723227575919277,0.9735629770663251,0.9748031965407228,0.9760434160151202,0.9772836354895177,0.978523854963915,0.9797640744383125,0.9810042939127099,0.9818281750448261,0.9826520561769424,0.9834759373090584,0.9842998184411746,0.9851236995732908,0.9859475807054071,0.9867714618375233,0.9875953429696394,0.9884192241017555,0.9892431052338718,0.9891460329835943,0.9890489607333167,0.9889518884830393,0.9888548162327617,0.9887577439824845,0.988660671732207,0.9885635994819295,0.988466527231652,0.9883694549813745,0.988272382731097,0.9873867823558254,0.9865011819805538,0.9856155816052821,0.9847299812300107,0.9838443808547391,0.9829587804794675,0.9820731801041958,0.9811875797289243,0.9803019793536528,0.9794163789783812
MESSAGEix-GLOBIOM-GAINS 2.1-M-R12,SSP2 - Low Emissions,World,Emissions|SF6,kt SF6/yr,9.3520936282727,9.584770672531587,9.817755908187799,9.207922547221397,8.597250732982095,7.985740465469897,7.373391744684804,6.760204570626814,6.1891393951970315,5.617293994340126,5.0446683680560955,4.471262516344943,3.897076439206669,3.8545542672102604,3.811971098182851,3.76932693212444,3.726621769035028,3.683855608914615,3.6375994058181567,3.591277589306577,3.544890159379877,3.498437116038056,3.451918459281115,3.346939286075778,3.2418161484906616,3.136549046525765,3.031137980181089,2.9255829494566337,2.825941876708764,2.7261649405836414,2.6262521410812667,2.5262034782016394,2.426018951944759,2.3248486273715065,2.2235413066261662,2.122096989708739,2.020515676619224,1.9187973673576213,1.8684202900355946,1.8179745989671108,1.7674602941521702,1.716877375590773,1.6662258432829187,1.6155056972286077,1.5647169374278396,1.513859563880615,1.4629335765869333,1.411938975546795,1.37378413258273,1.3355777099012955,1.2973197075024918,1.2590101253863188,1.2206489635527766,1.1822362220018652,1.143771900733584,1.105255999747934,1.0666885190449147,1.028069458624526,1.0039561036050786,0.979842748585631,0.9557293935661835,0.931616038546736,0.9075026835272886,0.883389328507841,0.8592759734883935,0.835162618468946,0.8110492634494986,0.786935908430051,0.7825787298774174,0.7782215513247838,0.7738643727721503,0.7695071942195166,0.765150015666883,0.7607928371142494,0.7564356585616158,0.7520784800089823,0.7477213014563486,0.743364122903715
MESSAGEix-GLOBIOM-GAINS 2.1-M-R12,SSP2 - Low Emissions,World,Emissions|CO2|AFOLU,Mt CO2/yr,3627.550666666666,3566.9987184173215,3506.4467701679787,2901.392762318635,2296.3387544692914,1691.2847466199473,1086.2307387706037,481.17673092126006,212.10681417191608,-56.96310257742766,-326.0330193267715,-595.1029360761156,-864.1728528254594,-1133.242769574803,-1402.312686324147,-1671.3826030734908,-1940.4525198228348,-2209.5224365721783,-2436.491067321522,-2663.459698070866,-2890.42832882021,-3117.3969595695535,-3344.3655903188974,-3571.3342210682413,-3798.302851817585,-4025.271482566929,-4252.240113316273,-4479.208744065617,-4573.981188114961,-4668.753632164305,-4763.526076213648,-4858.298520262992,-4953.0709643123355,-5047.843408361679,-5142.615852411023,-5237.388296460367,-5332.160740509711,-5426.933184559055,-5461.153605108399,-5495.374025657743,-5529.594446207087,-5563.81486675643,-5598.035287305775,-5632.255707855118,-5666.476128404462,-5700.696548953805,-5734.91696950315,-5769.137390052493,-5796.554261601837,-5823.971133151181,-5851.388004700524,-5878.804876249869,-5906.221747799213,-5933.638619348556,-5961.055490897899,-5988.4723624472435,-6015.889233996588,-6043.306105545931,-6040.383394395275,-6037.460683244619,-6034.537972093963,-6031.615260943307,-6028.692549792651,-6025.769838641994,-6022.847127491339,-6019.924416340682,-6017.001705190027,-6014.078994039371,-5979.365062788715,-5944.651131538058,-5909.937200287402,-5875.223269036746,-5840.509337786089,-5805.795406535433,-5771.081475284777,-5736.367544034121,-5701.653612783465,-5666.939681532809
MESSAGEix-GLOBIOM-GAINS 2.1-M-R12,SSP2 - Low Emissions,World,Emissions|C2F6,kt C2F6/yr,2.4318727086493497,2.332867536816386,2.2338623649834215,1.9604047518498482,1.6869471387162747,1.4134895255827014,1.140031912449128,0.8665742993155545,0.8121143952866242,0.7576544912576939,0.7031945872287637,0.6487346831998334,0.5942747791709031,0.573657248185462,0.553039717200021,0.5324221862145799,0.511804655229139,0.49118712424369787,0.4510368997209394,0.4108866751981809,0.37073645067542244,0.330586226152664,0.29043600162990546,0.2753868797310292,0.260337757832153,0.24528863593327682,0.23023951403440057,0.21519039213552435,0.20850561198218828,0.20182083182885222,0.19513605167551615,0.18845127152218008,0.18176649136884399,0.17508171121550792,0.16839693106217185,0.16171215090883578,0.15502737075549972,0.14834259060216365,0.14132166571272525,0.13430074082328688,0.12727981593384846,0.1202588910444101,0.1132379661549717,0.10621704126553332,0.09919611637609492,0.09217519148665652,0.08515426659721814,0.07813334170777976,0.07558971474624077,0.0730460877847018,0.07050246082316282,0.06795883386162384,0.06541520690008486,0.06287157993854588,0.06032795297700691,0.05778432601546792,0.055240699053928956,0.05269707209238997,0.050624731580180105,0.04855239106797024,0.04648005055576038,0.04440771004355052,0.04233536953134066,0.04026302901913079,0.03819068850692093,0.036118347994711066,0.0340460074825012,0.03197366697029134,0.031466148848573676,0.030958630726856007,0.030451112605138345,0.029943594483420682,0.02943607636170302,0.02892855823998535,0.02842104011826769,0.027913521996550027,0.027406003874832358,0.026898485753114695
MESSAGEix-GLOBIOM-GAINS 2.1-M-R12,SSP2 - Low Emissions,World,Emissions|C6F14,kt C6F14/yr,0.06299797716610878,0.06299797716610878,0.06299797716610878,0.05602619918316449,0.04905442120022021,0.04208264321727593,0.03511086523433165,0.02813908725138737,0.026165385344181794,0.024191683436976214,0.02221798152977064,0.020244279622565066,0.018270577715359487,0.017955817057531187,0.017641056399702884,0.017326295741874585,0.01701153508404628,0.01669677442621798,0.016381321711417998,0.016065868996618014,0.015750416281818034,0.01543496356701805,0.015119510852218068,0.014804520825324134,0.014489530798430201,0.014174540771536267,0.013859550744642334,0.0135445607177484,0.013317768386464084,0.013090976055179771,0.012864183723895455,0.01263739139261114,0.012410599061326825,0.01218380673004251,0.011957014398758193,0.01173022206747388,0.011503429736189563,0.011276637404905249,0.01108764329002452,0.010898649175143793,0.010709655060263064,0.010520660945382338,0.010331666830501608,0.01014267271562088,0.009953678600740153,0.009764684485859425,0.009575690370978697,0.009386696256097967,0.009197702564407398,0.009008708872716827,0.008819715181026255,0.008630721489335684,0.008441727797645114,0.008252734105954543,0.008063740414263972,0.0078747467225734,0.00768575303088283,0.007496759339192259,0.007307765259577379,0.0071187711799625,0.006929777100347621,0.00674078302073274,0.00655178894111786,0.0063627948615029815,0.006173800781888102,0.005984806702273222,0.005795812622658342,0.005606818543043463,0.005417824710289508,0.005228830877535553,0.005039837044781598,0.0048508432120276425,0.004661849379273688,0.004472855546519733,0.004283861713765777,0.004094867881011823,0.0039058740482578675,0.0037168802155039126
MESSAGEix-GLOBIOM-GAINS 2.1-M-R12,SSP2 - Low Emissions,World,Emissions|CCl4,kt CCl4/yr,40.29730841776712,37.50789908721917,34.97059468917428,32.45607274800954,30.041195560361583,27.59194199306125,25.1003211824228,23.540679165010218,23.66215085705868,24.613811336994797,25.645094446025325,26.622458514801583,27.60931923332551,28.749158685300277,29.974413939725984,31.218108892865505,32.40851712214511,33.612065815511066,34.96891841421419,36.485634433509105,37.956174790100064,39.37482685712287,40.95190533887724,42.623347422418426,44.31877940609281,46.110643080755416,47.93128464097561,49.85335365481167,51.36728428414336,51.850312775110346,51.85195053191414,51.80997896228317,51.78694343097321,51.85612873048341,51.87856612255041,51.85070620181917,51.841497605504344,51.85054296096383,51.878310586601714,51.855170227969545,51.776693435939556,51.78144795365209,51.87345182111351,51.91414012578559,51.89998637586837,51.900405539389915,51.8448915148703,51.79911357016939,51.83642505115401,51.81738141254878,51.80806316865857,51.88184734882187,51.89976881105365,51.85827829394707,51.826323495398285,51.80348142646263,51.78927554733651,51.85381417144121,51.93189632984181,51.88053888454101,51.834770506954506,51.867544817477246,51.83940711944699,51.81643753730703,51.872012602138774,51.86715411076891,51.79783384989569,51.80262979915102,51.885560418336574,51.908060368609505,51.86659058626661,51.830099183731605,51.79816319959288,51.77030586104894,51.816628879027384,51.87168624274408,51.82924793248425,51.79212136848583
MESSAGEix-GLOBIOM-GAINS 2.1-M-R12,SSP2 - Low Emissions,World,Emissions|CFC11,kt CFC11/yr,55.9933373822983,53.80241782405459,51.58546818746797,49.40410913378708,47.38564183285938,45.47012800799574,43.66070272247559,41.89796777558573,40.11986736138354,38.45070350081469,36.95668393975873,35.45387264881994,33.94136407401444,32.544657378561475,31.26580730827029,30.045411379875464,28.822268280349824,27.59631516751976,26.429316064184206,25.38566392159573,24.342987912491264,23.300027345821253,22.382700133840764,21.530889513094426,20.68338808815452,19.84057134440808,19.00243739592171,18.168558391154544,17.40110505674327,16.70187105906349,16.008863519221865,15.384632087589534,14.831418904555655,14.22546512458261,13.56448794406249,13.034843710935645,12.578021564495089,12.006465435318288,11.442412205241045,11.011078505634611,10.65317286930226,10.182694168135024,9.657745733913039,9.32847125812272,9.011829030467798,8.580997838348285,8.222021906149994,7.936003881971055,7.6617882273667,7.337558219590392,6.961090167909114,6.656131963532225,6.42453867518518,6.142136783064996,5.8696698089486565,5.670934195580044,5.421399427189453,5.181799940785034,5.015931829807603,4.799264581687243,4.592533065554169,4.459544607157046,4.276184773891987,4.040577828936344,3.8764808493222986,3.785760922545636,3.6446723033764186,3.4517756530505834,3.268633871286459,3.094453170414534,2.99141819513695,2.962178221184874,2.8203863334615398,2.6245533158363306,2.562223806946295,2.510741483839849,2.406024616740603,2.307587746017828
MESSAGEix-GLOBIOM-GAINS 2.1-M-R12,SSP2 - Low Emissions,World,Emissions|CFC113,kt CFC113/yr,2.030655876997793,2.6240858366639137,2.662652319897718,2.7949219159766683,3.0193159526748032,3.1671361701421197,3.2380105998685997,3.316106146152531,3.4005520740421344,3.576930662237062,3.761683898556309,3.869435018473725,4.070285513020486,4.280232370959432,4.414481717080648,4.557757528676373,4.7092747887242155,4.954707235890159,5.211143695240057,5.307898652179092,5.49891371335071,5.785290178222864,5.997293866711345,6.306205946928454,6.542774795775671,6.70609788812678,6.966084914556925,7.238161482877344,7.53222546300995,7.685412187011563,7.5984078756285625,7.51252489530035,7.597259803855794,7.684920257272982,7.6055569405096906,7.5268651045765775,7.619346442635547,7.629347581989703,7.555528313646543,7.653385144326117,7.669357670115763,7.5166878836874025,7.53405929908151,7.6383331584892415,7.574530521038472,7.597345213856787,7.622187625689949,7.563305531519856,7.591249437982175,7.535106059392503,7.564512413449311,7.681323586071191,7.6306394255409655,7.5811984700676724,7.61812437685161,7.571534565955758,7.525671667994598,7.565579223540424,7.6067929468625515,7.650368502268692,7.610928354064685,7.572243925456832,7.619913947656772,7.584067796729391,7.548949131284929,7.599616263896675,7.6521577431764936,7.621671107456661,7.591939736776478,7.648563412246485,7.621686850264612,7.596121298651233,7.571519792816804,7.5471740642224105,7.609181131040886,7.588080813032532,7.509434456162807,7.483586134518149
MESSAGEix-GLOBIOM-GAINS 2.1-M-R12,SSP2 - Low Emissions,World,Emissions|CFC114,kt CFC114/yr,0.8739526789974016,1.124991360857382,1.1597118076759332,1.197558823360702,1.237278428031519,1.278909723338232,1.322527261165675,1.3681964839539387,1.4154823023604386,1.5423784106535925,1.6722604538929153,1.6505914115648743,1.631749242121025,1.6916077809259629,1.8311042384110665,1.9740638844651028,1.9654634086498,2.0376098729228995,2.1896846694249303,2.2680047572251962,2.3502099399371486,2.4360044686012974,2.5255205777784764,2.618906694273037,2.716317610891007,2.817914561474877,2.9238712827247912,3.0345903128233065,3.1181487709184927,3.1407494773438978,3.2106768299169763,3.203551678736577,3.119163137772521,3.189199509931403,3.2589346630646356,3.25258396675239,3.169313812086521,3.0853936751849504,3.155441701112952,3.225162205948355,3.2182641355354313,3.211822057121672,3.205391736497023,3.1989618686170047,3.1925320180284578,3.1861021679584813,3.1796723177622233,3.1732424674137394,3.166812616882547,3.1603827653713275,3.15395289214305,3.147522458839919,3.1410774888652044,3.1341002453003983,3.20449844782523,3.2755578309403224,3.1926349665263998,3.109507346166291,3.1803732092743284,3.25143028348129,3.1679755953587683,3.1622229004219107,3.23373596703449,3.15029303643003,3.1445407931448774,3.216053855187098,3.132610364084184,3.126843562321597,3.1978237905537847,3.1917412079263805,3.186103291515616,3.1804761591160875,3.1748354864843034,3.1686771032141032,3.24042668979004,3.2354652227347676,3.0780170134224134,3.0007401877581557
MESSAGEix-GLOBIOM-GAINS 2.1-M-R12,SSP2 - Low Emissions,World,Emissions|CFC115,kt CFC115/yr,0.02762903586579991,0.026451194015621335,0.02567849283947829,0.024928545287205995,0.024647381732154753,0.0,0.0,0.022033925759928328,0.02087186770504332,0.020580077622016593,0.0,0.0,0.01796566889755181,0.016790453857752217,0.0160171124149932,0.015254003188065324,0.014491288813695215,0.013728608389312853,0.012966415817176386,0.01221687344047147,0.011935725463751415,0.0,0.0,0.009321743056220097,0.00814652803988072,0.007373186596877976,0.0066100773407833146,0.005847362214565743,0.005084662269758851,0.004321962909505099,0.003559263571638625,0.002796564234893944,0.0020338648981491113,0.0012711655612579922,0.0005084662245620604,0.0,0.0,0.0,0.0,0.0,0.0,0.0,0.0,0.0,0.0,0.0,0.0,0.0,0.0,0.058488137407676076,0.057369793001727794,0.0,0.0,0.0,0.0,0.0,0.0,0.0,0.05187807648750622,0.05075973205283015,0.0,0.0,0.0,0.0,0.0,0.0467934134372053,0.04567504953370721,0.0,0.0,0.0,0.04323413343636186,0.0421157845155211,0.0,0.0,0.0,0.03916440570355614,0.10759279189046912,0.10704327737018567
MESSAGEix-GLOBIOM-GAINS 2.1-M-R12,SSP2 - Low Emissions,World,Emissions|CFC12,kt CFC12/yr,20.278900939592226,18.606179174024042,17.087091090287135,15.723169130971064,14.517108530948391,13.30594082283818,12.14424986865545,11.197170936303392,10.357147722136068,9.51605631768011,8.72927381365435,7.9970064146141215,7.319411319617553,6.752113222910461,6.241504017505347,5.733704419273925,5.228668337154013,4.78111978650565,4.391258695156133,4.059628441499283,3.7874946931967806,3.465571003562935,3.1483297087777404,2.890537561512363,2.6373127785032895,2.4440622290619105,2.256267870172743,2.0738972472898545,1.952408604929725,1.7822025064625084,1.6181096049826014,1.459794151031324,1.3065341519707465,1.268881733551303,1.1830781128022192,1.0488288591747075,0.975782142401148,0.8536398036371314,0.7919703927058059,0.7917670651719456,0.6886441355378514,0.5915807599600477,0.5550387272851948,0.524495641462675,0.500275671028268,0.48275346004300174,0.4168271200072218,0.35665606915406517,0.35737526750159687,0.3093670755608905,0.2670959572956266,0.2853485471284222,0.30998699155439047,0.2865998213495332,0.2146086195847539,0.14782934539701822,0.1406750641925708,0.19409051982181122,0.19915755900715723,0.15562290417877972,0.11768668752857504,0.08501643531556767,0.05723719880898043,0.08945125028921085,0.12750945427360402,0.1166533847598102,0.11176475019322962,0.057426409852778235,0.007779859114118783,0.017593117438548186,0.0323511113514315,0.05236879958766853,0.07766448253720815,0.10861521058040331,0.09049046124373215,0.022536253887595448,0.0,0.0
MESSAGEix-GLOBIOM-GAINS 2.1-M-R12,SSP2 - Low Emissions,World,Emissions|CH3Br,kt CH3Br/yr,140.48697355742144,140.44525269558977,140.44552789065773,140.44553526678345,140.44553555090144,140.44553556184533,140.4455355622668,140.44553556228317,140.44553556228368,140.44553556228377,140.44553556228377,140.44553556228377,140.44553556228377,140.44553556228377,140.44553556228377,140.44553556228377,140.44553556228377,140.44553556228377,140.44553556228377,140.44553556228377,140.44553556228377,140.44553556228377,140.44553556228377,140.44553556228377,140.44553556228377,140.44553556228377,140.4455355622838,140.4455355622838,140.4455355622838,140.4455355622838,140.4455355622838,140.4455355622838,140.4455355622838,140.4455355622838,140.4455355622838,140.4455355622838,140.4455355622838,140.4455355622838,140.4455355622838,140.4455355622838,140.4455355622838,140.4455355622838,140.4455355622838,140.4455355622838,140.4455355622838,140.4455355622838,140.4455355622838,140.4455355622838,140.4455355622838,140.4455355622838,140.4455355622838,140.4455355622838,140.4455355622838,140.4455355622838,140.4455355622838,140.4455355622838,140.4455355622838,140.4455355622838,140.4455355622838,140.4455355622838,140.4455355622838,140.4455355622838,140.4455355622838,140.4455355622838,140.4455355622838,140.4455355622838,140.4455355622838,140.4455355622838,140.4455355622838,140.4455355622838,140.4455355622838,140.4455355622838,140.4455355622838,140.4455355622838,140.4455355622838,140.4455355622838,140.4455355622838,140.4455355622838
MESSAGEix-GLOBIOM-GAINS 2.1-M-R12,SSP2 - Low Emissions,World,Emissions|CH3CCl3,kt CH3CCl3/yr,1.925368109001723,1.9844674761503585,2.0154698018978308,2.1218060294252017,2.243024910472932,2.2956897148545385,2.3161325589367716,2.4247006405287426,2.5840049281290907,2.7116497692464607,2.807542081710307,2.8475139863157124,3.013079890263086,3.230086462937129,3.271602684248944,3.355661802039536,3.588728993359174,3.729930324432362,3.7937884783679303,3.9840745252637815,4.203755472004259,4.309666505244396,4.398985759431091,4.615370457935042,4.861770306484262,5.055863330085132,5.258100709212486,5.468817165128237,5.63610971297282,5.694944834734323,5.693701293995421,5.692996819110059,5.692428334581721,5.691963218162901,5.6915824253478835,5.691270659033451,5.691015406382305,5.6908064231877145,5.690635322219472,5.690495236594867,5.69038054418597,5.6902866419836275,5.690209761362777,5.690146816834209,5.690095282212928,5.6900530892336265,5.690018544543911,5.689990261744071,5.689967105746074,5.689948147218406,5.689932625288731,5.689919917007609,5.689909512347006,5.689900993731403,5.689894019278835,5.68988830908003,5.689883633964643,5.689879806303956,5.68987667248037,5.689874106722683,5.689872006057913,5.689870286179114,5.689868878061389,5.6898677251921566,5.689866781302655,5.689866008511268,5.6898653758032145,5.689864857785639,5.689864433668743,5.68986408643121,5.689863802137165,5.689863569376865,5.689863378808849,5.689863222784997,5.689863095043431,5.6898629904574705,5.689862904829744,5.689862834723714
MESSAGEix-GLOBIOM-GAINS 2.1-M-R12,SSP2 - Low Emissions,World,Emissions|CH3Cl,kt CH3Cl/yr,5376.602241275558,5376.60224106939,5376.602241061445,5376.60224106114,5376.602241061131,5376.602241061134,5376.60224106113,5376.60224106113,5376.60224106113,5376.60224106113,5376.60224106113,5376.60224106113,5376.60224106113,5376.60224106113,5376.60224106113,5376.60224106113,5376.60224106113,5376.60224106113,5376.60224106113,5376.60224106113,5376.60224106113,5376.60224106113,5376.60224106113,5376.60224106113,5376.60224106113,5376.60224106113,5376.60224106113,5376.60224106113,5376.60224106113,5376.60224106113,5376.60224106113,5376.60224106113,5376.60224106113,5376.60224106113,5376.60224106113,5376.60224106113,5376.60224106113,5376.60224106113,5376.60224106113,5376.60224106113,5376.60224106113,5376.60224106113,5376.60224106113,5376.60224106113,5376.60224106113,5376.60224106113,5376.60224106113,5376.60224106113,5376.60224106113,5376.60224106113,5376.60224106113,5376.60224106113,5376.60224106113,5376.60224106113,5376.60224106113,5376.60224106113,5376.60224106113,5376.60224106113,5376.60224106113,5376.60224106113,5376.60224106113,5376.60224106113,5376.60224106113,5376.60224106113,5376.60224106113,5376.60224106113,5376.60224106113,5376.60224106113,5376.60224106113,5376.60224106113,5376.60224106113,5376.60224106113,5376.60224106113,5376.60224106113,5376.60224106113,5376.60224106113,5376.60224106113,5376.60224106113
MESSAGEix-GLOBIOM-GAINS 2.1-M-R12,SSP2 - Low Emissions,World,Emissions|HCFC141b,kt HCFC141b/yr,57.429165954156964,57.68077849510554,57.21480348436768,56.48325446711485,55.67114854875694,54.85164389809379,54.01528267502092,53.02714663599193,51.577653941268295,49.89520799511345,48.25223015545117,46.72383430345049,45.22743672313185,43.764690040114516,42.35851758750542,40.956329119190485,39.67628656394712,38.43573865039397,37.11848285418516,35.83011080255346,34.63457965111351,33.49081099449066,32.34670261674314,31.20220072884011,30.109878878673744,29.13435448396401,28.18162729538407,27.187908333376463,26.258851034351792,25.405839315523536,24.523177380449535,23.652763646025623,22.858343247298347,22.087200420071554,21.339639356994454,20.61566780331402,19.91528605736611,19.238494130641836,18.585292023585296,17.955679736233947,17.349657269136276,16.767224636499378,16.208382207164217,15.673139556796102,15.161851234049873,14.621233382412335,14.092882056529831,13.640888896522638,13.159253971874085,12.689877518494002,12.296858935494798,11.874198959499056,11.463807413024641,11.130138230074916,10.71390792193522,10.298612790127393,10.012443860664552,9.643401584993848,9.275286813626309,9.036307878293812,8.714819694936999,8.34132933929173,8.085277456887074,7.8520498556162615,7.578205592657924,7.316468177439242,7.066533715667164,6.8283944741339315,6.60205016915331,6.387501158093143,6.18475701619691,5.994172292642861,5.762463144936777,5.531225991701494,5.36456192241465,5.156822276101081,4.896511964274,4.7017164649880065
MESSAGEix-GLOBIOM-GAINS 2.1-M-R12,SSP2 - Low Emissions,World,Emissions|HCFC142b,kt HCFC142b/yr,20.1767950997304,20.99876523033291,20.83048515635011,20.61755796725083,20.395063528952935,20.167232839335878,19.883952812028816,19.591141600435147,19.197580250372862,18.693290382261768,18.213502795894133,17.80828486077469,17.39162950510706,16.959422019595582,16.561776885047113,16.152784521734958,15.823976448593095,15.53984003707472,15.159701150639611,14.76977607561982,14.419657837907593,14.063727617387757,13.747720762395842,13.476469050098677,13.20494182177645,12.933407393488734,12.661872675189265,12.390337616546017,12.118793998964,11.84693714574099,11.620553842757465,11.398978555178475,11.13174590706021,10.955729325378485,10.789352812344548,10.532288290218636,10.366708138807997,10.210774649556992,9.964144885184412,9.808686937630329,9.708366634954368,9.522792722427592,9.29208953788104,9.152303370354268,9.067640229985004,8.897418568297338,8.727854715733073,8.608550256923687,8.494199898488624,8.385073007143156,8.281480881256684,8.137636357053156,7.994188522459868,7.900993424488031,7.812751854009962,7.72972551285812,7.6519292845914535,7.579668090448828,7.467154837492333,7.355046832543674,7.293504786670198,7.191442375690134,7.089778290462776,7.038679885016079,6.947060775076481,6.855831446130497,6.814854929021647,6.77884080363155,6.748363345796681,6.677946456194857,6.562452366425294,6.492394438974768,6.472634164147284,6.4123466084343415,6.352457267736479,6.3431376434327245,6.29344550323235,6.222596228619819
MESSAGEix-GLOBIOM-GAINS 2.1-M-R12,SSP2 - Low Emissions,World,Emissions|HCFC22,kt HCFC22/yr,324.52686644110815,323.79894347811626,316.2075416215573,306.3500012866981,295.7440970778391,285.9463528609222,276.8902029699374,266.1473800154359,251.39046885094336,235.2227184513071,220.1633923261291,206.2420066591857,193.37877842436995,181.4234646277703,170.32906160933376,160.03414283306466,150.54415176531865,141.58932622537392,132.8415504922424,124.51765874475328,116.78530758596345,109.64571820741008,103.06765896936665,96.96214981409365,91.3180839616102,86.03884238367266,81.09285979664851,76.57206659502573,72.41804386277806,68.51448093591173,64.94088762996715,61.63157514759485,58.49622067769245,55.65246874387132,53.02815606165101,50.53282862727205,48.238221448632736,46.14403657000368,44.16549029397469,42.32904655591673,40.67339104195781,39.11378385964289,37.63753569461493,36.27651768521669,35.063284581324844,33.9586184296189,32.87146495784083,31.867301784487843,30.945173743146285,30.05291590818018,29.26201366612693,28.571907816700264,27.93748599768213,27.313214151974186,26.685921492678,26.126868353684106,25.635475117789788,25.166090688272984,24.75146158239747,24.39151398248112,24.00145518044566,23.60721025122536,23.325730774813877,23.084835564957096,22.79406936184659,22.525152417902166,22.277247694852267,22.043837359230892,21.863943496678115,21.698471423612304,21.50199919078274,21.306995279827497,21.15198098161438,21.036735003116338,20.96181171912141,20.84973770565833,20.569984030713123,20.259406688515277
MESSAGEix-GLOBIOM-GAINS 2.1-M-R12,SSP2 - Low Emissions,World,Emissions|Halon1202,kt Halon1202/yr,0.0,0.0,0.0,0.0,0.0,0.0,0.0,0.0,0.0,0.0,0.0,0.0,0.0,0.0,0.0,0.0,0.0,0.0,0.0,0.0,0.0,0.0,0.0,0.0,0.0,0.0,0.0,0.0,0.0,0.0,0.0,0.0,0.0,0.0,0.0,0.0,0.0,0.0,0.0,0.0,0.0,0.0,0.0,0.0,0.0,0.0,0.0,0.0,0.0,0.0,0.0,0.0,0.0,0.0,0.0,0.0,0.0,0.0,0.0,0.0,0.0,0.0,0.0,0.0,0.0,0.0,0.0,0.0,0.0,0.0,0.0,0.0,0.0,0.0,0.0,0.0,0.0,0.0
MESSAGEix-GLOBIOM-GAINS 2.1-M-R12,SSP2 - Low Emissions,World,Emissions|Halon1211,kt Halon1211/yr,2.5629780595462877,2.4712891970912034,2.3049559661305286,2.2133932337706494,2.2052186551051003,2.1314620897892014,1.9840317941682577,1.8370398607072564,1.6895301713268511,1.6163497995337406,1.6265456441783313,1.571144478684467,1.4415410640311543,1.3867330434716283,1.415814510213082,1.30394057824857,1.1842035084230869,1.2229118441177844,1.1202340394119155,1.0096686215127464,1.0570473117745744,1.0384137951321721,0.946095594062938,0.8542153332482519,0.7618173010952668,0.7437486075445972,0.8090566922449551,0.8087823529311866,0.7348342873021569,0.6613251249280185,0.5873122711151092,0.5881437157136237,0.5974934696119245,0.5322129423783267,0.5422183958905308,0.5607675971349987,0.5052019145712344,0.45006376065474235,0.3944214980005733,0.41362405859328116,0.44135899150789065,0.39497860244936805,0.34902572516181185,0.3025687385174458,0.3309565758986573,0.3678768064668008,0.33068225677475455,0.29392928252466444,0.2571871580705502,0.22043138786330418,0.18316013285812763,0.22073326294080572,0.26683874927063184,0.23882893384322856,0.21124717187471057,0.1831753642194398,0.23046333974371305,0.21142523870715196,0.10922448022927368,0.15642448340747162,0.21172665890103265,0.19290310079133852,0.17452071708209385,0.15614970943309556,0.13777913994313776,0.11940858652786387,0.10103801289551048,0.08266689754427342,0.06428171771928316,0.0453815578752326,0.10133932609008744,0.16633090844090878,0.08184836167158284,0.06413338395275907,0.1295893223921132,0.04553174567256155,0.0,0.0
MESSAGEix-GLOBIOM-GAINS 2.1-M-R12,SSP2 - Low Emissions,World,Emissions|Halon1301,kt Halon1301/yr,1.232019444684855,1.1650942964906017,1.0964588434703242,1.1624279408097389,1.16185068067368,1.0932711171926428,1.0918306843491483,1.090002846817471,1.088165633365841,1.086340723347198,1.0849800173151074,1.016220449407556,0.9462106954906713,0.9429427993441856,0.9392772358964976,0.9356014141284889,0.9319252159863892,0.9282494904463314,0.9245864289281076,0.9213870981877432,0.8507762415543275,0.7784514688579286,0.8402800986416589,0.9034254657064604,0.8324198546451247,0.7605613297608567,0.7554549064699515,0.749951210428075,0.7444372705413353,0.7389229361027787,0.7334085871626694,0.7278942557313576,0.7223803940330181,0.7168787278825115,0.7118286150501398,0.6389158920402171,0.6321640399299454,0.6938557855913599,0.6205454140428319,0.6137837907112962,0.675487805817938,0.6026411498753418,0.5284680007612136,0.5884581178477369,0.6497653333894368,0.5769210976188286,0.503211284008825,0.4957898419383357,0.5553826718278035,0.6166796624801423,0.5438355394443048,0.4701388818272721,0.4631943216491509,0.4558520014616194,0.4484867728697623,0.4406574196245385,0.5002395958909643,0.5615361761818518,0.4886920373671182,0.4149953798651759,0.40805083845378853,0.4007090060872086,0.39335644207569037,0.3859908189059449,0.3781614504621931,0.43774362614310247,0.4990402064103749,0.4261960675669836,0.3524994093411609,0.3455548491394829,0.33821252895074094,0.33084730035044396,0.32301794688739677,0.38260011749845924,0.4438965509682363,0.3710472106799821,0.2980296178153028,0.2931637834586709
MESSAGEix-GLOBIOM-GAINS 2.1-M-R12,SSP2 - Low Emissions,World,Emissions|Halon2402,kt Halon2402/yr,0.0,0.0,0.07495416388724621,0.05774837255399089,0.041235771340317195,0.024741044627170843,0.008247006366278977,0.0,0.0,0.0,0.0,0.0,0.025215292747945733,0.13353992926056898,0.007792090211922717,0.0,0.0,0.08403413457943743,0.0,0.0,0.05019453183298867,0.041253644859564016,0.03298873840608971,0.024741043565301157,0.016494011691749914,0.008247005352910475,0.0,0.0,0.0,0.0,0.0,0.0,0.06728334530346113,0.06625746790142538,0.0,0.0,0.0,0.03346227175522507,0.15003397297402318,0.032533992687786895,0.0,0.017781059768239967,0.016750823374858975,0.0,0.0004556584675111974,0.11704520021948496,0.0,0.0,0.0,0.0997190566480942,0.09983940679258946,0.0,0.0,0.0,0.08322504495584535,0.08334539607134435,0.0,0.0,0.0,0.06670716646742536,0.06599629752861168,0.06600069056673803,0.06683207983467,0.0,0.0,0.0,0.05021312033422133,0.049501366229099925,0.04948277797937254,0.04948209603440042,0.04948295371483245,0.04950593535104428,0.05033804310713873,0.0,0.0,0.0,0.02564393220926879,0.008322380584569461
MESSAGEix-GLOBIOM-GAINS 2.1-M-R12,SSP2 - Low Emissions,World,Emissions|C3F8,kt C3F8/yr,0.7211779763531168,0.6918177433043052,0.6624575102554936,0.5813629663854099,0.5002684225153262,0.41917387864524247,0.33807933477515884,0.2569847909050751,0.24083456920955623,0.2246843475140374,0.20853412581851857,0.19238390412299974,0.1762336824274809,0.1701195016890753,0.16400532095066972,0.15789114021226414,0.1517769594738586,0.145662778735453,0.13375612853601557,0.12184947833657811,0.10994282813714068,0.09803617793770325,0.0861295277382658,0.08166667273836299,0.07720381773846019,0.07274096273855739,0.06827810773865457,0.06381525273875177,0.06183286434884879,0.05985047595894581,0.05786808756904283,0.05588569917913985,0.053903310789236866,0.05192092239933389,0.04993853400943091,0.04795614561952793,0.04597375722962495,0.04399136883972197,0.04190929588175676,0.03982722292379156,0.03774514996582635,0.035663077007861144,0.03358100404989594,0.031498931091930735,0.029416858133965527,0.02733478517600032,0.025252712218035118,0.023170639260069913,0.022416320278572426,0.02166200129707494,0.020907682315577457,0.020153363334079973,0.019399044352582485,0.018644725371085,0.01789040638958752,0.017136087408090032,0.016381768426592547,0.01562744944509506,0.015012891647067818,0.014398333849040575,0.013783776051013332,0.013169218252986092,0.012554660454958849,0.011940102656931606,0.011325544858904362,0.010710987060877121,0.010096429262849878,0.009481871464822635,0.009331365687657118,0.009180859910491602,0.009030354133326085,0.008879848356160569,0.008729342578995054,0.008578836801829536,0.00842833102466402,0.008277825247498503,0.008127319470332985,0.00797681369316747
MESSAGEix-GLOBIOM-GAINS 2.1-M-R12,SSP2 - Low Emissions,World,Emissions|C4F10,kt C4F10/yr,0.10158640147930745,0.09745066727801481,0.09331493307672215,0.08189181262450532,0.07046869217228849,0.05904557172007166,0.04762245126785484,0.036199330815638,0.033924382108195116,0.03164943340075223,0.02937448469330935,0.027099535985866462,0.024824587278423578,0.02396333299782337,0.02310207871722316,0.022240824436622952,0.021379570156022747,0.02051831587542254,0.018841124132060866,0.01716393238869919,0.015486740645337517,0.013809548901975844,0.012132357158614169,0.011503711533498634,0.010875065908383101,0.010246420283267568,0.009617774658152034,0.008989129033036499,0.008709886308677433,0.008430643584318368,0.008151400859959303,0.007872158135600237,0.007592915411241171,0.007313672686882105,0.00703442996252304,0.006755187238163975,0.006475944513804909,0.0061967017894458435,0.00590341732104508,0.005610132852644317,0.005316848384243551,0.005023563915842788,0.004730279447442024,0.00443699497904126,0.004143710510640496,0.0038504260422397314,0.003557141573838968,0.0032638571054382044,0.0031576024035331837,0.0030513477016281647,0.002945092999723145,0.002838838297818125,0.002732583595913105,0.0026263288940080853,0.002520074192103066,0.002413819490198046,0.0023075647882930266,0.0022013100863880067,0.002114742391242438,0.0020281746960968696,0.001941607000951301,0.0018550393058057327,0.0017684716106601643,0.0016819039155145958,0.0015953362203690272,0.0015087685252234587,0.0014222008300778903,0.0013356331349323217,0.0013144326257578639,0.0012932321165834055,0.0012720316074089476,0.0012508310982344895,0.0012296305890600317,0.0012084300798855733,0.0011872295707111155,0.0011660290615366576,0.0011448285523621992,0.0011236280431877414
MESSAGEix-GLOBIOM-GAINS 2.1-M-R12,SSP2 - Low Emissions,World,Emissions|C5F12,kt C5F12/yr,0.06138279350541075,0.05888380825960576,0.05638482301380077,0.04948249126766951,0.042580159521538236,0.03567782777540698,0.02877549602927571,0.021873164283144446,0.020498544208893542,0.019123924134642638,0.017749304060391737,0.016374683986140833,0.015000063911889927,0.014479657707005288,0.01395925150212065,0.01343884529723601,0.012918439092351373,0.012398032887466732,0.011384602812647911,0.010371172737829087,0.009357742663010265,0.008344312588191443,0.007330882513372621,0.006951028280595147,0.006571174047817674,0.006191319815040202,0.0058114655822627285,0.005431611349485255,0.005262881103727782,0.00509415085797031,0.004925420612212837,0.0047566903664553635,0.00458796012069789,0.004419229874940417,0.004250499629182945,0.004081769383425472,0.0039130391376679995,0.0037443088919105263,0.0035670940314564397,0.003389879171002354,0.003212664310548267,0.003035449450094181,0.0028582345896400944,0.002681019729186008,0.002503804868731922,0.0023265900082778354,0.002149375147823749,0.001972160287369663,0.001907956709616755,0.0018437531318638478,0.0017795495541109401,0.0017153459763580325,0.0016511423986051248,0.0015869388208522173,0.0015227352430993099,0.0014585316653464022,0.001394328087593495,0.001330124509840587,0.0012778166529032373,0.0012255087959658878,0.001173200939028538,0.0011208930820911886,0.0010685852251538389,0.0010162773682164893,0.0009639695112791395,0.0009116616543417899,0.0008593537974044402,0.0008070459404670905,0.0007942356975810838,0.000781425454695077,0.0007686152118090703,0.0007558049689230636,0.0007429947260370569,0.00073018448315105,0.0007173742402650433,0.0007045639973790366,0.0006917537544930297,0.000678943511607023
MESSAGEix-GLOBIOM-GAINS 2.1-M-R12,SSP2 - Low Emissions,World,Emissions|C7F16,kt C7F16/yr,0.1864530221896798,0.1788622410459919,0.171271459902304,0.15030531384203222,0.1293391677817604,0.10837302172148865,0.08740687566121687,0.06644072960094508,0.06226525871456238,0.05808978782817969,0.053914316941797005,0.049738846055414315,0.045563375169031625,0.043982617694081426,0.04240186021913123,0.04082110274418102,0.03924034526923083,0.03765958779428062,0.034581247930011876,0.03150290806574312,0.02842456820147438,0.025346228337205633,0.02226788847293688,0.021114063994638103,0.01996023951633933,0.018806415038040557,0.01765259055974178,0.016498766081443007,0.015986240299221723,0.015473714517000439,0.014961188734779153,0.014448662952557869,0.013936137170336583,0.013423611388115299,0.012911085605894015,0.01239855982367273,0.011886034041451447,0.011373508259230163,0.010835210074647309,0.010296911890064457,0.009758613705481601,0.00922031552089875,0.008682017336315895,0.008143719151733043,0.007605420967150189,0.007067122782567335,0.006528824597984482,0.005990526413401629,0.005795505130990222,0.005600483848578817,0.005405462566167411,0.005210441283756006,0.0050154200013446,0.004820398718933194,0.004625377436521789,0.004430356154110383,0.004235334871698978,0.004040313589287572,0.0038814260989459247,0.003722538608604278,0.003563651118262631,0.0034047636279209846,0.003245876137579338,0.003086988647237691,0.002928101156896044,0.002769213666554397,0.0026103261762127506,0.0024514386858711036,0.002412526991490996,0.002373615297110888,0.0023347036027307803,0.0022957919083506726,0.0022568802139705654,0.0022179685195904573,0.0021790568252103497,0.002140145130830242,0.002101233436450134,0.0020623217420700263
MESSAGEix-GLOBIOM-GAINS 2.1-M-R12,SSP2 - Low Emissions,World,Emissions|C8F18,kt C8F18/yr,0.13663756786871273,0.13107484830795355,0.12551212874719433,0.11014759793073275,0.09478306711427116,0.0794185362978096,0.06405400548134801,0.048689474664886434,0.04562958225916533,0.04256968985344423,0.03950979744772314,0.03644990504200204,0.03339001263628094,0.03223159292159402,0.031073173206907098,0.029914753492220177,0.028756333777533262,0.027597914062846337,0.025342027474432184,0.02308614088601803,0.02083025429760388,0.018574367709189726,0.016318481120775573,0.015472928881339373,0.014627376641903176,0.01378182440246698,0.01293627216303078,0.012090719923594583,0.011715127854716859,0.011339535785839136,0.010963943716961414,0.01058835164808369,0.010212759579205966,0.009837167510328244,0.00946157544145052,0.009085983372572798,0.008710391303695076,0.008334799234817353,0.007940320486949592,0.007545841739081834,0.007151362991214073,0.006756884243346315,0.006362405495478555,0.0059679267476107955,0.005573447999743035,0.005178969251875275,0.004784490504007516,0.004390011756139758,0.0042470951469135276,0.004104178537687299,0.003961261928461071,0.0038183453192348416,0.0036754287100086128,0.0035325121007823835,0.0033895954915561556,0.0032466788823299264,0.003103762273103698,0.0029608456638774688,0.002844408826383033,0.002727971988888597,0.002611535151394161,0.002495098313899725,0.002378661476405289,0.0022622246389108532,0.0021457878014164173,0.0020293509639219814,0.0019129141264275454,0.0017964772889331093,0.0017679617989758603,0.0017394463090186108,0.0017109308190613617,0.0016824153291041127,0.0016538998391468637,0.0016253843491896142,0.001596868859232365,0.0015683533692751159,0.0015398378793178664,0.0015113223893606174
MESSAGEix-GLOBIOM-GAINS 2.1-M-R12,SSP2 - Low Emissions,World,Emissions|cC4F8,kt cC4F8/yr,2.2485990409858565,2.2554112813816465,2.2621945987597325,2.2891395828093404,2.3162338069574164,2.34347727120396,2.3708699755489717,2.3984119199924514,2.4611082123627837,2.5242559652160725,2.58785517855232,2.651905852371524,2.716407986673687,2.5439199686996647,2.369876745282111,2.194278316421025,2.017124682116408,1.8384158423682593,1.862370563264606,1.8864602616369595,1.910684937485319,1.9350445908096858,1.9595392216100584,1.9986039673748717,2.037920738823734,2.0774895359566443,2.1173103587736035,2.157383207274611,2.2013696577056683,2.2456372340367037,2.290185936267717,2.3350157643987077,2.380126718429677,2.427952097225336,2.47607756371153,2.524503117888259,2.573228759755523,2.6222544893133213,2.6734023262772846,2.7248641779321083,2.7766400442777917,2.8287299253143354,2.881133821041739,2.9338517314600026,2.9868836565691264,3.0402295963691093,3.093889550859952,3.147863520041656,3.2014885830170505,3.2554227800359725,3.3096661110984216,3.3642185762043977,3.419080175353901,3.474250908546931,3.529730775783488,3.5855197770635723,3.6416179123871846,3.698025181754323,3.7391985002757715,3.7803718187972204,3.8215451373186693,3.8627184558401177,3.903891774361566,3.945065092883015,3.986238411404464,4.0274117299259125,4.068585048447361,4.10975836696881,4.145375464829763,4.180992562690716,4.2166096605516685,4.252226758412622,4.287843856273574,4.323460954134527,4.35907805199548,4.394695149856433,4.430312247717386,4.465929345578338
MESSAGEix-GLOBIOM-GAINS 2.1-M-R12,SSP2 - Low Emissions,World,Emissions|SO2F2,kt SO2F2/yr,4.594032521920711,4.607950367368017,4.621809121229165,4.676859457358572,4.732214700611677,4.787874850988479,4.843839908488979,4.900109873113177,5.028202432481554,5.157217354664848,5.287154639663063,5.418014287476198,5.549796298104253,5.1973921790191175,4.8418106751465535,4.483051786486562,4.121115513039145,3.756001854804298,3.804942890909651,3.854159694683316,3.9036522661252917,3.9534206052355807,4.00346471201418,4.083276501147308,4.16360319496899,4.244444793479222,4.325801296678008,4.407672704565346,4.497539853007932,4.587981359752603,4.678997224799359,4.770587448148203,4.8627520297991325,4.960462355898047,5.05878578045721,5.157722303476622,5.257271924956284,5.357434644896194,5.4619329668092576,5.5670728409403365,5.6728542672894315,5.779277245856541,5.886341776641667,5.994047859644808,6.102395494865965,6.211384682305135,6.321015421962321,6.4312877138375235,6.54084716788363,6.6510382026712165,6.761860818200282,6.873315014470828,6.985400791482855,7.09811814923636,7.211467087731344,7.325447606967808,7.440059706945753,7.555303387665177,7.639423126611612,7.7235428655580485,7.8076626045044835,7.8917823434509184,7.975902082397354,8.06002182134379,8.144141560290226,8.228261299236662,8.312381038183098,8.396500777129532,8.46926879976371,8.54203682239789,8.614804845032067,8.687572867666246,8.760340890300423,8.833108912934602,8.905876935568779,8.978644958202958,9.051412980837137,9.124181003471314
MESSAGEix-GLOBIOM-GAINS 2.1-M-R12,SSP2 - Low Emissions,World,Emissions|HFC|HFC236fa,kt HFC236fa/yr,0.3543,0.36970898212519115,0.38525268788808636,0.39424717320935093,0.40331106744671114,0.41244437060016714,0.4216470826697189,0.43091920365536623,0.43379282914126877,0.4366741671606701,0.4395632177135699,0.44245998079996834,0.4453644564198655,0.4518551300667792,0.45838685583696376,0.4649596337304193,0.4715734637471459,0.4782283458871434,0.4830528444763727,0.48790135648922567,0.4927738819257023,0.49767042078580237,0.5025909730695263,0.5080563874208577,0.5135504517858199,0.5190731661644129,0.5246245305566367,0.5302045449624911,0.5314212839468055,0.5326284272212258,0.533825974785752,0.5350139266403843,0.5361922827851222,0.5374736877544795,0.5387464570437069,0.540010590652805,0.5412660885817733,0.5425129508306121,0.5431645719942394,0.5438026623448478,0.5444272218824371,0.5450382506070076,0.5456357485185589,0.5462197156170915,0.5467901519026049,0.5473470573750996,0.5478904320345752,0.5484202758810319,0.5518680592177961,0.5553257946105283,0.5587934820592283,0.5622711215638961,0.5657587131245319,0.5692562567411352,0.5727637524137066,0.5762812001422457,0.5798085999267528,0.5833459517672275,0.5826485719059629,0.5819511920446983,0.5812538121834336,0.580556432322169,0.5798590524609043,0.5791616725996398,0.5784642927383752,0.5777669128771106,0.5770695330158458,0.5763721531545812,0.573958176433993,0.5715441997134049,0.5691302229928168,0.5667162462722286,0.5643022695516404,0.5618882928310522,0.559474316110464,0.5570603393898759,0.5546463626692877,0.5522323859486995
MESSAGEix-GLOBIOM-GAINS 2.1-M-R12,SSP2 - Low Emissions,World,Emissions|HFC|HFC152a,kt HFC152a/yr,54.8699,55.046130603420615,55.22236120684123,55.40010209334823,55.57784297985524,55.75558386636224,55.93332475286925,56.11106563937626,56.28060762635838,56.45014961334049,56.61969160032262,56.78923358730474,56.95877557428686,57.121030009735264,57.28328444518366,57.44553888063207,57.60779331608047,57.77004775152887,57.91898997673104,58.06793220193322,58.21687442713538,58.36581665233755,58.51475887753972,58.65379261010118,58.79282634266264,58.9318600752241,59.07089380778556,59.20992754034702,59.31840542878152,59.42688331721599,59.53536120565049,59.64383909408497,59.75231698251946,59.8451575337107,59.93799808490193,60.030838636093165,60.1236791872844,60.21651973847563,60.293622297435796,60.37072485639596,60.44782741535612,60.52492997431629,60.602032533276464,60.67913509223663,60.75623765119679,60.83334021015695,60.91044276911711,60.987545328077275,61.03876476534342,61.08998420260958,61.14120363987571,61.19242307714186,61.24364251440801,61.294861951674164,61.34608138894031,61.397300826206454,61.4485202634726,61.49973970073875,61.49370486653809,61.48767003233743,61.48163519813677,61.47560036393611,61.46956552973547,61.46353069553481,61.45749586133415,61.45146102713349,61.445426192932835,61.43939135873217,61.384334929963636,61.32927850119509,61.27422207242654,61.21916564365801,61.16410921488948,61.109052786120934,61.05399635735238,60.99893992858385,60.943883499815314,60.88882707104677
MESSAGEix-GLOBIOM-GAINS 2.1-M-R12,SSP2 - Low Emissions,World,Emissions|HFC|HFC365mfc,kt HFC365mfc/yr,5.241899999999999,5.284718693863879,5.326801089567905,5.200430299944744,5.075101609795497,4.950815019120166,4.827570527918752,4.705368136191255,4.665308135053271,4.625406863652601,4.585664321989239,4.546080510063188,4.506655427874447,4.474064945165502,4.441558440999134,4.4091359153753436,4.376797368294131,4.344542799755497,4.3434311890066635,4.342045766885839,4.340386533393022,4.338453488528213,4.336246632291413,4.345391029786816,4.354123727649675,4.3624447258799925,4.370354024477765,4.3778516234429965,4.38505100678966,4.391837303302056,4.398210512980184,4.404170635824043,4.409717671833633,4.37786234587749,4.346060334172151,4.314311636717616,4.282616253513885,4.250974184560959,4.224390478204058,4.197794922872454,4.171187518566146,4.144568265285135,4.117937163029419,4.091294211798999,4.064639411593876,4.03797276241405,4.01129426425952,3.984603917130285,3.9803810306360696,3.975833247159867,3.970960566701678,3.9657629892615023,3.960240514839341,3.954393143435193,3.9482208750490586,3.9417237096809377,3.9349016473308307,3.9277546879987373,3.9380440658743825,3.9483334437500273,3.958622821625672,3.9689121995013172,3.979201577376962,3.989490955252607,3.999780333128252,4.010069711003897,4.020359088879542,4.030648466755187,4.038679755095645,4.046711043436103,4.054742331776561,4.062773620117019,4.070804908457477,4.078836196797935,4.086867485138393,4.094898773478851,4.102930061819309,4.1109613501597675
MESSAGEix-GLOBIOM-GAINS 2.1-M-R12,SSP2 - Low Emissions,World,Emissions|CH2Cl2,kt CH2Cl2/yr,1612.1255576209262,1623.5300904265412,1634.7385141087561,1601.0803221865467,1567.6996879515186,1534.5966114036714,1501.7710925430063,1469.2231313695224,1458.5533617912288,1447.925869039551,1437.3406531144883,1426.7977140160413,1416.2970517442095,1407.6167489216487,1398.958813340061,1390.323244999446,1381.710043899804,1373.119210041135,1372.8231383932596,1372.4541385336001,1372.0122104621564,1371.4973541789284,1370.909569683916,1373.3451316269177,1375.6710395487032,1377.8872934492729,1379.993893328626,1381.9908391867632,1383.9083568910219,1385.7158511002165,1387.4133218143475,1389.0007690334141,1390.4781927574165,1381.9936950505203,1373.5233973125494,1365.0672995435043,1356.6254017433848,1348.1977039121907,1341.1172742240294,1334.03368862408,1326.9469471123423,1319.8570496888162,1312.7639963535019,1305.6677871063994,1298.5684219475088,1291.46590087683,1284.360223894363,1277.251391000107,1276.12664750114,1274.9153694081635,1273.6175567211778,1272.2332094401831,1270.7623275651797,1269.2049110961668,1267.560960033145,1265.8304743761141,1264.0134541250743,1262.1098992800255,1264.8504206958632,1267.5909421117008,1270.3314635275385,1273.0719849433763,1275.8125063592138,1278.5530277750515,1281.2935491908893,1284.034070606727,1286.7745920225648,1289.5151134384025,1291.6542046409804,1293.7932958435583,1295.9323870461365,1298.0714782487146,1300.2105694512925,1302.3496606538704,1304.4887518564485,1306.6278430590264,1308.7669342616045,1310.9060254641824
MESSAGEix-GLOBIOM-GAINS 2.1-M-R12,SSP2 - Low Emissions,World,Emissions|CHCl3,kt CHCl3/yr,400.4993804646773,394.8214768980929,389.14357333150855,373.4608980916702,357.7782228518318,342.0955476119935,326.4128723721551,310.73019713231673,307.60694531024626,304.4836934881758,301.3604416661053,298.2371898440348,295.1139380219643,293.93153158249163,292.7491251430189,291.5667187035462,290.38431226407346,289.2019058246008,286.89930790172104,284.59670997884126,282.29411205596153,279.9915141330818,277.6889162102021,276.825855611229,275.96279501225587,275.0997344132828,274.2366738143097,273.3736132153366,272.99024397944964,272.6068747435627,272.2235055076758,271.8401362717888,271.45676703590186,271.0733978000149,270.69002856412794,270.30665932824104,269.9232900923541,269.5399208564671,269.1372738660885,268.73462687570986,268.3319798853312,267.92933289495255,267.5266859045739,267.1240389141953,266.7213919238166,266.318744933438,265.91609794305936,265.5134509526807,265.3675750521636,265.22169915164653,265.07582325112946,264.9299473506124,264.78407145009527,264.6381955495782,264.49231964906113,264.346443748544,264.20056784802694,264.05469194750987,263.93584411999126,263.81699629247265,263.69814846495404,263.57930063743544,263.46045280991683,263.3416049823982,263.2227571548797,263.10390932736107,262.98506149984246,262.86621367232385,262.83710772866397,262.8080017850041,262.7788958413442,262.7497898976843,262.7206839540244,262.69157801036454,262.6624720667047,262.6333661230448,262.60426017938494,262.57515423572505
MESSAGEix-GLOBIOM-GAINS 2.1-M-R12,SSP2 - Low Emissions,World,Emissions|NF3,kt NF3/yr,4.010291370035125,4.1100661134974645,4.209973013175316,3.948469058889651,3.686605565653872,3.4243825334679787,3.1617999623319726,2.898857852245852,2.6539781669280917,2.408763911467918,2.16321508586533,1.9173316901203297,1.6711137242329164,1.6528797002624096,1.634619520023933,1.6163331835174863,1.5980206907430698,1.5796820417006834,1.5598468198282758,1.539983462126301,1.5200919685947598,1.500172339233652,1.4802245740429774,1.435208229139623,1.39013015056114,1.344990338307528,1.299788792378787,1.254525512774917,1.2117982102023888,1.169012647763037,1.1261688254568623,1.0832667432838647,1.040306401244044,0.9969233369093145,0.953481526951574,0.9099809713708227,0.8664216701670602,0.8228036233402867,0.8012013205338476,0.7795695953193127,0.7579084476966819,0.7362178776659553,0.7144978852271328,0.6927484703802145,0.6709696331252002,0.6491613734620901,0.6273236913908843,0.6054565869115826,0.589095326690528,0.5727119484600034,0.5563064522200087,0.5398788379705441,0.5234291057116094,0.5069572554432047,0.4904632871653297,0.4739472008779849,0.45740899658117,0.44084867427488506,0.43050857467999426,0.42016847508510347,0.4098283754902126,0.3994882758953218,0.389148176300431,0.3788080767055402,0.3684679771106494,0.3581278775157586,0.3477877779208678,0.33744767832597694,0.3355792672255466,0.33371085612511625,0.3318424450246859,0.32997403392425556,0.3281056228238252,0.32623721172339487,0.32436880062296447,0.3225003895225342,0.32063197842210384,0.31876356732167344
IMAGE 3.4,SSP2 - Medium Emissions,World,Emissions|BC,Mt BC/yr,7.219245244604181,7.090777356977336,6.962186142850737,6.930583180686458,6.899204861614032,6.86805118563346,6.83712215274474,6.8064177629478735,6.766319562269838,6.72658445381131,6.687212437572289,6.648203513552776,6.609557681752769,6.5141231443865255,6.418873694605959,6.32380933241107,6.228930057801856,6.134235870778317,6.067583949353228,6.000763239849595,5.933773742267419,5.866615456606699,5.799288382867436,5.755016103512698,5.710694154162564,5.666322534817029,5.621901245476096,5.577430286139764,5.545246037546945,5.5130373857862,5.480804330857529,5.448546872760932,5.416265011496408,5.383958747063958,5.351628079463582,5.31927300869528,5.28689353475905,5.254489657654895,5.219720825426805,5.1849159735374,5.15007510198668,5.115198210774644,5.080285299901295,5.0453363693666295,5.010351419170649,4.975330449313356,4.940273459794746,4.9051804506148216,4.870267302231694,4.835284714278663,4.800232686755724,4.76511121966288,4.72992031300013,4.694659966767473,4.659330180964911,4.623930955592443,4.588462290650069,4.55292418613779,4.508779679054185,4.464635171970581,4.420490664886977,4.376346157803373,4.332201650719768,4.2880571436361645,4.243912636552561,4.199768129468957,4.155623622385352,4.111479115301748,4.075773284145398,4.040067452989048,4.004361621832698,3.9686557906763467,3.9329499595199966,3.897244128363646,3.8615382972072965,3.8258324660509455,3.7901266348945954,3.7544208037382445
IMAGE 3.4,SSP2 - Medium Emissions,World,Emissions|CH4,Mt CH4/yr,363.48990132891083,363.80097661293576,364.1058026431594,368.1055224486127,372.11110688144777,376.12255594166453,380.139869629263,384.16304794424315,386.7974368024964,389.44145138694995,392.0950916976036,394.7583577344575,397.4312494975116,400.0531751195156,402.6795397123532,405.3103432760244,407.9455858105294,410.5852673158681,411.9501156588962,413.3152728258499,414.6807388167289,416.04651363153334,417.4125972702632,416.9850387075908,416.5614359779148,416.1417890812352,415.72609801755203,415.31436278686533,415.53051675734196,415.7403275482009,415.9437951594421,416.14091959106565,416.33170084307136,416.51613891545946,416.69423380822974,416.8659855213824,417.03139405491726,417.19045940883444,418.0453250012803,418.8957068001764,419.74160480552297,420.58301901731994,421.41994943556733,422.25239606026514,423.08035889141337,423.90383792901196,424.72283317306096,425.5373446235604,426.3373608158141,427.1339877843179,427.92722552907196,428.71707405007623,429.50353334733063,430.28660342083526,431.06628427059,431.8425758965949,432.61547829885,433.38499147735536,433.5098015889177,433.63461170048004,433.7594218120423,433.88423192360466,434.0090420351671,434.1338521467295,434.25866225829185,434.38347236985413,434.50828248141653,434.6330925929789,434.806009638977,434.9789266849752,435.1518437309734,435.3247607769715,435.4976778229697,435.6705948689679,435.8435119149661,436.0164289609643,436.1893460069624,436.36226305296054
IMAGE 3.4,SSP2 - Medium Emissions,World,Emissions|CO,Mt CO/yr,774.0534343017323,763.1145686062664,752.2158013300281,732.5339862073511,712.8707011278336,693.2259460914756,673.5997210982774,653.9920261482384,641.3643310810044,628.7547588679236,616.1633095089958,603.5899830042212,591.0347793535996,574.8955916251512,558.7731408269702,542.6674269590568,526.5784500214108,510.50621001403215,508.4717854256919,506.44472619387454,504.42503231858007,502.41270379980847,500.40774063755975,498.26544009916006,496.1288716818817,493.99803538572485,491.87293121068916,489.7535591567748,487.6580146318826,485.5656743737535,483.4765383823874,481.39060665778413,479.30787919994407,477.22835600886697,475.1520370845528,473.07892242700166,471.00901203621356,468.94230591218843,466.008258745733,463.07719481379684,460.14911411638,457.2240166534825,454.3019024251044,451.38277143124543,448.46662367190595,445.55345914708556,442.6432778567846,439.736079801003,437.38708922378476,435.0400820282455,432.6950582143852,430.352017782204,428.01096073170174,425.67188706287857,423.33479677573433,420.99968987026915,418.6665663464829,416.33542620437584,413.4856111411128,410.6357960778497,407.7859810145867,404.9361659513236,402.0863508880605,399.23653582479744,396.3867207615344,393.5369056982713,390.68709063500825,387.8372755717452,385.4488182167864,383.0603608618276,380.67190350686883,378.2834461519101,375.89498879695134,373.5065314419926,371.11807408703385,368.7296167320751,366.34115937711636,363.9527020221576
IMAGE 3.4,SSP2 - Medium Emissions,World,Emissions|CO2|Energy and Industrial Processes,Mt CO2/yr,38712.21703981296,39358.93948267964,40004.613584297156,39829.98043694973,39655.16926306612,39480.18006264633,39305.012835690366,39129.667582198235,38856.54462352453,38583.81369014131,38311.47478204856,38039.52789924626,37767.97304173444,37561.09758734249,37355.09167863561,37149.95531561378,36945.68849827702,36742.29122662532,36465.16786253178,36189.37940254572,35914.925846667116,35641.807194895984,35370.02344723231,35076.236074148175,34783.586766994,34492.07552576976,34201.702350475476,33912.467241111146,33831.764166145644,33751.46003028425,33671.55483352696,33592.04857587378,33512.94125732471,33434.23287787974,33355.92343753887,33278.01293630212,33200.501374169464,33123.38875114091,33072.49944055252,33021.38356144418,32970.04111381585,32918.47209766757,32866.676512999315,32814.6543598111,32762.405638102926,32709.930347874775,32657.228489126664,32604.300061858594,32585.52246621635,32567.04148940791,32548.857131433277,32530.969392292456,32513.37827198544,32496.08377051223,32479.085887872836,32462.384624067243,32445.97997909546,32429.871952957485,32437.71170822188,32445.551463486274,32453.391218750672,32461.23097401507,32469.07072927947,32476.910484543863,32484.750239808265,32492.58999507266,32500.42975033705,32508.269505601453,32549.23494454996,32590.20038349847,32631.165822446983,32672.13126139549,32713.096700344002,32754.062139292513,32795.02757824102,32835.99301718954,32876.95845613804,32917.92389508655
IMAGE 3.4,SSP2 - Medium Emissions,World,Emissions|N2O,kt N2O/yr,11289.003670665756,11402.400369430821,11515.859330878626,11598.528559441374,11681.13664020257,11763.683573162212,11846.169358320292,11928.593995676822,12037.12375648024,12145.644820122576,12254.157186603836,12362.660855924009,12471.155828083105,12558.101447155614,12645.03617915564,12731.96002408319,12818.872981938257,12905.77505272084,12987.928840958657,13070.029797162075,13152.077921331096,13234.073213465723,13316.015673565957,13387.757756846371,13459.390112510004,13530.91274055686,13602.325640986932,13673.628813800231,13739.281691559068,13804.739986011735,13870.003697158227,13935.072824998544,13999.94736953269,14064.627330760664,14129.112708682465,14193.403503298092,14257.499714607548,14321.40134261083,14371.786938273626,14421.901088809576,14471.743794218677,14521.31505450093,14570.614869656334,14619.643239684889,14668.400164586597,14716.885644361457,14765.099679009467,14813.04226853063,14865.321353555131,14917.212556197308,14968.71587645716,15019.831314334686,15070.558869829887,15120.898542942761,15170.850333673305,15220.414242021528,15269.590267987423,15318.378411570993,15370.326155223003,15422.273898875015,15474.221642527022,15526.169386179034,15578.11712983104,15630.064873483048,15682.01261713506,15733.960360787067,15785.908104439075,15837.855848091083,15877.189687326763,15916.523526562436,15955.85736579811,15995.191205033787,16034.525044269461,16073.858883505134,16113.192722740812,16152.526561976487,16191.860401212163,16231.194240447836
IMAGE 3.4,SSP2 - Medium Emissions,World,Emissions|NH3,Mt NH3/yr,69.11340089954984,69.78192359726287,70.4520784429262,71.16173108217498,71.8738610480515,72.58846834055572,73.30555295968767,74.02511490544734,74.89143178633813,75.76060731425414,76.6326414891954,77.50753431116186,78.38528578015354,79.09711309218248,79.8121934993484,80.53052700165131,81.2521135990912,81.97695329166808,82.62842750495338,83.28294414312501,83.94050320618297,84.60110469412723,85.26474860695782,85.85944637098812,86.4568372979557,87.05692138786053,87.65969864070262,88.26516905648197,88.72366157246991,89.18567939878496,89.65122253542711,90.1202909823964,90.5928847396928,91.0690038073163,91.54864818526691,92.03181787354464,92.5185128721495,93.00873318108147,93.39499401359785,93.78504871400911,94.17889728231523,94.57653971851623,94.97797602261211,95.38320619460285,95.79223023448846,96.20504814226894,96.6216599179443,97.04206556151453,97.47738002982996,97.91701912176596,98.3609828373225,98.80927117649958,99.26188413929721,99.71882172571537,100.18008393575411,100.64567076941336,101.11558222669316,101.58981830759353,101.9489070035743,102.30799569955505,102.66708439553581,103.02617309151658,103.38526178749733,103.7443504834781,104.10343917945885,104.46252787543962,104.82161657142038,105.18070526740114,105.45054476928964,105.72038427117815,105.99022377306665,106.26006327495513,106.52990277684364,106.79974227873214,107.06958178062067,107.33942128250915,107.60926078439765,107.87910028628616
IMAGE 3.4,SSP2 - Medium Emissions,World,Emissions|NOx,Mt NO2/yr,127.51049405918616,127.67128106926785,127.82706655222827,124.34831718841664,120.8640454169823,117.37425123792522,113.87893465124544,110.37809565694293,107.04238544006353,103.7011315297732,100.35433392607203,97.00199262895998,93.64410763843705,90.10889961515238,86.568263420537,83.02219905459093,79.47070651731418,75.91378580870675,76.43451677079581,76.95370510975519,77.47135082558489,77.98745391828496,78.50201438785535,79.03157188960252,79.5596262996529,80.08617761800654,80.61122584466344,81.13477097962357,81.39238584062721,81.64974833379428,81.90685845912473,82.16371621661864,82.42032160627595,82.67667462809668,82.9327752820808,83.18862356822834,83.44421948653931,83.6995630370137,83.9223954413696,84.1446665850723,84.36637646812186,84.58752509051824,84.80811245226147,85.02813855335151,85.2476033937884,85.46650697357212,85.68484929270267,85.90263035118006,86.10335635108972,86.30337207446321,86.5026775213005,86.70127269160157,86.89915758536648,87.09633220259518,87.29279654328766,87.48855060744397,87.68359439506408,87.877927906148,88.04905507625237,88.22018224635676,88.39130941646116,88.56243658656554,88.73356375666991,88.90469092677428,89.07581809687868,89.24694526698306,89.41807243708745,89.5891996071918,89.71017716966489,89.83115473213797,89.95213229461106,90.07310985708415,90.19408741955722,90.3150649820303,90.43604254450338,90.55702010697645,90.67799766944954,90.79897523192261
IMAGE 3.4,SSP2 - Medium Emissions,World,Emissions|OC,Mt OC/yr,34.14789091300629,33.918322460498125,33.68902933580189,33.523096463160805,33.35724867164686,33.19148596126003,33.025808332000324,32.86021578386776,32.83640397501366,32.81261102417251,32.788836931344306,32.76508169652906,32.74134531972676,32.35180451136363,31.962148027826526,31.572375869115433,31.182488035230357,30.7924845261713,30.59398841755464,30.395570011795947,30.19722930889521,29.99896630885243,29.800781011667613,29.69015021157271,29.579730574591693,29.469522100724564,29.359524789971324,29.249738642331977,29.150658830225527,29.05196484211648,28.953656678004833,28.855734337890578,28.758197821773727,28.66104712965428,28.564282261532224,28.46790321740757,28.371909997280316,28.276302601150462,28.186592731714047,28.097336757956853,28.0085346798789,27.920186497480163,27.832292210760656,27.744851819720374,27.657865324359314,27.57133272467749,27.48525402067488,27.399629212351506,27.35673477852219,27.313946396781855,27.271264067130517,27.22868778956817,27.186217564094804,27.14385339071044,27.10159526941506,27.05944320020867,27.017397183091276,26.97545721806287,26.82937390761645,26.683290597170036,26.537207286723618,26.3911239762772,26.245040665830782,26.098957355384364,25.95287404493795,25.806790734491532,25.660707424045114,25.514624113598696,25.369224353991722,25.223824594384748,25.078424834777778,24.9330250751708,24.787625315563826,24.642225555956855,24.49682579634988,24.351426036742907,24.206026277135937,24.060626517528963
IMAGE 3.4,SSP2 - Medium Emissions,World,Emissions|Sulfur,Mt SO2/yr,71.9020378409034,69.68090675376286,67.4749382982792,66.56621477727924,65.66582542956522,64.77377025513714,63.89004925399499,63.01466242613879,62.39875830793826,61.78761525468522,61.18123326637968,60.57961234302164,59.98275248461109,58.95240608369295,57.92472167397085,56.899699255444816,55.87733882811484,54.857640391980915,54.1755361850242,53.49361241055329,52.81186906856814,52.130306159068816,51.448923682055266,50.53108193046792,49.611124337495944,48.689050903139325,47.764861627398076,46.8385565102722,45.879862091862826,44.92139946906397,43.96316864187561,43.005169610297784,42.04740237433047,41.08986693397365,40.132563289227356,39.17549144009156,38.218651386566286,37.26204312865153,36.28118613000285,35.29819581888441,34.31307219529619,33.32581525923821,32.336425010710464,31.344901449712935,30.35124457624564,29.355454390308577,28.35753089190174,27.35747408102514,26.75334953045869,26.147504492689315,25.53993896771701,24.930652955541774,24.319646456163607,23.706919469582516,23.09247199579849,22.47630403481153,21.85841558662165,21.238806651228835,21.270152228752153,21.301497806275478,21.332843383798803,21.364188961322128,21.395534538845446,21.42688011636877,21.458225693892096,21.489571271415418,21.52091684893874,21.552262426462065,21.562701644043614,21.573140861625163,21.583580079206712,21.59401929678826,21.604458514369806,21.614897731951356,21.6253369495329,21.63577616711445,21.646215384696,21.65665460227755
IMAGE 3.4,SSP2 - Medium Emissions,World,Emissions|VOC,Mt VOC/yr,191.24428648185568,190.5089070888643,189.7696076825232,186.15720946322838,182.54181326730327,178.92341909474783,175.3020269455621,171.67763681974603,168.9219779900888,166.1647280157804,163.4058868968208,160.64545463321,157.88343122494803,155.31763581626828,152.74622605332456,150.16920193611682,147.58656346464505,144.99831063890926,144.8651506984413,144.73146738849061,144.59726070905708,144.46253066014071,144.32727724174157,143.772591564415,143.21784325692607,142.6630323192748,142.1081587514612,141.55322255348526,141.3172466419234,141.0807783259862,140.84381760567365,140.60636448098575,140.36841895192256,140.12998101848402,139.8910506806701,139.6516279384809,139.41171279191633,139.17130524097644,138.97455057099577,138.7774103764858,138.57988465744648,138.3819734138779,138.18367664577997,137.98499435315276,137.78592653599623,137.5864731943104,137.38663432809525,137.1864099373508,136.83133249320542,136.47556349599685,136.11910294572513,135.76195084239023,135.4041071859922,135.04557197653097,134.68634521400656,134.32642689841902,133.9658170297683,133.60451560805436,132.6845372490156,131.76455888997683,130.84458053093806,129.9246021718993,129.00462381286053,128.0846454538218,127.16466709478303,126.24468873574426,125.32471037670548,124.40473201766672,123.55847661512632,122.71222121258594,121.86596581004552,121.01971040750513,120.17345500496475,119.32719960242434,118.48094419988394,117.63468879734354,116.78843339480312,115.94217799226273
IMAGE 3.4,SSP2 - Medium Emissions,World,Emissions|C2F6,kt C2F6/yr,2.4318727086493497,2.332867536816386,2.2338623649834215,1.961241869903431,1.6886213748234407,1.4160008797434505,1.14338038466346,0.8707598895834695,0.793083145564957,0.7154064015464444,0.6377296575279319,0.5600529135094193,0.4823761694909067,0.46173371716326383,0.44109126483562094,0.420448812507978,0.39980636018033505,0.37916390785269216,0.3629458925920699,0.3467278773314476,0.33050986207082533,0.31429184681020306,0.2980738315495808,0.28568795339196595,0.27330207523435107,0.26091619707673624,0.2485303189191214,0.23614444076150654,0.22894727906555754,0.22175011736960853,0.21455295567365953,0.20735579397771056,0.2001586322817616,0.1929614705858126,0.1857643088898636,0.17856714719391462,0.17136998549796564,0.16417282380201664,0.16189139565050434,0.159609967498992,0.15732853934747973,0.15504711119596742,0.1527656830444551,0.15048425489294281,0.1482028267414305,0.1459213985899182,0.14363997043840587,0.1413585422868936,0.1408460764040199,0.14033361052114618,0.13982114463827247,0.1393086787553988,0.13879621287252508,0.13828374698965137,0.13777128110677767,0.13725881522390396,0.13674634934103028,0.13623388345815657,0.13543860781281106,0.13464333216746555,0.13384805652212003,0.13305278087677452,0.132257505231429,0.1314622295860835,0.130666953940738,0.12987167829539248,0.12907640265004697,0.12828112700470146,0.12910308429397743,0.1299250415832534,0.13074699887252936,0.13156895616180533,0.1323909134510813,0.1332128707403573,0.13403482802963324,0.1348567853189092,0.1356787426081852,0.13650069989746116
IMAGE 3.4,SSP2 - Medium Emissions,World,Emissions|C6F14,kt C6F14/yr,0.06299797716610878,0.06299797716610878,0.06299797716610878,0.055981440899296006,0.04896490463248324,0.04194836836567047,0.03493183209885771,0.027915295832044943,0.02598611832561388,0.024056940819182818,0.022127763312751753,0.02019858580632069,0.018269408299889624,0.01795441855512247,0.017639428810355313,0.017324439065588157,0.017009449320821,0.016694459576053845,0.016379469831286693,0.016064480086519534,0.015749490341752378,0.015434500596985222,0.015119510852218068,0.014804520825324134,0.014489530798430201,0.014174540771536267,0.013859550744642334,0.0135445607177484,0.013317768386464084,0.013090976055179771,0.012864183723895455,0.01263739139261114,0.012410599061326825,0.01218380673004251,0.011957014398758193,0.01173022206747388,0.011503429736189563,0.011276637404905249,0.01108764329002452,0.010898649175143793,0.010709655060263064,0.010520660945382338,0.010331666830501608,0.01014267271562088,0.009953678600740153,0.009764684485859425,0.009575690370978697,0.009386696256097967,0.009197702564407398,0.009008708872716827,0.008819715181026255,0.008630721489335684,0.008441727797645114,0.008252734105954543,0.008063740414263972,0.0078747467225734,0.00768575303088283,0.007496759339192259,0.007307765259577379,0.0071187711799625,0.006929777100347621,0.00674078302073274,0.00655178894111786,0.0063627948615029815,0.006173800781888102,0.005984806702273222,0.005795812622658342,0.005606818543043463,0.005417824710289508,0.005228830877535553,0.005039837044781598,0.0048508432120276425,0.004661849379273688,0.004472855546519733,0.004283861713765777,0.004094867881011823,0.0039058740482578675,0.0037168802155039126
IMAGE 3.4,SSP2 - Medium Emissions,World,Emissions|CF4,kt CF4/yr,15.117718127834522,14.835494069101001,14.550854554067199,13.11970287928674,11.677985440688877,10.225702238273616,8.762853272040953,7.28943854199089,6.838087542808343,6.383398299679903,5.925370812605572,5.4640050815853485,4.999301106619232,4.885305743075394,4.770407545156942,4.654606512863876,4.537902646196194,4.420295945153899,4.315224922661162,4.209341943516137,4.102647007718823,3.9951401152692196,3.8868212661673276,3.8029363540302654,3.7184073718545654,3.6332343196402284,3.547417197387253,3.46095600509564,3.439506385555495,3.417842169636998,3.3959633573401504,3.373869948664951,3.3515619436114004,3.329039342179499,3.306302144369246,3.2833503501806414,3.260183959613686,3.2368029726683787,3.287989249078647,3.3394346077644457,3.3911390487257735,3.4431025719626325,3.495325177475021,3.5478068652629404,3.60054763532639,3.6535474876653695,3.7068064222798798,3.7603244391699198,3.820914491357961,3.881805455242578,3.9429973308237702,4.004490118101539,4.066283817075884,4.128378427746803,4.190773950114298,4.253470384178371,4.316467729939017,4.37976598739624,4.413237380981445,4.44670877456665,4.480180168151856,4.513651561737061,4.547122955322266,4.5805943489074705,4.614065742492675,4.647537136077881,4.681008529663086,4.714479923248291,4.744687843322754,4.774895763397216,4.80510368347168,4.835311603546143,4.8655195236206055,4.895727443695068,4.925935363769531,4.9561432838439945,4.986351203918457,5.01655912399292
IMAGE 3.4,SSP2 - Medium Emissions,World,Emissions|HFC|HFC125,kt HFC125/yr,124.07430000000001,126.75175365383667,129.3632743533173,116.78899684226012,104.41888748013032,92.25294626692789,80.29117320265287,68.53356828730523,59.187125173059016,50.003581435699715,40.98293707522735,32.1251920916419,23.43034648494337,23.980535245628065,24.515467337641677,25.035142760984215,25.53956151565566,26.028723601656033,26.663449200074794,27.279600781919044,27.87717834718878,28.456181895884022,29.016611428004747,29.817302347043857,30.593789766563027,31.346073686562242,32.074154107041515,32.77803102800083,33.62967377051683,34.45315774446771,35.248482949853496,36.015649386674184,36.754657054929766,37.46550595462024,38.148196085745624,38.802727448305895,39.42910004230107,40.027313867731145,40.95482188400747,41.84488146103872,42.697492598824894,43.51265529736602,44.29036955666206,45.03063537671303,45.73345275751893,46.39882169907976,47.02674220139553,47.61721426446622,48.533506394945235,49.40149929898829,50.2211929765954,50.992587427766566,51.71568265250179,52.39047865080106,53.01697542266439,53.59517296809176,54.125071287083195,54.60667037963867,56.3610034942627,58.11533660888672,59.86966972351074,61.624002838134764,63.37833595275879,65.1326690673828,66.88700218200684,68.64133529663086,70.39566841125489,72.1500015258789,74.02499923706054,75.89999694824219,77.77499465942383,79.64999237060547,81.52499008178711,83.39998779296874,85.2749855041504,87.14998321533203,89.02498092651368,90.89997863769531
IMAGE 3.4,SSP2 - Medium Emissions,World,Emissions|HFC|HFC134a,kt HFC134a/yr,291.7886,300.16359328290633,308.53858656581264,279.11867478783245,249.69876300985229,220.27885123187212,190.85893945389194,161.4390276759118,140.4288360502168,119.41864442452179,98.40845279882679,77.39826117313177,56.38806954743677,58.266999026161564,60.14592850488636,62.02485798361115,63.90378746233595,65.78271694106074,68.0688081173457,70.35489929363064,72.64099046991558,74.92708164620052,77.21317282248546,80.18698253292516,83.16079224336485,86.13460195380455,89.10841166424424,92.08222137468394,95.54554725118251,99.0088731276811,102.47219900417967,105.93552488067824,109.39885075717685,112.86217663367542,116.32550251017399,119.78882838667258,123.25215426317115,126.71548013966974,131.32813270042536,135.940785261181,140.55343782193663,145.1660903826923,149.7787429434479,154.39139550420353,159.0040480649592,163.61670062571483,168.22935318647046,172.8420057472261,178.7915819693804,184.74115819153468,190.69073441368903,196.64031063584332,202.58988685799764,208.53946308015193,214.48903930230625,220.43861552446054,226.3881917466149,232.33776796876919,239.7956277353969,247.25348750202457,254.7113472686523,262.16920703528,269.6270668019077,277.08492656853537,284.5427863351631,292.0006461017908,299.4585058684185,306.9163656350462,314.8935074557718,322.8706492764974,330.84779109722297,338.82493291794856,346.80207473867415,354.77921655939974,362.75635838012533,370.7335002008509,378.7106420215765,386.6877838423021
IMAGE 3.4,SSP2 - Medium Emissions,World,Emissions|HFC|HFC143a,kt HFC143a/yr,35.833800000000004,36.928308362001495,38.022816724002986,34.6335580381828,31.244299352362617,27.855040666542436,24.465781980722255,21.07652329490207,18.372339318094923,15.668155341287775,12.963971364480626,10.25978738767348,7.555603410866335,7.808870376554125,8.062137342241915,8.315404307929704,8.568671273617495,8.821938239305284,9.130272017237411,9.43860579516954,9.746939573101669,10.055273351033797,10.363607128965924,10.7653933095877,11.16717949020948,11.568965670831258,11.970751851453034,12.372538032074813,12.839983282314256,13.307428532553699,13.774873782793142,14.242319033032587,14.709764283272026,15.177209533511471,15.644654783750914,16.112100033990355,16.579545284229802,17.046990534469245,17.668646346085687,18.290302157702133,18.91195796931858,19.53361378093502,20.155269592551466,20.776925404167912,21.398581215784354,22.0202370274008,22.641892839017242,23.263548650633687,24.065332433460416,24.867116216287148,25.668899999113876,26.470683781940608,27.272467564767332,28.07425134759406,28.876035130420792,29.67781891324752,30.47960269607425,31.281386478900977,32.28635469006015,33.291322901219324,34.2962911123785,35.30125932353767,36.30622753469684,37.31119574585601,38.316163957015185,39.32113216817436,40.32610037933353,41.331068590492706,42.40515980767054,43.47925102484839,44.55334224202624,45.627433459204084,46.70152467638193,47.775615893559774,48.84970711073762,49.92379832791547,50.997889545093315,52.07198076227116
IMAGE 3.4,SSP2 - Medium Emissions,World,Emissions|HFC|HFC227ea,kt HFC227ea/yr,6.6453,6.9626160216389685,7.277135541785411,6.234702455305936,5.2005649550123625,4.17472304090469,3.157176712982918,2.1479259712470453,1.768987459217213,1.3931429889669826,1.0203925604963549,0.6507361738053298,0.28417382889390735,0.29146715441327564,0.29868786720025065,0.30583596725483253,0.3129114545770211,0.3199143291668165,0.3258026203048587,0.3316273922941293,0.3373886451346284,0.3430863788263559,0.34872059336931194,0.3542912957896385,0.3597984789985067,0.36524214299591645,0.37062228778186773,0.3759389133563605,0.3782590020303001,0.38054233673778215,0.38278891747880656,0.3849987442533735,0.3871718170614829,0.38930813590313473,0.3914077007783289,0.3934705116870656,0.39549656862934485,0.39748587160516635,0.3960833336301235,0.39467612228271204,0.3932642375629322,0.39184767947078375,0.3904264480062669,0.38900054316938154,0.3875699649601276,0.3861347133785052,0.38469478842451427,0.38325019009815486,0.38075401373293466,0.3782636768734613,0.3757791795197348,0.3733005216717549,0.37082770332952203,0.3683607244930358,0.3658995851622964,0.36344428533730383,0.3609948250180581,0.35855120420455905,0.35732452273368803,0.35609784126281707,0.35487115979194606,0.35364447832107504,0.352417796850204,0.35119111537933306,0.34996443390846205,0.34873775243759103,0.34751107096672007,0.34628438949584905,0.34474467039108225,0.34320495128631545,0.34166523218154865,0.34012551307678185,0.33858579397201505,0.33704607486724825,0.33550635576248145,0.33396663665771464,0.33242691755294784,0.33088719844818104
IMAGE 3.4,SSP2 - Medium Emissions,World,Emissions|HFC|HFC23,kt HFC23/yr,14.051843086776302,13.314767872145797,12.587059786629661,10.553753719312867,8.549533118386437,6.574397983850374,4.628348315704673,2.7113841139493355,2.306261629290767,1.9071241940375878,1.5139718081897977,1.126804471747396,0.745622184710383,0.7100421046041728,0.6749416217767892,0.640320736228232,0.6061794479585013,0.5725177569675972,0.5450128940503023,0.5178917088659576,0.4911542014145629,0.4648003716961182,0.43883021971062364,0.41759372079979884,0.3966641634595747,0.3760415476899513,0.35572587349092843,0.33571714086250626,0.31828797096738326,0.30112380263148797,0.28422463585482044,0.2675904706373806,0.25122130697916845,0.23511714488018404,0.21927798434042733,0.20370382535989834,0.18839466793859702,0.17335051207652344,0.16344939576614265,0.15371410855109696,0.14414465043138638,0.13474102140701097,0.1255032214779707,0.11643125064426549,0.10752510890589542,0.0987847962628605,0.09021031271516071,0.081801658262796,0.07683674103945087,0.0719634709866874,0.0671818481045056,0.06249187239290548,0.057893543851887046,0.05338686248145029,0.04897182828159521,0.04464844125232179,0.040416701393630065,0.036276608705520005,0.032648947834968,0.029021286964416006,0.025393626093864002,0.021765965223312003,0.018138304352760003,0.014510643482208,0.010882982611656,0.007255321741104,0.0036276608705519964,0.0,0.0,0.0,0.0,0.0,0.0,0.0,0.0,0.0,0.0,0.0
IMAGE 3.4,SSP2 - Medium Emissions,World,Emissions|HFC|HFC245fa,kt HFC245fa/yr,15.5045,16.06419953464509,16.623899069290182,14.349889256049774,12.075879442809367,9.801869629568959,7.527859816328551,5.253850003088145,4.621110475541656,3.988370947995166,3.355631420448676,2.722891892902186,2.0901523653556966,2.190103413004681,2.2900544606536655,2.3900055083026492,2.489956555951634,2.589907603600618,2.710455113288972,2.8310026229773264,2.9515501326656803,3.0720976423540347,3.192645152042388,3.339159063316712,3.485672974591036,3.63218688586536,3.7787007971396838,3.9252147084140074,4.103860082747049,4.282505457080092,4.461150831413135,4.639796205746176,4.818441580079218,4.997086954412261,5.175732328745303,5.354377703078346,5.5330230774113875,5.71166845174443,5.968531517533881,6.2253945833233315,6.482257649112783,6.739120714902233,6.9959837806916845,7.252846846481135,7.509709912270586,7.7665729780600365,8.023436043849488,8.28029910963894,8.617347176197022,8.954395242755108,9.291443309313195,9.628491375871278,9.965539442429362,10.302587508987449,10.639635575545533,10.976683642103618,11.313731708661702,11.650779775219789,12.078973663399056,12.507167551578327,12.935361439757596,13.363555327936867,13.791749216116136,14.219943104295403,14.648136992474674,15.076330880653943,15.504524768833214,15.932718657012481,16.41964528777131,16.90657191853014,17.393498549288974,17.8804251800478,18.36735181080663,18.854278441565462,19.341205072324293,19.82813170308312,20.31505833384195,20.80198496460078
IMAGE 3.4,SSP2 - Medium Emissions,World,Emissions|HFC|HFC32,kt HFC32/yr,105.566,108.74086217354278,111.90150378555272,101.60496035746293,91.35073375304187,81.13882397228954,70.96923101520595,60.841954881791054,52.45026168379616,44.09368822888133,35.77223451704656,27.485900548291863,19.234686322617232,19.8042063408527,20.371102546283335,20.935374938909145,21.49702351873012,22.056048285746265,22.744330752484945,23.42941668396521,24.111306080187077,24.78999894115053,25.465495266855577,26.36752353535758,27.26534667562504,28.158964687657935,29.04837757145629,29.93358532702009,30.96056936230893,31.98270024432193,32.999977973059075,34.01240254852039,35.019973970705855,36.02269223961547,37.02055735524926,38.01356931760719,39.00172812668929,39.985033782495535,41.307071470820524,42.62269617818761,43.93190790459677,45.23470665004803,46.53109241454138,47.821065198076816,49.104625000654345,50.38177182227395,51.65250566293565,52.91682652263944,54.56130490212307,56.1975745638312,57.82563550776383,59.44548773392095,61.05713124230258,62.6605660329087,64.25579210573932,65.84280946079441,67.42161809807402,68.99221801757812,71.15093154907227,73.30964508056641,75.46835861206054,77.62707214355468,79.78578567504883,81.94449920654297,84.10321273803712,86.26192626953124,88.42063980102539,90.57935333251953,92.88175811767577,95.18416290283203,97.48656768798827,99.78897247314453,102.09137725830077,104.39378204345701,106.69618682861326,108.9985916137695,111.30099639892576,113.603401184082
IMAGE 3.4,SSP2 - Medium Emissions,World,Emissions|HFC|HFC43-10,kt HFC4310/yr,0.8826,0.8871855100836091,0.8917710201672181,0.7580297322385487,0.6242884443098796,0.49054715638121044,0.3568058684525412,0.22306458052387187,0.18368317428851752,0.14430176805316314,0.10492036181780874,0.06553895558245437,0.026157549347100018,0.02626674681259255,0.02637594427808508,0.026485141743577613,0.026594339209070145,0.026703536674562673,0.02679353554796726,0.026883534421371844,0.026973533294776426,0.027063532168181012,0.027153531041585598,0.027243533563651317,0.027333536085717033,0.02742353860778275,0.027513541129848464,0.027603543651914184,0.027683322791014525,0.027763101930114865,0.027842881069215203,0.027922660208315547,0.028002439347415888,0.028082218486516233,0.028161997625616574,0.02824177676471691,0.028321555903817255,0.028401335042917596,0.02846465954903569,0.02852798405515378,0.028591308561271876,0.02865463306738997,0.02871795757350806,0.028781282079626155,0.028844606585744247,0.028907931091862342,0.02897125559798043,0.029034580104098526,0.02907322307536412,0.029111866046629714,0.02915050901789531,0.029189151989160902,0.0292277949604265,0.029266437931692094,0.02930508090295769,0.029343723874223283,0.029382366845488877,0.02942100981675447,0.029432727326500492,0.029444444836246506,0.02945616234599252,0.02946787985573854,0.02947959736548456,0.029491314875230573,0.029503032384976587,0.02951474989472261,0.02952646740446863,0.029538184914214644,0.02952447291355247,0.0295107609128903,0.029497048912228124,0.02948333691156595,0.029469624910903772,0.029455912910241598,0.029442200909579424,0.029428488908917253,0.02941477690825508,0.029401064907592905
IMAGE 3.4,SSP2 - Medium Emissions,World,Emissions|SF6,kt SF6/yr,9.3520936282727,9.359570091351967,9.366776355734636,8.33164041617619,7.303426481477182,6.282134551637612,5.2677646266574785,4.260316706536785,4.0022814809671425,3.7459537416345956,3.4913334885391456,3.2384207216807903,2.9872154410595297,2.9718204756908846,2.9564595080274514,2.941132538069231,2.9258395658162217,2.9105805912684257,2.8875468241252675,2.8646038917251273,2.841751794068006,2.8189905311539034,2.796320102982819,2.774786804090787,2.75333658324073,2.731969440432648,2.7106853756665394,2.689484388942405,2.6954501375393223,2.7012943880137663,2.707017140365738,2.7126183945952365,2.7180981507022612,2.7234564086868143,2.7286931685488947,2.7338084302885015,2.738802193905635,2.7436744594002964,2.7586288451885386,2.7733816348141542,2.787932828277146,2.8022824255775127,2.8164304267152542,2.83037683169037,2.844121640502861,2.8576648531527273,2.8710064696399673,2.8841464899645834,2.9049532329685896,2.9254940904418527,2.9457690623843735,2.965778148796151,2.985521349677186,3.0049986650274776,3.0242100948470263,3.0431556391358328,3.061835297893895,3.080249071121216,3.129777669906616,3.1793062686920166,3.228834867477417,3.2783634662628174,3.3278920650482178,3.377420663833618,3.4269492626190186,3.476477861404419,3.5260064601898193,3.5755350589752197,3.639343571662903,3.703152084350586,3.766960597038269,3.830769109725952,3.8945776224136353,3.9583861351013185,4.022194647789002,4.086003160476684,4.1498116731643675,4.213620185852051
IMAGE 3.4,SSP2 - Medium Emissions,World,Emissions|CO2|AFOLU,Mt CO2/yr,3627.550666666666,3727.878792812463,3828.206918958259,3761.623083453928,3695.0392479495968,3628.4554124452657,3561.8715769409346,3495.287741436603,3411.5610557701148,3327.8343701036265,3244.1076844371382,3160.3809987706495,3076.6543131041612,3009.12689732993,2941.5994815557,2874.0720657814695,2806.544650007239,2739.0172342330084,2671.7450087915317,2604.4727833500547,2537.200557908578,2469.9283324671014,2402.6561070256244,2367.0637184960037,2331.4713299663836,2295.8789414367625,2260.286552907142,2224.6941643775212,2202.71661119091,2180.739058004299,2158.761504817687,2136.783951631076,2114.806398444465,2092.828845257853,2070.851292071242,2048.8737388846303,2026.896185698019,2004.9186325114076,1981.406997825875,1957.8953631403422,1934.3837284548097,1910.872093769277,1887.360459083744,1863.8488243982113,1840.3371897126788,1816.825555027146,1793.3139203416133,1769.8022856560808,1750.9355728896803,1732.0688601232798,1713.2021473568798,1694.3354345904793,1675.4687218240788,1656.6020090576785,1637.735296291278,1618.8685835248777,1600.0018707584773,1581.135157992077,1570.010821355213,1558.8864847183488,1547.7621480814848,1536.637811444621,1525.5134748077571,1514.389138170893,1503.2648015340292,1492.1404648971652,1481.016128260301,1469.8917916234373,1475.588161911905,1481.2845322003727,1486.9809024888405,1492.6772727773084,1498.3736430657762,1504.0700133542439,1509.7663836427118,1515.4627539311796,1521.1591242196473,1526.855494508115
IMAGE 3.4,SSP2 - Medium Emissions,World,Emissions|CCl4,kt CCl4/yr,40.29730841776712,37.50789908721917,34.97059468917428,32.45607274800954,30.041195560361583,27.59194199306125,25.1003211824228,23.540679165010218,23.66215085705868,24.613811336994797,25.645094446025325,26.622458514801583,27.60931923332551,28.749158685300277,29.974413939725984,31.218108892865505,32.40851712214511,33.612065815511066,34.96891841421419,36.485634433509105,37.956174790100064,39.37482685712287,40.95190533887724,42.623347422418426,44.31877940609281,46.110643080755416,47.93128464097561,49.85335365481167,51.36728428414336,51.850312775110346,51.85195053191414,51.80997896228317,51.78694343097321,51.85612873048341,51.87856612255041,51.85070620181917,51.841497605504344,51.85054296096383,51.878310586601714,51.855170227969545,51.776693435939556,51.78144795365209,51.87345182111351,51.91414012578559,51.89998637586837,51.900405539389915,51.8448915148703,51.79911357016939,51.83642505115401,51.81738141254878,51.80806316865857,51.88184734882187,51.89976881105365,51.85827829394707,51.826323495398285,51.80348142646263,51.78927554733651,51.85381417144121,51.93189632984181,51.88053888454101,51.834770506954506,51.867544817477246,51.83940711944699,51.81643753730703,51.872012602138774,51.86715411076891,51.79783384989569,51.80262979915102,51.885560418336574,51.908060368609505,51.86659058626661,51.830099183731605,51.79816319959288,51.77030586104894,51.816628879027384,51.87168624274408,51.82924793248425,51.79212136848583
IMAGE 3.4,SSP2 - Medium Emissions,World,Emissions|CFC11,kt CFC11/yr,55.9933373822983,53.80241782405459,51.58546818746797,49.40410913378708,47.38564183285938,45.47012800799574,43.66070272247559,41.89796777558573,40.11986736138354,38.45070350081469,36.95668393975873,35.45387264881994,33.94136407401444,32.544657378561475,31.26580730827029,30.045411379875464,28.822268280349824,27.59631516751976,26.429316064184206,25.38566392159573,24.342987912491264,23.300027345821253,22.382700133840764,21.530889513094426,20.68338808815452,19.84057134440808,19.00243739592171,18.168558391154544,17.40110505674327,16.70187105906349,16.008863519221865,15.384632087589534,14.831418904555655,14.22546512458261,13.56448794406249,13.034843710935645,12.578021564495089,12.006465435318288,11.442412205241045,11.011078505634611,10.65317286930226,10.182694168135024,9.657745733913039,9.32847125812272,9.011829030467798,8.580997838348285,8.222021906149994,7.936003881971055,7.6617882273667,7.337558219590392,6.961090167909114,6.656131963532225,6.42453867518518,6.142136783064996,5.8696698089486565,5.670934195580044,5.421399427189453,5.181799940785034,5.015931829807603,4.799264581687243,4.592533065554169,4.459544607157046,4.276184773891987,4.040577828936344,3.8764808493222986,3.785760922545636,3.6446723033764186,3.4517756530505834,3.268633871286459,3.094453170414534,2.99141819513695,2.962178221184874,2.8203863334615398,2.6245533158363306,2.562223806946295,2.510741483839849,2.406024616740603,2.307587746017828
IMAGE 3.4,SSP2 - Medium Emissions,World,Emissions|CFC113,kt CFC113/yr,2.030655876997793,2.6240858366639137,2.662652319897718,2.7949219159766683,3.0193159526748032,3.1671361701421197,3.2380105998685997,3.316106146152531,3.4005520740421344,3.576930662237062,3.761683898556309,3.869435018473725,4.070285513020486,4.280232370959432,4.414481717080648,4.557757528676373,4.7092747887242155,4.954707235890159,5.211143695240057,5.307898652179092,5.49891371335071,5.785290178222864,5.997293866711345,6.306205946928454,6.542774795775671,6.70609788812678,6.966084914556925,7.238161482877344,7.53222546300995,7.685412187011563,7.5984078756285625,7.51252489530035,7.597259803855794,7.684920257272982,7.6055569405096906,7.5268651045765775,7.619346442635547,7.629347581989703,7.555528313646543,7.653385144326117,7.669357670115763,7.5166878836874025,7.53405929908151,7.6383331584892415,7.574530521038472,7.597345213856787,7.622187625689949,7.563305531519856,7.591249437982175,7.535106059392503,7.564512413449311,7.681323586071191,7.6306394255409655,7.5811984700676724,7.61812437685161,7.571534565955758,7.525671667994598,7.565579223540424,7.6067929468625515,7.650368502268692,7.610928354064685,7.572243925456832,7.619913947656772,7.584067796729391,7.548949131284929,7.599616263896675,7.6521577431764936,7.621671107456661,7.591939736776478,7.648563412246485,7.621686850264612,7.596121298651233,7.571519792816804,7.5471740642224105,7.609181131040886,7.588080813032532,7.509434456162807,7.483586134518149
IMAGE 3.4,SSP2 - Medium Emissions,World,Emissions|CFC114,kt CFC114/yr,0.8739526789974016,1.124991360857382,1.1597118076759332,1.197558823360702,1.237278428031519,1.278909723338232,1.322527261165675,1.3681964839539387,1.4154823023604386,1.5423784106535925,1.6722604538929153,1.6505914115648743,1.631749242121025,1.6916077809259629,1.8311042384110665,1.9740638844651028,1.9654634086498,2.0376098729228995,2.1896846694249303,2.2680047572251962,2.3502099399371486,2.4360044686012974,2.5255205777784764,2.618906694273037,2.716317610891007,2.817914561474877,2.9238712827247912,3.0345903128233065,3.1181487709184927,3.1407494773438978,3.2106768299169763,3.203551678736577,3.119163137772521,3.189199509931403,3.2589346630646356,3.25258396675239,3.169313812086521,3.0853936751849504,3.155441701112952,3.225162205948355,3.2182641355354313,3.211822057121672,3.205391736497023,3.1989618686170047,3.1925320180284578,3.1861021679584813,3.1796723177622233,3.1732424674137394,3.166812616882547,3.1603827653713275,3.15395289214305,3.147522458839919,3.1410774888652044,3.1341002453003983,3.20449844782523,3.2755578309403224,3.1926349665263998,3.109507346166291,3.1803732092743284,3.25143028348129,3.1679755953587683,3.1622229004219107,3.23373596703449,3.15029303643003,3.1445407931448774,3.216053855187098,3.132610364084184,3.126843562321597,3.1978237905537847,3.1917412079263805,3.186103291515616,3.1804761591160875,3.1748354864843034,3.1686771032141032,3.24042668979004,3.2354652227347676,3.0780170134224134,3.0007401877581557
IMAGE 3.4,SSP2 - Medium Emissions,World,Emissions|CFC115,kt CFC115/yr,0.02762903586579991,0.026451194015621335,0.02567849283947829,0.024928545287205995,0.024647381732154753,0.0,0.0,0.022033925759928328,0.02087186770504332,0.020580077622016593,0.0,0.0,0.01796566889755181,0.016790453857752217,0.0160171124149932,0.015254003188065324,0.014491288813695215,0.013728608389312853,0.012966415817176386,0.01221687344047147,0.011935725463751415,0.0,0.0,0.009321743056220097,0.00814652803988072,0.007373186596877976,0.0066100773407833146,0.005847362214565743,0.005084662269758851,0.004321962909505099,0.003559263571638625,0.002796564234893944,0.0020338648981491113,0.0012711655612579922,0.0005084662245620604,0.0,0.0,0.0,0.0,0.0,0.0,0.0,0.0,0.0,0.0,0.0,0.0,0.0,0.0,0.058488137407676076,0.057369793001727794,0.0,0.0,0.0,0.0,0.0,0.0,0.0,0.05187807648750622,0.05075973205283015,0.0,0.0,0.0,0.0,0.0,0.0467934134372053,0.04567504953370721,0.0,0.0,0.0,0.04323413343636186,0.0421157845155211,0.0,0.0,0.0,0.03916440570355614,0.10759279189046912,0.10704327737018567
IMAGE 3.4,SSP2 - Medium Emissions,World,Emissions|CFC12,kt CFC12/yr,20.278900939592226,18.606179174024042,17.087091090287135,15.723169130971064,14.517108530948391,13.30594082283818,12.14424986865545,11.197170936303392,10.357147722136068,9.51605631768011,8.72927381365435,7.9970064146141215,7.319411319617553,6.752113222910461,6.241504017505347,5.733704419273925,5.228668337154013,4.78111978650565,4.391258695156133,4.059628441499283,3.7874946931967806,3.465571003562935,3.1483297087777404,2.890537561512363,2.6373127785032895,2.4440622290619105,2.256267870172743,2.0738972472898545,1.952408604929725,1.7822025064625084,1.6181096049826014,1.459794151031324,1.3065341519707465,1.268881733551303,1.1830781128022192,1.0488288591747075,0.975782142401148,0.8536398036371314,0.7919703927058059,0.7917670651719456,0.6886441355378514,0.5915807599600477,0.5550387272851948,0.524495641462675,0.500275671028268,0.48275346004300174,0.4168271200072218,0.35665606915406517,0.35737526750159687,0.3093670755608905,0.2670959572956266,0.2853485471284222,0.30998699155439047,0.2865998213495332,0.2146086195847539,0.14782934539701822,0.1406750641925708,0.19409051982181122,0.19915755900715723,0.15562290417877972,0.11768668752857504,0.08501643531556767,0.05723719880898043,0.08945125028921085,0.12750945427360402,0.1166533847598102,0.11176475019322962,0.057426409852778235,0.007779859114118783,0.017593117438548186,0.0323511113514315,0.05236879958766853,0.07766448253720815,0.10861521058040331,0.09049046124373215,0.022536253887595448,0.0,0.0
IMAGE 3.4,SSP2 - Medium Emissions,World,Emissions|CH3Br,kt CH3Br/yr,140.48697355742144,140.44525269558977,140.44552789065773,140.44553526678345,140.44553555090144,140.44553556184533,140.4455355622668,140.44553556228317,140.44553556228368,140.44553556228377,140.44553556228377,140.44553556228377,140.44553556228377,140.44553556228377,140.44553556228377,140.44553556228377,140.44553556228377,140.44553556228377,140.44553556228377,140.44553556228377,140.44553556228377,140.44553556228377,140.44553556228377,140.44553556228377,140.44553556228377,140.44553556228377,140.4455355622838,140.4455355622838,140.4455355622838,140.4455355622838,140.4455355622838,140.4455355622838,140.4455355622838,140.4455355622838,140.4455355622838,140.4455355622838,140.4455355622838,140.4455355622838,140.4455355622838,140.4455355622838,140.4455355622838,140.4455355622838,140.4455355622838,140.4455355622838,140.4455355622838,140.4455355622838,140.4455355622838,140.4455355622838,140.4455355622838,140.4455355622838,140.4455355622838,140.4455355622838,140.4455355622838,140.4455355622838,140.4455355622838,140.4455355622838,140.4455355622838,140.4455355622838,140.4455355622838,140.4455355622838,140.4455355622838,140.4455355622838,140.4455355622838,140.4455355622838,140.4455355622838,140.4455355622838,140.4455355622838,140.4455355622838,140.4455355622838,140.4455355622838,140.4455355622838,140.4455355622838,140.4455355622838,140.4455355622838,140.4455355622838,140.4455355622838,140.4455355622838,140.4455355622838
IMAGE 3.4,SSP2 - Medium Emissions,World,Emissions|CH3CCl3,kt CH3CCl3/yr,1.925368109001723,1.9844674761503585,2.0154698018978308,2.1218060294252017,2.243024910472932,2.2956897148545385,2.3161325589367716,2.4247006405287426,2.5840049281290907,2.7116497692464607,2.807542081710307,2.8475139863157124,3.013079890263086,3.230086462937129,3.271602684248944,3.355661802039536,3.588728993359174,3.729930324432362,3.7937884783679303,3.9840745252637815,4.203755472004259,4.309666505244396,4.398985759431091,4.615370457935042,4.861770306484262,5.055863330085132,5.258100709212486,5.468817165128237,5.63610971297282,5.694944834734323,5.693701293995421,5.692996819110059,5.692428334581721,5.691963218162901,5.6915824253478835,5.691270659033451,5.691015406382305,5.6908064231877145,5.690635322219472,5.690495236594867,5.69038054418597,5.6902866419836275,5.690209761362777,5.690146816834209,5.690095282212928,5.6900530892336265,5.690018544543911,5.689990261744071,5.689967105746074,5.689948147218406,5.689932625288731,5.689919917007609,5.689909512347006,5.689900993731403,5.689894019278835,5.68988830908003,5.689883633964643,5.689879806303956,5.68987667248037,5.689874106722683,5.689872006057913,5.689870286179114,5.689868878061389,5.6898677251921566,5.689866781302655,5.689866008511268,5.6898653758032145,5.689864857785639,5.689864433668743,5.68986408643121,5.689863802137165,5.689863569376865,5.689863378808849,5.689863222784997,5.689863095043431,5.6898629904574705,5.689862904829744,5.689862834723714
IMAGE 3.4,SSP2 - Medium Emissions,World,Emissions|CH3Cl,kt CH3Cl/yr,5376.602241275558,5376.60224106939,5376.602241061445,5376.60224106114,5376.602241061131,5376.602241061134,5376.60224106113,5376.60224106113,5376.60224106113,5376.60224106113,5376.60224106113,5376.60224106113,5376.60224106113,5376.60224106113,5376.60224106113,5376.60224106113,5376.60224106113,5376.60224106113,5376.60224106113,5376.60224106113,5376.60224106113,5376.60224106113,5376.60224106113,5376.60224106113,5376.60224106113,5376.60224106113,5376.60224106113,5376.60224106113,5376.60224106113,5376.60224106113,5376.60224106113,5376.60224106113,5376.60224106113,5376.60224106113,5376.60224106113,5376.60224106113,5376.60224106113,5376.60224106113,5376.60224106113,5376.60224106113,5376.60224106113,5376.60224106113,5376.60224106113,5376.60224106113,5376.60224106113,5376.60224106113,5376.60224106113,5376.60224106113,5376.60224106113,5376.60224106113,5376.60224106113,5376.60224106113,5376.60224106113,5376.60224106113,5376.60224106113,5376.60224106113,5376.60224106113,5376.60224106113,5376.60224106113,5376.60224106113,5376.60224106113,5376.60224106113,5376.60224106113,5376.60224106113,5376.60224106113,5376.60224106113,5376.60224106113,5376.60224106113,5376.60224106113,5376.60224106113,5376.60224106113,5376.60224106113,5376.60224106113,5376.60224106113,5376.60224106113,5376.60224106113,5376.60224106113,5376.60224106113
IMAGE 3.4,SSP2 - Medium Emissions,World,Emissions|HCFC141b,kt HCFC141b/yr,57.429165954156964,57.68077849510554,57.21480348436768,56.48325446711485,55.67114854875694,54.85164389809379,54.01528267502092,53.02714663599193,51.577653941268295,49.89520799511345,48.25223015545117,46.72383430345049,45.22743672313185,43.764690040114516,42.35851758750542,40.956329119190485,39.67628656394712,38.43573865039397,37.11848285418516,35.83011080255346,34.63457965111351,33.49081099449066,32.34670261674314,31.20220072884011,30.109878878673744,29.13435448396401,28.18162729538407,27.187908333376463,26.258851034351792,25.405839315523536,24.523177380449535,23.652763646025623,22.858343247298347,22.087200420071554,21.339639356994454,20.61566780331402,19.91528605736611,19.238494130641836,18.585292023585296,17.955679736233947,17.349657269136276,16.767224636499378,16.208382207164217,15.673139556796102,15.161851234049873,14.621233382412335,14.092882056529831,13.640888896522638,13.159253971874085,12.689877518494002,12.296858935494798,11.874198959499056,11.463807413024641,11.130138230074916,10.71390792193522,10.298612790127393,10.012443860664552,9.643401584993848,9.275286813626309,9.036307878293812,8.714819694936999,8.34132933929173,8.085277456887074,7.8520498556162615,7.578205592657924,7.316468177439242,7.066533715667164,6.8283944741339315,6.60205016915331,6.387501158093143,6.18475701619691,5.994172292642861,5.762463144936777,5.531225991701494,5.36456192241465,5.156822276101081,4.896511964274,4.7017164649880065
IMAGE 3.4,SSP2 - Medium Emissions,World,Emissions|HCFC142b,kt HCFC142b/yr,20.1767950997304,20.99876523033291,20.83048515635011,20.61755796725083,20.395063528952935,20.167232839335878,19.883952812028816,19.591141600435147,19.197580250372862,18.693290382261768,18.213502795894133,17.80828486077469,17.39162950510706,16.959422019595582,16.561776885047113,16.152784521734958,15.823976448593095,15.53984003707472,15.159701150639611,14.76977607561982,14.419657837907593,14.063727617387757,13.747720762395842,13.476469050098677,13.20494182177645,12.933407393488734,12.661872675189265,12.390337616546017,12.118793998964,11.84693714574099,11.620553842757465,11.398978555178475,11.13174590706021,10.955729325378485,10.789352812344548,10.532288290218636,10.366708138807997,10.210774649556992,9.964144885184412,9.808686937630329,9.708366634954368,9.522792722427592,9.29208953788104,9.152303370354268,9.067640229985004,8.897418568297338,8.727854715733073,8.608550256923687,8.494199898488624,8.385073007143156,8.281480881256684,8.137636357053156,7.994188522459868,7.900993424488031,7.812751854009962,7.72972551285812,7.6519292845914535,7.579668090448828,7.467154837492333,7.355046832543674,7.293504786670198,7.191442375690134,7.089778290462776,7.038679885016079,6.947060775076481,6.855831446130497,6.814854929021647,6.77884080363155,6.748363345796681,6.677946456194857,6.562452366425294,6.492394438974768,6.472634164147284,6.4123466084343415,6.352457267736479,6.3431376434327245,6.29344550323235,6.222596228619819
IMAGE 3.4,SSP2 - Medium Emissions,World,Emissions|HCFC22,kt HCFC22/yr,324.52686644110815,323.79894347811626,316.2075416215573,306.3500012866981,295.7440970778391,285.9463528609222,276.8902029699374,266.1473800154359,251.39046885094336,235.2227184513071,220.1633923261291,206.2420066591857,193.37877842436995,181.4234646277703,170.32906160933376,160.03414283306466,150.54415176531865,141.58932622537392,132.8415504922424,124.51765874475328,116.78530758596345,109.64571820741008,103.06765896936665,96.96214981409365,91.3180839616102,86.03884238367266,81.09285979664851,76.57206659502573,72.41804386277806,68.51448093591173,64.94088762996715,61.63157514759485,58.49622067769245,55.65246874387132,53.02815606165101,50.53282862727205,48.238221448632736,46.14403657000368,44.16549029397469,42.32904655591673,40.67339104195781,39.11378385964289,37.63753569461493,36.27651768521669,35.063284581324844,33.9586184296189,32.87146495784083,31.867301784487843,30.945173743146285,30.05291590818018,29.26201366612693,28.571907816700264,27.93748599768213,27.313214151974186,26.685921492678,26.126868353684106,25.635475117789788,25.166090688272984,24.75146158239747,24.39151398248112,24.00145518044566,23.60721025122536,23.325730774813877,23.084835564957096,22.79406936184659,22.525152417902166,22.277247694852267,22.043837359230892,21.863943496678115,21.698471423612304,21.50199919078274,21.306995279827497,21.15198098161438,21.036735003116338,20.96181171912141,20.84973770565833,20.569984030713123,20.259406688515277
IMAGE 3.4,SSP2 - Medium Emissions,World,Emissions|Halon1202,kt Halon1202/yr,0.0,0.0,0.0,0.0,0.0,0.0,0.0,0.0,0.0,0.0,0.0,0.0,0.0,0.0,0.0,0.0,0.0,0.0,0.0,0.0,0.0,0.0,0.0,0.0,0.0,0.0,0.0,0.0,0.0,0.0,0.0,0.0,0.0,0.0,0.0,0.0,0.0,0.0,0.0,0.0,0.0,0.0,0.0,0.0,0.0,0.0,0.0,0.0,0.0,0.0,0.0,0.0,0.0,0.0,0.0,0.0,0.0,0.0,0.0,0.0,0.0,0.0,0.0,0.0,0.0,0.0,0.0,0.0,0.0,0.0,0.0,0.0,0.0,0.0,0.0,0.0,0.0,0.0
IMAGE 3.4,SSP2 - Medium Emissions,World,Emissions|Halon1211,kt Halon1211/yr,2.5629780595462877,2.4712891970912034,2.3049559661305286,2.2133932337706494,2.2052186551051003,2.1314620897892014,1.9840317941682577,1.8370398607072564,1.6895301713268511,1.6163497995337406,1.6265456441783313,1.571144478684467,1.4415410640311543,1.3867330434716283,1.415814510213082,1.30394057824857,1.1842035084230869,1.2229118441177844,1.1202340394119155,1.0096686215127464,1.0570473117745744,1.0384137951321721,0.946095594062938,0.8542153332482519,0.7618173010952668,0.7437486075445972,0.8090566922449551,0.8087823529311866,0.7348342873021569,0.6613251249280185,0.5873122711151092,0.5881437157136237,0.5974934696119245,0.5322129423783267,0.5422183958905308,0.5607675971349987,0.5052019145712344,0.45006376065474235,0.3944214980005733,0.41362405859328116,0.44135899150789065,0.39497860244936805,0.34902572516181185,0.3025687385174458,0.3309565758986573,0.3678768064668008,0.33068225677475455,0.29392928252466444,0.2571871580705502,0.22043138786330418,0.18316013285812763,0.22073326294080572,0.26683874927063184,0.23882893384322856,0.21124717187471057,0.1831753642194398,0.23046333974371305,0.21142523870715196,0.10922448022927368,0.15642448340747162,0.21172665890103265,0.19290310079133852,0.17452071708209385,0.15614970943309556,0.13777913994313776,0.11940858652786387,0.10103801289551048,0.08266689754427342,0.06428171771928316,0.0453815578752326,0.10133932609008744,0.16633090844090878,0.08184836167158284,0.06413338395275907,0.1295893223921132,0.04553174567256155,0.0,0.0
IMAGE 3.4,SSP2 - Medium Emissions,World,Emissions|Halon1301,kt Halon1301/yr,1.232019444684855,1.1650942964906017,1.0964588434703242,1.1624279408097389,1.16185068067368,1.0932711171926428,1.0918306843491483,1.090002846817471,1.088165633365841,1.086340723347198,1.0849800173151074,1.016220449407556,0.9462106954906713,0.9429427993441856,0.9392772358964976,0.9356014141284889,0.9319252159863892,0.9282494904463314,0.9245864289281076,0.9213870981877432,0.8507762415543275,0.7784514688579286,0.8402800986416589,0.9034254657064604,0.8324198546451247,0.7605613297608567,0.7554549064699515,0.749951210428075,0.7444372705413353,0.7389229361027787,0.7334085871626694,0.7278942557313576,0.7223803940330181,0.7168787278825115,0.7118286150501398,0.6389158920402171,0.6321640399299454,0.6938557855913599,0.6205454140428319,0.6137837907112962,0.675487805817938,0.6026411498753418,0.5284680007612136,0.5884581178477369,0.6497653333894368,0.5769210976188286,0.503211284008825,0.4957898419383357,0.5553826718278035,0.6166796624801423,0.5438355394443048,0.4701388818272721,0.4631943216491509,0.4558520014616194,0.4484867728697623,0.4406574196245385,0.5002395958909643,0.5615361761818518,0.4886920373671182,0.4149953798651759,0.40805083845378853,0.4007090060872086,0.39335644207569037,0.3859908189059449,0.3781614504621931,0.43774362614310247,0.4990402064103749,0.4261960675669836,0.3524994093411609,0.3455548491394829,0.33821252895074094,0.33084730035044396,0.32301794688739677,0.38260011749845924,0.4438965509682363,0.3710472106799821,0.2980296178153028,0.2931637834586709
IMAGE 3.4,SSP2 - Medium Emissions,World,Emissions|Halon2402,kt Halon2402/yr,0.0,0.0,0.07495416388724621,0.05774837255399089,0.041235771340317195,0.024741044627170843,0.008247006366278977,0.0,0.0,0.0,0.0,0.0,0.025215292747945733,0.13353992926056898,0.007792090211922717,0.0,0.0,0.08403413457943743,0.0,0.0,0.05019453183298867,0.041253644859564016,0.03298873840608971,0.024741043565301157,0.016494011691749914,0.008247005352910475,0.0,0.0,0.0,0.0,0.0,0.0,0.06728334530346113,0.06625746790142538,0.0,0.0,0.0,0.03346227175522507,0.15003397297402318,0.032533992687786895,0.0,0.017781059768239967,0.016750823374858975,0.0,0.0004556584675111974,0.11704520021948496,0.0,0.0,0.0,0.0997190566480942,0.09983940679258946,0.0,0.0,0.0,0.08322504495584535,0.08334539607134435,0.0,0.0,0.0,0.06670716646742536,0.06599629752861168,0.06600069056673803,0.06683207983467,0.0,0.0,0.0,0.05021312033422133,0.049501366229099925,0.04948277797937254,0.04948209603440042,0.04948295371483245,0.04950593535104428,0.05033804310713873,0.0,0.0,0.0,0.02564393220926879,0.008322380584569461
IMAGE 3.4,SSP2 - Medium Emissions,World,Emissions|C3F8,kt C3F8/yr,0.7211779763531168,0.6918177433043052,0.6624575102554936,0.5816112158524582,0.5007649214494229,0.4199186270463876,0.33907233264335224,0.25822603824031687,0.2351908041749276,0.21215557010953837,0.1891203360441491,0.16608510197875984,0.14304986791337057,0.13692829668817133,0.1308067254629721,0.12468515423777285,0.1185635830125736,0.11244201178737435,0.10763251851722064,0.10282302524706692,0.0980135319769132,0.09320403870675949,0.08839454543660577,0.08472148207547864,0.08104841871435148,0.07737535535322435,0.0737022919920972,0.07002922863097005,0.06789489220418668,0.0657605557774033,0.06362621935061993,0.06149188292383656,0.05935754649705319,0.057223210070269814,0.055088873643486434,0.05295453721670307,0.050820200789919695,0.04868586436313632,0.048009301099092586,0.04733273783504885,0.04665617457100512,0.04597961130696139,0.045303048042917654,0.044626484778873925,0.043949921514830195,0.043273358250786466,0.04259679498674272,0.041920231722699,0.04176825867450186,0.04161628562630472,0.04146431257810758,0.04131233952991045,0.04116036648171331,0.04100839343351617,0.04085642038531904,0.0407044473371219,0.040552474288924764,0.040400501240727624,0.04016466024522103,0.03992881924971443,0.039692978254207825,0.03945713725870122,0.03922129626319463,0.03898545526768803,0.038749614272181425,0.03851377327667482,0.03827793228116823,0.038042091285661626,0.03828584478987278,0.03852959829408393,0.038773351798295067,0.03901710530250622,0.03926085880671737,0.03950461231092852,0.039748365815139665,0.039992119319350816,0.04023587282356197,0.04047962632777312
IMAGE 3.4,SSP2 - Medium Emissions,World,Emissions|C4F10,kt C4F10/yr,0.10158640147930745,0.09745066727801481,0.09331493307672215,0.08192678148219856,0.07053862988767498,0.05915047829315142,0.04776232669862784,0.036374175104104255,0.03312939141316322,0.029884607722222185,0.02663982403128115,0.023395040340340116,0.020150256649399078,0.01928796133179668,0.01842566601419428,0.017563370696591883,0.01670107537898948,0.015838780061387083,0.015161306358259694,0.014483832655132305,0.013806358952004915,0.013128885248877526,0.012451411545750137,0.011934017363596556,0.011416623181442973,0.010899228999289391,0.010381834817135808,0.009864440634982225,0.009563794242201974,0.009263147849421722,0.008962501456641469,0.008661855063861218,0.008361208671080967,0.008060562278300714,0.0077599158855204626,0.007459269492740211,0.00715862309995996,0.006857976707179708,0.006762674812750191,0.006667372918320673,0.006572071023891158,0.0064767691294616405,0.006381467235032123,0.0062861653406026076,0.00619086344617309,0.006095561551743574,0.006000259657314056,0.00590495776288454,0.0058835505713251725,0.005862143379765804,0.005840736188206436,0.005819328996647069,0.005797921805087701,0.005776514613528332,0.005755107421968964,0.0057337002304095955,0.005712293038850229,0.00569088584729086,0.0056576648687801665,0.005624443890269472,0.005591222911758777,0.005558001933248083,0.005524780954737388,0.005491559976226693,0.005458338997715999,0.0054251180192053045,0.0053918970406946105,0.005358676062183916,0.005393011610623706,0.005427347159063496,0.005461682707503284,0.005496018255943074,0.005530353804382863,0.005564689352822653,0.0055990249012624425,0.005633360449702232,0.005667695998142022,0.005702031546581812
IMAGE 3.4,SSP2 - Medium Emissions,World,Emissions|C5F12,kt C5F12/yr,0.06138279350541075,0.05888380825960576,0.05638482301380077,0.049503620928132396,0.042622418842464024,0.03574121675679566,0.028860014671127285,0.02197881258545891,0.020018177260549514,0.01805754193564012,0.016096906610730728,0.014136271285821334,0.01217563596091194,0.011654600717510271,0.011133565474108601,0.010612530230706931,0.010091494987305261,0.009570459743903593,0.009161101524507612,0.008751743305111633,0.008342385085715652,0.007933026866319672,0.0075236686469236915,0.007211037233845207,0.006898405820766721,0.006585774407688236,0.00627314299460975,0.005960511581531265,0.005778848335492021,0.005597185089452777,0.005415521843413534,0.00523385859737429,0.005052195351335047,0.004870532105295803,0.00468886885925656,0.004507205613217316,0.004325542367178073,0.004143879121138829,0.004086293692171419,0.004028708263204008,0.003971122834236598,0.003913537405269188,0.003855951976301777,0.003798366547334367,0.003740781118366957,0.0036831956893995468,0.003625610260432136,0.003568024831464726,0.003555089702354093,0.0035421545732434597,0.003529219444132826,0.003516284315022194,0.0035033491859115602,0.003490414056800927,0.003477478927690294,0.0034645437985796603,0.003451608669469028,0.0034386735403583945,0.00341860002230603,0.003398526504253665,0.0033784529862013004,0.0033583794681489357,0.003338305950096571,0.0033182324320442064,0.0032981589139918417,0.003278085395939477,0.0032580118778871123,0.0032379383598347476,0.0032586853481036838,0.00327943233637262,0.0033001793246415557,0.003320926312910492,0.0033416733011794285,0.0033624202894483647,0.0033831672777173004,0.0034039142659862366,0.0034246612542551728,0.0034454082425241094
IMAGE 3.4,SSP2 - Medium Emissions,World,Emissions|C7F16,kt C7F16/yr,0.1864530221896798,0.1788622410459919,0.171271459902304,0.1503694961450224,0.12946753238774078,0.1085655686304592,0.0876636048731776,0.06676164111589598,0.06080612229922667,0.054850603482557346,0.048895084665888024,0.042939565849218694,0.03698404703254937,0.03540137882454392,0.03381871061653848,0.03223604240853304,0.03065337420052759,0.02907070599252215,0.027827261815322253,0.02658381763812236,0.025340373460922463,0.02409692928372257,0.022853485106522672,0.021903852995126906,0.020954220883731133,0.020004588772335366,0.019054956660939593,0.018105324549543823,0.017553514191779335,0.017001703834014847,0.01644989347625036,0.015898083118485874,0.015346272760721388,0.0147944624029569,0.01424265204519241,0.013690841687427926,0.01313903132966344,0.012587220971898952,0.012412302616902345,0.012237384261905737,0.012062465906909134,0.011887547551912528,0.01171262919691592,0.011537710841919317,0.01136279248692271,0.011187874131926106,0.011012955776929498,0.010838037421932895,0.010798746379975369,0.01075945533801784,0.010720164296060314,0.01068087325410279,0.010641582212145263,0.010602291170187737,0.01056300012823021,0.010523709086272684,0.01048441804431516,0.010445127002357633,0.010384152779890672,0.010323178557423708,0.010262204334956747,0.010201230112489785,0.010140255890022824,0.010079281667555862,0.0100183074450889,0.009957333222621939,0.009896359000154977,0.009835384777688014,0.009898404696514877,0.009961424615341738,0.010024444534168599,0.01008746445299546,0.01015048437182232,0.010213504290649184,0.010276524209476043,0.010339544128302906,0.010402564047129767,0.01046558396595663
IMAGE 3.4,SSP2 - Medium Emissions,World,Emissions|C8F18,kt C8F18/yr,0.13663756786871273,0.13107484830795355,0.12551212874719433,0.11019463237231916,0.094877135997444,0.07955963962256886,0.06424214324769369,0.04892464687281852,0.04456028958351581,0.04019593229421309,0.03583157500491037,0.031467217715607655,0.027102860426304932,0.025943040477315295,0.024783220528325663,0.023623400579336026,0.022463580630346387,0.021303760681356754,0.020392532822683242,0.019481304964009735,0.018570077105336223,0.017658849246662715,0.016747621387989204,0.016051706564258715,0.015355791740528221,0.01465987691679773,0.013963962093067238,0.013268047269336747,0.012863666453599681,0.012459285637862616,0.01205490482212555,0.011650524006388486,0.011246143190651422,0.010841762374914356,0.01043738155917729,0.010033000743440226,0.009628619927703162,0.009224239111966098,0.009096054444741888,0.008967869777517677,0.008839685110293469,0.008711500443069259,0.008583315775845047,0.00845513110862084,0.00832694644139663,0.00819876177417242,0.008070577106948208,0.007942392439724,0.007913598954110007,0.007884805468496016,0.007856011982882024,0.007827218497268033,0.007798425011654039,0.0077696315260400465,0.007740838040426054,0.007712044554812062,0.007683251069198071,0.0076544575835840786,0.007609774105876241,0.007565090628168404,0.007520407150460566,0.007475723672752729,0.007431040195044891,0.007386356717337054,0.007341673239629216,0.007296989761921379,0.007252306284213541,0.007207622806505704,0.007253805423095453,0.007299988039685203,0.007346170656274951,0.007392353272864701,0.007438535889454451,0.007484718506044201,0.0075309011226339494,0.007577083739223699,0.007623266355813449,0.0076694489724031985
IMAGE 3.4,SSP2 - Medium Emissions,World,Emissions|cC4F8,kt cC4F8/yr,2.2485990409858565,2.2065916251220625,2.164224682583746,1.9512060482530955,1.736614761198974,1.520450821421382,1.3027142289203197,1.0834049836957869,1.0162240027110916,0.9485461434576931,0.8803714059355917,0.811699790144787,0.742531296085279,0.725563746740197,0.7084618157297078,0.6912255030538116,0.6738548087125081,0.6563497327057977,0.6407105198162476,0.6249504518836897,0.609069528908124,0.5930677508895504,0.5769451178279691,0.5644593347070956,0.5518776854928782,0.539200170185317,0.5264267887844115,0.5135575412901622,0.510364889706217,0.5071402966947806,0.5038837622558532,0.5005952863894347,0.4972748690955252,0.4939225103741247,0.49053821022523314,0.48712196864885043,0.48367378564497676,0.480193661213612,0.4878124418708468,0.49546978542360504,0.5031656918718865,0.5109001612156916,0.5186731934550199,0.5264847885898719,0.5343349466202472,0.5422236675461458,0.5501509513675681,0.5581167980845135,0.5671352762783775,0.576198543434717,0.5853065995535321,0.594459444634823,0.6036570786785896,0.6128995016848315,0.6221867136535493,0.6315187145847428,0.6408955044784116,0.6503170833345563,0.6552991063278619,0.6602811293211674,0.6652631523144732,0.6702451753077788,0.6752271983010844,0.68020922129439,0.6851912442876955,0.6901732672810013,0.6951552902743069,0.7001373132676124,0.7046335871382479,0.7091298610088833,0.7136261348795189,0.7181224087501542,0.7226186826207897,0.7271149564914251,0.7316112303620604,0.736107504232696,0.7406037781033314,0.7451000519739669
IMAGE 3.4,SSP2 - Medium Emissions,World,Emissions|SO2F2,kt SO2F2/yr,4.594032521920711,4.508208668435696,4.421650278821672,3.986439502666094,3.5480156958075644,3.106378858246086,2.661528989981658,2.21346609101428,2.076211024249281,1.9379408032107757,1.798655427898765,1.6583548983132483,1.5170392144542257,1.4823734194023759,1.4474330739616053,1.4122181781319136,1.3767287319133006,1.340964735305767,1.3090128171014725,1.27681398426816,1.244368236805829,1.2116755747144796,1.178735997994112,1.1532267397077647,1.1275216208244214,1.1016206413440826,1.0755238012667476,1.049231100592417,1.0427083079822344,1.0361202569804862,1.0294669475871727,1.0227483798022934,1.0159645536258488,1.0091154690578388,1.002201126098263,0.9952215247471219,0.9881766650044153,0.981066546870143,0.9966322059666495,1.0122766515399555,1.0279998835900606,1.0438019021169656,1.0596827071206698,1.0756422986011738,1.0916806765584772,1.10779784099258,1.1239937919034826,1.1402685292911845,1.1586938605155004,1.1772106984720017,1.1958190431606888,1.2145188945815613,1.2333102527346198,1.252193117619863,1.2711674892372922,1.2902333675869073,1.3093907526687072,1.3286396444826931,1.3388182380153881,1.348996831548083,1.3591754250807782,1.369354018613473,1.379532612146168,1.389711205678863,1.3998897992115578,1.410068392744253,1.420246986276948,1.4304255798096428,1.4396117566302578,1.448797933450873,1.457984110271488,1.467170287092103,1.4763564639127182,1.4855426407333332,1.4947288175539482,1.5039149943745636,1.5131011711951785,1.5222873480157935
IMAGE 3.4,SSP2 - Medium Emissions,World,Emissions|HFC|HFC236fa,kt HFC236fa/yr,0.3543,0.3670899348656684,0.3798798697313368,0.3279154931418901,0.27595111655244337,0.22398673996299667,0.17202236337354998,0.1200579867841033,0.10559898361665378,0.09113998044920425,0.07668097728175471,0.06222197411430517,0.047762970946855644,0.05004699533861514,0.05233101973037464,0.05461504412213413,0.05689906851389363,0.059183092905653135,0.06193777591268875,0.06469245891972439,0.06744714192676,0.07020182493379563,0.07295650794083125,0.07630456036203109,0.07965261278323094,0.08300066520443078,0.08634871762563062,0.08969677004683045,0.09377907235430227,0.0978613746617741,0.10194367696924593,0.10602597927671774,0.11010828158418956,0.11419058389166138,0.1182728861991332,0.12235518850660505,0.12643749081407685,0.13051979312154868,0.13638948154808309,0.14225916997461746,0.14812885840115186,0.15399854682768624,0.15986823525422064,0.16573792368075502,0.17160761210728942,0.1774773005338238,0.1833469889603582,0.18921667738689257,0.19691870776397852,0.20462073814106452,0.21232276851815052,0.22002479889523646,0.22772682927232243,0.23542885964940843,0.2431308900264944,0.25083292040358035,0.25853495078066635,0.26623698115775235,0.2760218239183647,0.28580666667897714,0.29559150943958956,0.305376352200202,0.3151611949608144,0.3249460377214268,0.3347308804820392,0.3445157232426516,0.35430056600326404,0.3640854087638764,0.3752123786937583,0.38633934862364017,0.3974663185535221,0.4085932884834039,0.4197202584132857,0.4308472283431677,0.44197419827304957,0.45310116820293134,0.4642281381328132,0.4753551080626951
IMAGE 3.4,SSP2 - Medium Emissions,World,Emissions|HFC|HFC152a,kt HFC152a/yr,54.8699,55.15497418959509,55.440048379190166,47.12555586330834,38.81106334742654,30.49657083154473,22.182078315662917,13.867585799781098,11.419303653856252,8.971021507931402,6.522739362006553,4.074457216081705,1.6261750701568585,1.632963710550954,1.6397523509450493,1.6465409913391449,1.6533296317332404,1.6601182721273355,1.6657133652429286,1.6713084583585214,1.676903551474114,1.682498644589707,1.6880937377052998,1.6936890576526076,1.6992843775999151,1.7048796975472225,1.71047501749453,1.7160703374418378,1.7210300852149194,1.725989832988001,1.7309495807610824,1.735909328534164,1.7408690763072456,1.7458288240803275,1.750788571853409,1.7557483196264905,1.7607080673995723,1.7656678151726537,1.7696046034326236,1.7735413916925928,1.7774781799525625,1.7814149682125322,1.7853517564725017,1.7892885447324713,1.7932253329924408,1.7971621212524105,1.8010989095123797,1.8050356977723496,1.8074380725390005,1.8098404473056513,1.8122428220723021,1.814645196838953,1.8170475716056038,1.8194499463722547,1.8218523211389055,1.8242546959055563,1.8266570706722072,1.829059445438858,1.8297879052032058,1.8305163649675529,1.8312448247319,1.8319732844962477,1.832701744260595,1.8334302040249422,1.8341586637892895,1.834887123553637,1.8356155833179846,1.836344043082332,1.8354915888503656,1.8346391346183994,1.8337866803864333,1.832934226154467,1.8320817719225004,1.831229317690534,1.830376863458568,1.8295244092266019,1.8286719549946355,1.8278195007626692
IMAGE 3.4,SSP2 - Medium Emissions,World,Emissions|HFC|HFC365mfc,kt HFC365mfc/yr,5.241899999999999,5.392354395030054,5.542808790060109,5.014288362774758,4.485767935489408,3.9572475082040572,3.4287270809187063,2.9002066536333566,2.5227644798036364,2.145322305973916,1.7678801321441964,1.3904379583144764,1.0129957844847564,1.0467502232617596,1.080504662038763,1.114259100815766,1.1480135395927695,1.1817679783697728,1.222836962342992,1.263905946316211,1.3049749302894302,1.3460439142626492,1.3871128982358683,1.440536551939796,1.4939602056437236,1.547383859347651,1.6008075130515786,1.654231166755506,1.7164488404823683,1.7786665142092306,1.8408841879360927,1.9031018616629547,1.9653195353898172,2.0275372091166792,2.0897548828435415,2.1519725565704038,2.214190230297266,2.2764079040241283,2.359272907859867,2.4421379116956063,2.525002915531345,2.607867919367085,2.6907329232028236,2.773597927038563,2.8564629308743026,2.939327934710042,3.0221929385457806,3.10505794238152,3.2119404031730334,3.3188228639645465,3.425705324756061,3.5325877855475745,3.6394702463390884,3.7463527071306015,3.8532351679221155,3.960117628713629,4.067000089505143,4.173882550296657,4.30786090007004,4.441839249843422,4.575817599616806,4.709795949390189,4.843774299163572,4.977752648936955,5.111730998710338,5.245709348483721,5.379687698257104,5.513666048030487,5.656973153620155,5.800280259209823,5.943587364799491,6.08689447038916,6.230201575978828,6.373508681568496,6.516815787158165,6.660122892747832,6.803429998337501,6.946737103927169
IMAGE 3.4,SSP2 - Medium Emissions,World,Emissions|CH2Cl2,kt CH2Cl2/yr,1612.1255576209262,1652.198290556777,1692.2710234926274,1551.5024010172474,1410.7337785418672,1269.9651560664872,1129.196533591107,988.4279111157273,887.8981829706382,787.3684548255491,686.8387266804599,586.3089985353707,485.7792703902817,494.7695867598378,503.75990312939393,512.7502194989501,521.7405358685063,530.7308522380624,541.6693590618531,552.6078658856436,563.5463727094342,574.4848795332248,585.4233863570154,599.6524941667752,613.8816019765351,628.110709786295,642.3398175960549,656.5689254058149,673.1402739705967,689.7116225353788,706.2829711001606,722.8543196649425,739.4256682297246,755.9970167945065,772.5683653592885,789.1397139240704,805.7110624888523,822.2824110536344,844.3530668678063,866.4237226819782,888.4943784961503,910.5650343103224,932.6356901244942,954.7063459386662,976.7770017528384,998.8476575670104,1020.9183133811823,1042.9889691953542,1071.456547732819,1099.9241262702838,1128.391704807749,1156.8592833452137,1185.3268618826785,1213.7944404201432,1242.2620189576082,1270.729597495073,1299.197176032538,1327.6647545700027,1363.3491799308058,1399.0336052916086,1434.7180306524117,1470.4024560132148,1506.0868813740176,1541.7713067348204,1577.4557320956235,1613.1401574564263,1648.8245828172294,1684.5090081780322,1722.6780983462347,1760.8471885144372,1799.0162786826397,1837.1853688508422,1875.3544590190445,1913.523549187247,1951.6926393554495,1989.861729523652,2028.0308196918545,2066.1999098600572
IMAGE 3.4,SSP2 - Medium Emissions,World,Emissions|CHCl3,kt CHCl3/yr,400.4993804646773,394.8214768980929,389.14357333150855,373.5089064481438,357.8742395647791,342.2395726814144,326.6049057980497,310.97023891468496,306.5155114116867,302.06078390868845,297.60605640569014,293.1513289026919,288.69660139969363,287.51276573207906,286.3289300644645,285.1450943968499,283.96125872923534,282.7774230616208,281.84732693647527,280.9172308113298,279.9871346861842,279.05703856103867,278.12694243589317,277.41661770775625,276.70629297961926,275.99596825148234,275.2856435233454,274.5753187952085,274.16256470058744,273.74981060596645,273.33705651134545,272.9243024167244,272.5115483221034,272.09879422748236,271.68604013286136,271.27328603824037,270.8605319436193,270.4477778489983,270.31693893625715,270.18610002351596,270.0552611107748,269.92442219803365,269.79358328529247,269.6627443725513,269.5319054598101,269.401066547069,269.2702276343278,269.1393887215866,269.10999902597524,269.08060933036387,269.0512196347525,269.0218299391412,268.9924402435298,268.96305054791844,268.93366085230707,268.9042711566957,268.8748814610843,268.845491765473,268.79988305292267,268.7542743403723,268.70866562782203,268.6630569152717,268.6174482027214,268.57183949017104,268.52623077762075,268.4806220650704,268.43501335252006,268.38940463996977,268.43654353320085,268.4836824264319,268.53082131966306,268.57796021289414,268.6250991061252,268.6722379993563,268.71937689258743,268.7665157858185,268.8136546790496,268.86079357228067
IMAGE 3.4,SSP2 - Medium Emissions,World,Emissions|NF3,kt NF3/yr,4.010291370035125,4.01349736823798,4.016587501956984,3.5727086348042016,3.1317980074332823,2.6938556198442263,2.2588814720370323,1.826875564011702,1.7162269243168782,1.606310475465437,1.497126217457379,1.3886741502927031,1.2809542739714095,1.2743527257818978,1.2677657562214324,1.2611933652900136,1.2546355529876407,1.2480923193143147,1.2382151601171107,1.2283769519612997,1.2185776948468818,1.208817388773857,1.1990960337422252,1.189862293560878,1.1806641782532772,1.1715016878194227,1.162374822259314,1.1532835815729514,1.1558417670515153,1.1583478526590345,1.1608018383955097,1.16320372426094,1.1655535102553256,1.1678511963786673,1.1700967826309647,1.1722902690122174,1.1744316555224255,1.1765209421615894,1.1829335644742514,1.1892597399031084,1.1954994684481621,1.2016527501094116,1.2077195848868572,1.2136999727804987,1.2195939137903358,1.2254014079163695,1.2311224551585984,1.236757055517024,1.245679239706375,1.2544874089497964,1.2631815632472885,1.2717617025988508,1.2802278270044838,1.288579936464187,1.2968180309779607,1.3049421105458052,1.3129521751677198,1.320848224843705,1.3420866897451422,1.3633251546465792,1.3845636195480164,1.4058020844494534,1.4270405493508906,1.4482790142523279,1.4695174791537648,1.490755944055202,1.511994408956639,1.5332328738580763,1.5605947393330537,1.5879566048080311,1.6153184702830088,1.6426803357579862,1.6700422012329639,1.6974040667079415,1.7247659321829192,1.7521277976578964,1.779489663132874,1.8068515286078517
GCAM 8s,SSP3 - High Emissions,World,Emissions|BC,Mt BC/yr,7.21924524460418,7.05536297913012,6.8919384686964555,6.796567327951381,6.701184275338785,6.605789310858668,6.51038243451103,6.41496364629587,6.351220080713153,6.287482059621839,6.223749583021927,6.160022650913419,6.096301263296313,6.049253276175614,6.002166847741636,5.955041977994381,5.907878666933847,5.8606769145600355,5.828618840465782,5.796550723048421,5.764472562307953,5.732384358244376,5.700286110857693,5.689889949763151,5.6795140611589705,5.66915844504515,5.658823101421694,5.6485080302886015,5.642510093703656,5.636494514143813,5.630461291609073,5.624410426099435,5.6183419176149005,5.618685730813091,5.619054728769218,5.619448911483278,5.619868278955275,5.620312831185208,5.618536266622074,5.616788100245621,5.615068332055847,5.613376962052752,5.611713990236335,5.61714778895697,5.622610637272569,5.628102535183129,5.6336234826886535,5.6391734797891395,5.641310841368675,5.643494823815848,5.6457254271306585,5.648002651313106,5.6503264963631885,5.6544407814518305,5.658610513802648,5.662835693415641,5.667116320290811,5.671452394428157,5.684795982553769,5.698139570679381,5.7114831588049935,5.7248267469306064,5.738170335056218,5.74312241827694,5.74807450149766,5.753026584718382,5.757978667939103,5.762930751159825,5.770072443424782,5.777214135689739,5.7843558279546965,5.791497520219654,5.798639212484613,5.810032624768455,5.821426037052297,5.8328194493361405,5.844212861619983,5.855606273903826
GCAM 8s,SSP3 - High Emissions,World,Emissions|CH4,Mt CH4/yr,363.48990132891083,366.20372575165254,368.9189744935783,371.6944435272725,374.46935423064264,377.2437066036886,380.01750064641044,382.79073635880815,384.8468554085242,386.90438380078047,388.9633215355767,391.02366861291307,393.0854250327896,394.94036070377206,396.7973957458562,398.656530159042,400.51776394332944,402.38109709871856,403.8365981207773,405.29501190542084,406.75633845264935,408.22057776246254,409.68772983486053,411.6803337731182,413.6759234055313,415.6744987320997,417.67605975282356,419.6806064677027,422.30923439894633,424.9395412176134,427.57152692370386,430.2051915172177,432.84053499815514,435.4110654043356,437.98433296435303,440.56033767820725,443.1390795458984,445.7205585674264,448.0704453126793,450.4229927203767,452.77820079051867,455.1360695231051,457.4965989181361,459.6378735062198,461.78176728128756,463.9282802433393,466.0774123923751,468.2291637283949,470.59450922637546,472.9616520954782,475.33059233570305,477.70132994705017,480.07386492951935,482.25837638982046,484.4442914061102,486.6316099783889,488.8203321066564,491.01045779091277,493.1247275762163,495.23899736151986,497.3532671468234,499.46753693212685,501.5818067174304,503.79865102001634,506.0154953226023,508.2323396251883,510.44918392777424,512.6660282303602,514.941424986822,517.216821743284,519.4922184997457,521.7676152562077,524.0430120126696,526.3108847512319,528.5787574897945,530.8466302283568,533.1145029669194,535.3823757054819
GCAM 8s,SSP3 - High Emissions,World,Emissions|CO,Mt CO/yr,774.0534343017323,756.3110433298754,738.573782179214,729.7244013558168,720.8772506364444,712.0323300210968,703.1896395097742,694.3491791024765,688.576995790273,682.8038753808692,677.0298178742644,671.2548232704592,665.4788915694535,661.7364500474469,657.9959737360427,654.2574626352407,650.5209167450411,646.7863360654438,644.1600296561436,641.5304841007248,638.8976993991871,636.2616755515309,633.622412557756,632.0213816439173,630.419040892114,628.815390302346,627.2104298746134,625.6041596089161,625.7257105579138,625.8480044807602,625.9710413774551,626.0948212479989,626.2193440923913,627.0131832856929,627.8092172015299,628.6074458399027,629.4078692008108,630.2104872842544,630.8154492388182,631.4210201445537,632.0272000014609,632.6339888095397,633.24138656879,634.1330302107037,635.025269999881,635.9181059363216,636.8115380200256,637.7055662509931,638.4523222717119,639.1998194886968,639.948057901948,640.6970375114656,641.4467583172493,642.2478320910935,643.0495291575196,643.8518495165275,644.6547931681174,645.4583601122893,646.6856883894716,647.913016666654,649.1403449438365,650.3676732210188,651.5950014982011,652.0490298754313,652.5030582526615,652.9570866298918,653.411115007122,653.8651433843522,654.5383586008268,655.2115738173013,655.8847890337757,656.5580042502503,657.2312194667248,657.665801977638,658.1003844885512,658.5349669994644,658.9695495103775,659.4041320212907
GCAM 8s,SSP3 - High Emissions,World,Emissions|CO2|Energy and Industrial Processes,Mt CO2/yr,38712.21703981296,38864.58516772872,39015.67437587535,39433.50386331177,39850.62991104502,40267.05251907509,40682.77168740199,41097.78741602571,41341.283123292014,41584.16339039007,41826.4282173199,42068.07760408149,42309.11155067484,42425.03861963911,42540.147833907904,42654.439193481245,42767.91269835909,42880.56834854147,42925.82502654982,42970.64543275583,43015.029567159465,43058.977429760766,43102.4890205597,43051.25012050091,42999.98960832027,42948.707484017774,42897.403747593395,42846.07839904717,43257.11950250715,43666.37025025179,44073.83064228109,44479.500678595075,44883.38035919372,45203.43374822025,45523.460267943934,45843.45991836477,46163.432699482764,46483.37861129792,46631.0576963065,46778.00169698461,46924.210613332216,47069.68444534932,47214.423193035946,47353.795573366275,47492.473870211215,47630.45808357078,47767.74821344495,47904.34425983376,48078.905140583556,48252.56184965128,48425.31438703696,48597.162752740565,48768.10694676212,48937.61292957553,49106.241122651714,49273.99152599068,49440.86413959241,49606.858963456914,49764.88187542995,49922.904787402986,50080.927699376,50238.950611349035,50396.97352332206,50575.9731417489,50754.972760175755,50933.97237860261,51112.97199702945,51291.9716154563,51479.54029621863,51667.10897698094,51854.67765774326,52042.24633850558,52229.8150192679,52409.01768461961,52588.22034997131,52767.42301532302,52946.62568067472,53125.82834602643
GCAM 8s,SSP3 - High Emissions,World,Emissions|N2O,kt N2O/yr,11289.003670665756,11422.924412623175,11556.989419394667,11681.851133365673,11806.708604524109,11931.561832869971,12056.410818403261,12181.255561123982,12274.585292975125,12367.944118969273,12461.332039106424,12554.749053386578,12648.19516180974,12731.840906140389,12815.504898585787,12899.18713914594,12982.887627820845,13066.606364610503,13140.135983155315,13213.683829302312,13287.249903051488,13360.834204402849,13434.436733356386,13534.377478108807,13634.35555705899,13734.370970206932,13834.423717552638,13934.513799096103,14055.218979270485,14175.879936637652,14296.496671197601,14417.069182950332,14537.597471895844,14646.84634293515,14756.114614444956,14865.402286425258,14974.709358876056,15084.035831797353,15184.263206615447,15284.50020597029,15384.746829861875,15485.003078290207,15585.268951255286,15684.514454473898,15783.742289596124,15882.95245662198,15982.144955551452,16081.319786384547,16176.338163142944,16271.341812933731,16366.33073575691,16461.304931612474,16556.26440050044,16647.961618413046,16739.635928934695,16831.287332065378,16922.915827805096,17014.521416153853,17106.145712156125,17197.7700081584,17289.394304160673,17381.018600162944,17472.64289616522,17561.457750830818,17650.272605496415,17739.087460162013,17827.902314827617,17916.717169493215,18006.51395046215,18096.310731431087,18186.107512400027,18275.904293368963,18365.7010743379,18460.340920118004,18554.980765898108,18649.62061167821,18744.260457458313,18838.900303238417
GCAM 8s,SSP3 - High Emissions,World,Emissions|NH3,Mt NH3/yr,69.11340089954984,69.8092591163975,70.50502452123489,71.19716236869098,71.88907850950451,72.58077294367548,73.27224567120392,73.9634966920898,74.57829041000652,75.19288800050276,75.80728946357853,76.42149479923378,77.03550400746857,77.63250898869009,78.22927317096436,78.82579655429136,79.42207913867111,80.01812092410363,80.5582541264644,81.09818809611501,81.63792283305546,82.17745833728574,82.71679460880584,83.23420232997364,83.75141687724424,84.26843825061759,84.78526645009373,85.30190147567264,85.82041977648629,86.33878293277115,86.85699094452721,87.37504381175448,87.89294153445293,88.4273574563787,88.96159031888143,89.49564012196106,90.02950686561762,90.56319054985113,91.04182144983216,91.52029342664626,91.9986064802934,92.4767606107736,92.9547558180868,93.42586751306764,93.89681850496555,94.36760879378045,94.83823837951243,95.30870726216143,95.74016974459092,96.17146093816302,96.60258084287779,97.03352945873525,97.46430678573533,97.8687787226234,98.27307970501099,98.67720973289806,99.0811688062847,99.48495692517082,99.9330135071609,100.381070089151,100.82912667114107,101.27718325313117,101.72523983512127,102.05654442202179,102.38784900892233,102.71915359582287,103.0504581827234,103.38176276962395,103.69029496476172,103.9988271598995,104.3073593550373,104.61589155017509,104.92442374531288,105.25950415085151,105.59458455639013,105.92966496192876,106.26474536746741,106.59982577300605
GCAM 8s,SSP3 - High Emissions,World,Emissions|NOx,Mt NO2/yr,127.51049405918616,121.07501327173217,114.66663812514071,112.30475571678382,109.94643481628918,107.59167542365678,105.24047753888661,102.89284116197868,100.56980511591145,98.25298391391993,95.94237755600415,93.63798604216407,91.33980937239971,90.11850967779685,88.9002495006554,87.68502884097539,86.47284769875681,85.26370607399964,84.4734686128359,83.68372892758401,82.89448701824398,82.10574288481583,81.31749652729953,81.03979039705533,80.76444835517387,80.4914704016551,80.22085653649907,79.95260675970576,80.09852406559253,80.24583578119274,80.3945419065064,80.54464244153354,80.6961373862741,81.23684709850843,81.77983048781252,82.32508755418628,82.87261829762977,83.42242271814297,83.70173342099886,83.98339328359017,84.26740230591692,84.55376048797906,84.84246782977661,85.19823405080086,85.55632863415882,85.91675157985047,86.27950288787586,86.64458255823496,86.99360061685803,87.34491324955468,87.6985204563249,88.05442223716868,88.41261859208605,88.77193336320163,89.13328777299998,89.49668182148108,89.86211550864493,90.22958883449155,90.58758439759285,90.94557996069418,91.30357552379547,91.66157108689677,92.0195666499981,92.3928619829555,92.76615731591292,93.13945264887033,93.51274798182774,93.88604331478516,94.30498788693069,94.72393245907621,95.14287703122173,95.56182160336725,95.98076617551278,96.43638261531086,96.89199905510897,97.34761549490707,97.80323193470517,98.25884837450326
GCAM 8s,SSP3 - High Emissions,World,Emissions|OC,Mt OC/yr,34.14789091300629,33.730715335082465,33.31548512847495,33.09495264982135,32.874299685606644,32.65352623583084,32.432632300493935,32.21161787959592,32.02841370075406,31.845096191926906,31.661665353114465,31.478121184316727,31.2944636855337,31.145018946638267,30.99545336555507,30.845766942284115,30.69595967682539,30.546031569178897,30.407755348026807,30.269290621754724,30.130637390362644,29.991795653850573,29.852765412218517,29.743989694984133,29.63506889922031,29.52600302492706,29.416792072104375,29.307436040752254,29.204362176411404,29.101049270213853,28.997497322159596,28.893706332248634,28.78967630048097,28.690758143383103,28.5917222428299,28.492568598821357,28.393297211357485,28.29390808043827,28.1936124855319,28.093227268224567,27.99275242851628,27.892187966407036,27.79153388189684,27.71094687755277,27.630271267110835,27.549507050571016,27.468654227933314,27.387712799197736,27.301478860327627,27.215240710935014,27.128998351019888,27.042751780582257,26.956500999622115,26.879989463982277,26.803499419444524,26.72703086600885,26.650583803675268,26.57415823244376,26.538577809985313,26.50299738752687,26.467416965068427,26.431836542609975,26.39625612015153,26.33281265816447,26.26936919617741,26.20592573419035,26.142482272203296,26.079038810216236,26.025750718287124,25.972462626358016,25.919174534428905,25.865886442499793,25.81259835057068,25.77741172264618,25.74222509472168,25.707038466797176,25.67185183887267,25.636665210948173
GCAM 8s,SSP3 - High Emissions,World,Emissions|Sulfur,Mt SO2/yr,71.9020378409034,67.8574983339736,63.84433798890064,63.36644428661396,62.89145720453249,62.419376742656226,61.95020290098516,61.4839356795193,60.805870536560846,60.13125340702511,59.46008429091215,58.792363188221906,58.12809009895442,57.61726124222251,57.10895850770699,56.60318189540785,56.099931405325115,55.59920703745878,54.94923249189597,54.30147595095008,53.655937414621135,53.01261688290913,52.37151435581405,52.02864997805594,51.68750678929807,51.348084789540465,51.010383978783096,50.67440435702598,50.55760605427572,50.44203491828679,50.32769094905919,50.21457414659291,50.102684510887954,50.284830855112745,50.46725129117412,50.649945819072116,50.832914438806704,51.0161571503779,51.018712172065534,51.02141115649975,51.02425410368056,51.027241013607934,51.030371886281884,51.060248604514086,51.09039298567629,51.12080502976849,51.151484736790714,51.18243210674295,51.244891292029706,51.307568797106924,51.370464621974584,51.433578766632706,51.49691123108127,51.60658146014093,51.716309345140125,51.82609488607888,51.93593808295718,52.04583893577502,52.170247622821734,52.294656309868444,52.41906499691515,52.543473683961864,52.66788237100856,52.83524189862372,53.00260142623888,53.16996095385403,53.33732048146919,53.50468000908435,53.69806025689938,53.891440504714396,54.084820752529424,54.278201000344446,54.47158124815947,54.72231611625604,54.97305098435263,55.223785852449225,55.4745207205458,55.72525558864238
GCAM 8s,SSP3 - High Emissions,World,Emissions|VOC,Mt VOC/yr,191.24428648185568,189.20842255277546,187.18028953092548,186.22529119312202,185.27351848539337,184.3249714077396,183.3796499601607,182.43755414265672,181.4661743141415,180.493924204859,179.52080381480914,178.54681314399198,177.57195219240745,177.076917570891,176.58107865245495,176.08443543709924,175.58698792482392,175.08873611562893,174.7957846737787,174.50260461646232,174.20919594367984,173.91555865543125,173.62169275171664,173.486451775212,173.35067281133203,173.21435586007664,173.07750092144585,172.94010799543966,172.6191306978771,172.29824916135544,171.97746338587473,171.65677337143495,171.3361791180361,171.22400985682475,171.11086999033432,170.99675951856477,170.88167844151613,170.76562675918842,170.70668696163307,170.64767031850621,170.58857682980778,170.52940649553773,170.4701593156961,170.37289641453822,170.27623542440347,170.18017634529184,170.08471917720343,169.9898639201381,170.0674603936486,170.14538229386807,170.22362962079657,170.3022023744341,170.38110055478066,170.47916488580714,170.57786802724547,170.67720997909564,170.77719074135766,170.87781031403154,170.96119682658912,171.0445833391467,171.12796985170422,171.21135636426183,171.29474287681944,171.2231715471525,171.15160021748557,171.08002888781868,171.00845755815175,170.9368862284848,170.94524717823666,170.95360812798853,170.96196907774038,170.97033002749225,170.97869097724407,171.04780402010238,171.11691706296068,171.18603010581896,171.25514314867723,171.3242561915355
GCAM 8s,SSP3 - High Emissions,World,Emissions|C2F6,kt C2F6/yr,2.4318727086493497,2.4765013566978165,2.521130004746283,2.5810444177535747,2.6409588307608662,2.700873243768158,2.76078765677545,2.8207020697827416,2.866827575629598,2.9129530814764544,2.959078587323311,3.005204093170168,3.0513295990170244,3.0804416610575247,3.1095537230980255,3.1386657851385262,3.1677778471790266,3.1968899092195273,3.2169887398698043,3.2370875705200803,3.2571864011703573,3.277285231820634,3.2973840624709103,3.3126628922064785,3.327941721942047,3.3432205516776152,3.3584993814131834,3.3737782111487515,3.3846244740058897,3.395470736863028,3.406316999720166,3.4171632625773043,3.4280095254344425,3.438603508989713,3.4491974925449838,3.4597914761002544,3.4703854596555255,3.480979443210796,3.48909724739102,3.4972150515712435,3.5053328557514676,3.5134506599316913,3.521568464111915,3.5274521654849837,3.533335866858053,3.539219568231122,3.545103269604191,3.5509869709772603,3.555303767808748,3.559620564640236,3.563937361471724,3.568254158303212,3.5725709551346996,3.5757729086533603,3.57897486217202,3.582176815690681,3.5853787692093406,3.5885807227280013,3.592110366594059,3.5956400104601163,3.5991696543261744,3.6026992981922317,3.606228942058289,3.6110260758494457,3.615823209640601,3.6206203434317574,3.6254174772229133,3.6302146110140696,3.6359885838262405,3.6417625566384113,3.6475365294505813,3.653310502262752,3.659084475074923,3.6658815447442485,3.6726786144135732,3.679475684082899,3.6862727537522235,3.693069823421549
GCAM 8s,SSP3 - High Emissions,World,Emissions|CF4,kt CF4/yr,15.117718127834522,15.476759501028708,15.835800874222894,16.27107649533888,16.706352116454866,17.14162773757085,17.576903358686835,18.01217897980282,18.3512544071951,18.69032983458738,19.029405261979658,19.368480689371943,19.70755611676422,19.922230527310813,20.136904937857405,20.351579348403998,20.56625375895059,20.780928169497184,20.93140212658131,21.08187608366544,21.232350040749562,21.38282399783369,21.533297954917817,21.64546447196692,21.757630989016025,21.86979750606513,21.981964023114237,22.094130540163338,22.169339878170003,22.244549216176676,22.31975855418334,22.39496789219001,22.47017723019668,22.536215698231953,22.602254166267226,22.668292634302503,22.734331102337773,22.80036957037305,22.84674608010536,22.89312258983767,22.93949909956998,22.985875609302287,23.0322521190346,23.059259021982843,23.086265924931084,23.11327282787933,23.140279730827576,23.16728663377582,23.180436493473273,23.19358635317073,23.206736212868183,23.21988607256564,23.233035932263093,23.236748058810033,23.240460185356977,23.244172311903913,23.247884438450857,23.251596564997797,23.257099748685338,23.26260293237288,23.268106116060412,23.273609299747953,23.279112483435494,23.292583226128414,23.306053968821335,23.31952471151426,23.33299545420718,23.3464661969001,23.366655959218768,23.386845721537433,23.407035483856102,23.427225246174768,23.447415008493437,23.47445217300479,23.50148933751614,23.528526502027496,23.55556366653885,23.5826008310502
GCAM 8s,SSP3 - High Emissions,World,Emissions|HFC|HFC125,kt HFC125/yr,124.07430000000002,128.70533388967638,133.3196449780433,143.54074061430566,153.72563554590545,163.8743297728426,173.9868232951172,184.06311611272923,190.9551033045947,197.82188899264955,204.66347317689375,211.47985585732738,218.27103703395042,226.33680687874391,234.37279385028867,242.37899794858464,250.3554191736318,258.3020575254302,253.13216543773873,247.979027397693,242.84264340529282,237.7230134605383,232.62013756342944,234.57536984614114,236.52209228276735,238.4603048733082,240.39000761776356,242.3112005161336,243.5126701636261,244.7082048459915,245.89780456322993,247.08146931534128,248.25919910232554,257.6358693678184,266.9766283757473,276.28147612611235,285.55041261891347,294.78343785415063,294.56469604905925,294.344760663294,294.1236316968547,293.9013091497418,293.677793021955,298.4427794701624,303.18800341120055,307.91346484506926,312.6191637717687,317.3051001912988,314.3840371519609,311.4717123217418,308.5681257006414,305.67327728865956,302.7871670857965,309.29238213599723,315.7707564997149,322.2222901769494,328.64698316770074,335.044835471969,333.5179714763092,331.9911074806494,330.4642434849896,328.9373794893298,327.41051549367,333.7200755611142,340.0296356285584,346.3391956960026,352.64875576344684,358.958315830891,355.63024065995944,352.3021654890278,348.9740903180962,345.6460151471646,342.317939976233,347.401730301902,352.48552062757096,357.56931095324,362.653101278909,367.736891604578
GCAM 8s,SSP3 - High Emissions,World,Emissions|HFC|HFC134a,kt HFC134a/yr,291.7885999999999,296.82671305615827,301.8595526917577,310.52657212078594,319.1846138306705,327.8336778214114,336.47376409300864,345.10487264546236,345.0227003312866,344.9404322892442,344.8580685193351,344.7756090215595,344.693053795917,347.48638863123523,350.2766855373673,353.0639445143132,355.84816556207323,358.629348680647,351.92354887227117,345.2244383120407,338.53201699995566,331.8462849360159,325.16724212022154,326.41475186101275,327.6608069860951,328.90540749546886,330.1485533891337,331.39024466708986,335.4458197519952,339.497037794174,343.5438987936263,347.58640275035197,351.62454966435104,363.7783680128886,375.91943647723076,388.0477550573777,400.1633237533293,412.2661425650856,414.46530283459106,416.6619629239428,418.8561228331409,421.04778256218526,423.23694211107613,427.8988504194596,432.55568684594857,437.20745139054293,441.8541440532428,446.4957648340481,445.383913680565,444.27297859583035,443.16295957984426,442.05385663260677,440.94566975411766,445.8041092352561,450.65723424292344,455.50504477712,460.3475408378455,465.1847224251,466.4493625734,467.7140027217,468.97864287,470.2432830183,471.5079231666,477.89899593936,484.29006871212,490.68114148488,497.07221425764,503.4632870304,501.22558670532,498.98788638024,496.75018605516,494.51248573008,492.274785405,495.5031982068,498.7316110086,501.9600238104,505.1884366122,508.416849414
GCAM 8s,SSP3 - High Emissions,World,Emissions|HFC|HFC143a,kt HFC143a/yr,35.833800000000004,35.64413939174744,35.45495797460723,41.368685128489645,47.257455736170726,53.12126979765044,58.96012731292883,64.77402828200589,73.92411272367046,83.0350834177384,92.10694036420972,101.13968356308438,110.1333130143624,116.54514878203624,122.92869460553929,129.2839504848716,135.6109164200332,141.909592411024,141.90686932723162,141.9028472154489,141.89752607567587,141.89090590791253,141.88298671215887,141.66593984005752,141.44849787461303,141.23066081582536,141.01242866369446,140.79380141822043,144.60775823829042,148.40358600254473,152.1812847109834,155.94085436360635,159.6822949604136,164.8828275137112,170.0586631198656,175.20980177887682,180.33624349074486,185.43798825546975,187.87339517896163,190.29598220560382,192.7057493353963,195.10269656833898,197.48682390443201,198.511753317881,199.52998508418938,200.54151920335727,201.54635567538463,202.5444945002714,203.6865831755453,204.82128130252855,205.94858888122104,207.06850591162294,208.18103239373414,209.0473375467521,209.90736342872373,210.7611100396489,211.60857737952765,212.44976544836,214.46395768870002,216.47814992904,218.49234216938,220.50653440972,222.52072665006,224.359585564176,226.198444478292,228.037303392408,229.876162306524,231.71502122064,233.828616929486,235.942212638332,238.05580834717802,240.169404056024,242.28299976487,243.730637951058,245.178276137246,246.625914323434,248.073552509622,249.52119069581
GCAM 8s,SSP3 - High Emissions,World,Emissions|HFC|HFC227ea,kt HFC227ea/yr,6.6453,7.079880450261599,7.514588492345936,8.103953313445913,8.693491184724447,9.283202106181534,9.87308607781718,10.46314309963138,11.382297504125749,12.30172164843534,13.221415532560158,14.141379156500198,15.061612520255467,16.136559320691845,17.211821227422277,18.28739824044675,19.363290359765276,20.439497585377847,20.662275516933807,20.885117958894103,21.10802491125873,21.330996374027706,21.554032347201016,21.978403029965047,22.40289725778128,22.827515030649714,23.25225634857034,23.677121211543167,23.978518975970516,24.280004061587828,24.581576468395113,24.883236196392364,25.184983245579588,25.848549573577333,26.512309167146665,27.176262026287592,27.840408151000105,28.504747541284207,28.636994352927445,28.769278647848846,28.90160042604841,29.033959687526135,29.166356432282026,29.43933311743572,29.71238838787905,29.985522243612028,30.25873468463465,30.532025710946918,30.422564914721583,30.31307082582306,30.203543444251345,30.09398277000644,29.984388803088343,30.17106348876229,30.35779140952043,30.54457256536276,30.731406956289288,30.9182945823,30.73864659944,30.55899861658,30.37935063372,30.19970265086,30.020054668,30.1409464888,30.2618383096,30.3827301304,30.5036219512,30.624513772,30.38204936858,30.13958496516,29.89712056174,29.65465615832,29.4121917549,29.4763892841,29.5405868133,29.6047843425,29.668981871699998,29.7331794009
GCAM 8s,SSP3 - High Emissions,World,Emissions|HFC|HFC23,kt HFC23/yr,14.051843086776302,14.349929757011443,14.64420936778955,14.973980454831114,15.299535930457699,15.620875794669304,15.938000047465929,16.250908688847574,16.46254756473889,16.671006738593,16.876286210409898,17.078385980189584,17.277306047932054,17.35279840345489,17.426429713142717,17.498199976995537,17.56810919501334,17.63615736719614,17.646499424498487,17.655610103210098,17.66348940333098,17.670137324861134,17.67555386780056,17.635185055050474,17.594101792293827,17.55230407953061,17.509791916760825,17.466565303984474,17.383829145029562,17.300842094243123,17.217604151625146,17.134115317175635,17.050375590894593,16.95350407402252,16.856540316984205,16.759484319779645,16.662336082408846,16.565095604871804,16.451322671550948,16.337666422387798,16.224126857382366,16.11070397653464,15.997397779844633,15.868208573654456,15.739346049433978,15.610810207183194,15.482601046902104,15.354718568590709,15.216680246447776,15.079110858312147,14.942010404183817,14.805378884062792,14.669216297949072,14.527872769126597,14.387077537869454,14.246830604177639,14.107131968051156,13.96798162949,13.933231957522,13.898482285554,13.863732613586,13.828982941618,13.79423326965,13.766576259346,13.738919249042,13.711262238738,13.683605228434,13.65594821813,13.634058880552,13.612169542974,13.590280205396,13.568390867818,13.54650153024,13.529718062408,13.512934594576,13.496151126744,13.479367658912,13.46258419108
GCAM 8s,SSP3 - High Emissions,World,Emissions|HFC|HFC245fa,kt HFC245fa/yr,15.5045,15.770043550275613,16.034531516400563,17.902703349912024,19.764024992417735,21.618496443917703,23.466117704411925,25.306888773900408,27.02024124678486,28.727182859096153,30.42771361083428,32.12183350199925,33.80954253259106,35.24874738559845,36.68243163408774,38.11059527805892,39.533238317512,40.95036075244698,41.38903975702122,41.82580910811544,42.260668805729644,42.69361884986382,43.124659240517985,44.3061151483297,45.482843037494476,46.65484290801232,47.82211475988322,48.9846585931072,49.745511276237494,50.50313710562063,51.2575360812566,52.00870820314541,52.75665347128706,55.373426749567535,57.979826200510345,60.575851824115496,63.161503620383,65.73678158931281,66.46354661127856,67.1870229212147,67.90721051912121,68.62410940499811,69.33771957884538,71.03506455182708,72.72527930858429,74.40836384911702,76.08431817342527,77.75314228150904,78.33039477921898,78.90477918673763,79.47629550406498,80.04494373120103,80.61072386814577,82.75872169424466,84.89755982747951,87.02723826785036,89.14775701535719,91.25911607,92.1835170646,93.1079180592,94.0323190538,94.9567200484,95.881121043,98.9515218082,102.02192257339999,105.0923233386,108.16272410379999,111.233124869,111.8457376108,112.4583503526,113.0709630944,113.68357583619999,114.296188578,117.12151809779999,119.9468476176,122.77217713739999,125.5975066572,128.422836177
GCAM 8s,SSP3 - High Emissions,World,Emissions|HFC|HFC32,kt HFC32/yr,105.566,110.16833915444384,114.74924836114212,120.00187436174261,125.22998500539747,130.43358029210663,135.61266022187021,140.76722479468816,143.50891961964285,146.23685002648938,148.95101601522768,151.65141758585784,154.33805473837978,155.0472491871586,155.75161912482534,156.45116455137997,157.14588546682265,157.83578187115327,155.50189916610515,153.17709437453814,150.86136749645226,148.55471853184747,146.25714748072383,146.2661090885885,146.27344550457386,146.2791567286799,146.28324276090666,146.2857036012541,146.36924970364893,146.45078075206055,146.53029674648894,146.6077976869341,146.68328357339607,148.77917683765372,150.8634085297916,152.93597864980967,154.996887197708,157.04613417348645,157.10205559459783,157.155881624266,157.20761226249087,157.25724750927256,157.304787364611,157.59191129640067,157.87575891416225,158.15633021789563,158.43362520760084,158.7076438832779,157.58963336231886,156.4752163348312,155.3643928008149,154.25716276027003,153.15352621319656,154.02863348444833,154.8974413382946,155.7599497747353,156.6161587937704,157.4660683954,157.10295029009998,156.73983218479998,156.3767140795,156.0135959742,155.6504778689,156.32194601844,156.99341416798,157.66488231751998,158.33635046706,159.0078186166,157.93271554778,156.85761247896,155.78250941014,154.70740634132,153.6323032725,153.94850452298,154.26470577346,154.58090702394,154.89710827442002,155.2133095249
GCAM 8s,SSP3 - High Emissions,World,Emissions|HFC|HFC43-10,kt HFC4310/yr,0.8826,0.8803810407480315,0.878162081496063,0.8900188932440947,0.9018757049921261,0.9137325167401577,0.9255893284881891,0.9374461402362206,0.9602183199842521,0.9829904997322837,1.005762679480315,1.0285348592283465,1.0513070389763781,1.0563876927244096,1.061468346472441,1.0665490002204725,1.071629653968504,1.0767103077165354,1.086182149464567,1.0956539912125987,1.10512583296063,1.1145976747086617,1.124069516456693,1.1368349482047246,1.149600379952756,1.1623658117007876,1.175131243448819,1.1878966751968505,1.2042709029448821,1.2206451306929136,1.237019358440945,1.2533935861889764,1.2697678139370079,1.2810908156850396,1.2924138174330708,1.3037368191811025,1.315059820929134,1.3263828226771655,1.3303868224251971,1.3343908221732284,1.33839482192126,1.3423988216692915,1.346402821417323,1.3543952711653544,1.362387720913386,1.3703801706614174,1.3783726204094489,1.3863650701574803,1.3988120279055118,1.4112589856535434,1.4237059434015749,1.4361529011496064,1.4485998588976379,1.4552208626456695,1.4618418663937007,1.4684628701417324,1.4750838738897636,1.4817048776377952,1.481106531385827,1.4805081851338582,1.4799098388818899,1.4793114926299211,1.4787131463779528,1.4835846181259842,1.4884560898740158,1.4933275616220474,1.4981990333700788,1.5030705051181104,1.5133485628661418,1.5236266206141733,1.533904678362205,1.5441827361102363,1.554460793858268,1.5599061096062994,1.5653514253543308,1.5707967411023622,1.5762420568503936,1.5816873725984253
GCAM 8s,SSP3 - High Emissions,World,Emissions|SF6,kt SF6/yr,9.3520936282727,9.5214361262965,9.691050126287875,9.83224023862479,9.973653685435096,10.115290466718788,10.25715058247587,10.399234032706339,10.429536882594732,10.459875845108982,10.490250920249087,10.52066210801505,10.55110940840687,10.531351737729816,10.511546547935648,10.491693839024373,10.471793610995986,10.45184586385049,10.396893801157471,10.341836271114133,10.286673273720476,10.231404808976498,10.176030876882198,10.206793313115234,10.23759265592009,10.26842890529676,10.29930206124525,10.330212123765557,10.379122577789285,10.428099471844993,10.477142805932687,10.526252580052361,10.575428794204022,10.616590018520213,10.657804450713842,10.69907209078491,10.740392938733413,10.781766994559353,10.820369582216987,10.85902077161456,10.897720562752067,10.936468955629511,10.975265950246891,11.020204711340952,11.065201969823985,11.110257725695993,11.155371978956973,11.200544729606928,11.243502488581287,11.286515067598524,11.329582466658636,11.372704685761628,11.415881724907496,11.455021175193446,11.494208852750672,11.533444757579174,11.57272888967895,11.61206124905,11.636412121674,11.660762994298,11.685113866922,11.709464739546,11.73381561217,11.759960778746,11.786105945322,11.812251111898,11.838396278473999,11.86454144505,11.894084272266,11.923627099482,11.953169926698001,11.982712753914,12.01225558113,12.067645179302001,12.123034777474,12.178424375646001,12.233813973818,12.28920357199
GCAM 8s,SSP3 - High Emissions,World,Emissions|CO2|AFOLU,Mt CO2/yr,3627.550666666666,3653.9598947709856,3680.3691228753055,3706.7783509796254,3733.187579083945,3759.5968071882635,3786.0060352925834,3812.4152633969034,3841.323915248551,3870.232567100199,3899.1412189518483,3928.0498708034966,3956.9585226551444,3944.874610058209,3932.790697461273,3920.7067848643383,3908.6228722674023,3896.5389596704663,3915.353112964713,3934.167266258959,3952.9814195532053,3971.7955728474512,3990.6097261416976,4051.547789106592,4112.485852071486,4173.42391503638,4234.361978001275,4295.300040966169,4327.310868529287,4359.321696092406,4391.332523655524,4423.343351218642,4455.35417878176,4382.681995745963,4310.0098127101655,4237.337629674368,4164.66544663857,4091.993263602773,3910.349302066145,3728.7053405295173,3547.0613789928893,3365.417417456262,3183.7734559196338,3112.5903568100325,3041.4072577004304,2970.224158590829,2899.041059481227,2827.8579603716257,2775.4056794243857,2722.953398477146,2670.5011175299064,2618.048836582667,2565.5965556354267,2524.898789290471,2484.2010229455154,2443.50325660056,2402.805490255604,2362.1077239106485,2344.2969781554525,2326.486232400257,2308.6754866450615,2290.864740889866,2273.05399513467,2229.7128489191205,2186.3717027035705,2143.0305564880214,2099.6894102724714,2056.348264056922,2040.3450866782703,2024.3419092996182,2008.3387319209667,1992.3355545423146,1976.3323771636628,1964.0652171078773,1951.7980570520913,1939.5308969963062,1927.2637369405204,1914.9965768847346
GCAM 8s,SSP3 - High Emissions,World,Emissions|C6F14,kt C6F14/yr,0.06299797716610878,0.06299797716610878,0.06299797716610878,0.06299797716610878,0.06299797716610878,0.06299797716610878,0.06299797716610878,0.06299797716610878,0.06299797716610878,0.06299797716610878,0.06299797716610878,0.06299797716610878,0.06299797716610878,0.06299797716610878,0.06299797716610878,0.06299797716610878,0.06299797716610878,0.06299797716610878,0.06299797716610878,0.06299797716610878,0.06299797716610878,0.06299797716610878,0.06299797716610878,0.06299797716610878,0.06299797716610878,0.06299797716610878,0.06299797716610878,0.06299797716610878,0.06299797716610878,0.06299797716610878,0.06299797716610878,0.06299797716610878,0.06299797716610878,0.06299797716610878,0.06299797716610878,0.06299797716610878,0.06299797716610878,0.06299797716610878,0.06299797716610878,0.06299797716610878,0.06299797716610878,0.06299797716610878,0.06299797716610878,0.06299797716610878,0.06299797716610878,0.06299797716610878,0.06299797716610878,0.06299797716610878,0.06299797716610878,0.06299797716610878,0.06299797716610878,0.06299797716610878,0.06299797716610878,0.06299797716610878,0.06299797716610878,0.06299797716610878,0.06299797716610878,0.06299797716610878,0.06299797716610878,0.06299797716610878,0.06299797716610878,0.06299797716610878,0.06299797716610878,0.06299797716610878,0.06299797716610878,0.06299797716610878,0.06299797716610878,0.06299797716610878,0.06299797716610878,0.06299797716610878,0.06299797716610878,0.06299797716610878,0.06299797716610878,0.06299797716610878,0.06299797716610878,0.06299797716610878,0.06299797716610878,0.06299797716610878
GCAM 8s,SSP3 - High Emissions,World,Emissions|CCl4,kt CCl4/yr,40.29730841776712,37.50789908721917,34.97059468917428,32.45607274800954,30.041195560361583,27.59194199306125,25.1003211824228,23.540679165010218,23.66215085705868,24.613811336994797,25.645094446025325,26.622458514801583,27.60931923332551,28.749158685300277,29.974413939725984,31.218108892865505,32.40851712214511,33.612065815511066,34.96891841421419,36.485634433509105,37.956174790100064,39.37482685712287,40.95190533887724,42.623347422418426,44.31877940609281,46.110643080755416,47.93128464097561,49.85335365481167,51.36728428414336,51.850312775110346,51.85195053191414,51.80997896228317,51.78694343097321,51.85612873048341,51.87856612255041,51.85070620181917,51.841497605504344,51.85054296096383,51.878310586601714,51.855170227969545,51.776693435939556,51.78144795365209,51.87345182111351,51.91414012578559,51.89998637586837,51.900405539389915,51.8448915148703,51.79911357016939,51.83642505115401,51.81738141254878,51.80806316865857,51.88184734882187,51.89976881105365,51.85827829394707,51.826323495398285,51.80348142646263,51.78927554733651,51.85381417144121,51.93189632984181,51.88053888454101,51.834770506954506,51.867544817477246,51.83940711944699,51.81643753730703,51.872012602138774,51.86715411076891,51.79783384989569,51.80262979915102,51.885560418336574,51.908060368609505,51.86659058626661,51.830099183731605,51.79816319959288,51.77030586104894,51.816628879027384,51.87168624274408,51.82924793248425,51.79212136848583
GCAM 8s,SSP3 - High Emissions,World,Emissions|CFC11,kt CFC11/yr,55.9933373822983,53.80241782405459,51.58546818746797,49.40410913378708,47.38564183285938,45.47012800799574,43.66070272247559,41.89796777558573,40.11986736138354,38.45070350081469,36.95668393975873,35.45387264881994,33.94136407401444,32.544657378561475,31.26580730827029,30.045411379875464,28.822268280349824,27.59631516751976,26.429316064184206,25.38566392159573,24.342987912491264,23.300027345821253,22.382700133840764,21.530889513094426,20.68338808815452,19.84057134440808,19.00243739592171,18.168558391154544,17.40110505674327,16.70187105906349,16.008863519221865,15.384632087589534,14.831418904555655,14.22546512458261,13.56448794406249,13.034843710935645,12.578021564495089,12.006465435318288,11.442412205241045,11.011078505634611,10.65317286930226,10.182694168135024,9.657745733913039,9.32847125812272,9.011829030467798,8.580997838348285,8.222021906149994,7.936003881971055,7.6617882273667,7.337558219590392,6.961090167909114,6.656131963532225,6.42453867518518,6.142136783064996,5.8696698089486565,5.670934195580044,5.421399427189453,5.181799940785034,5.015931829807603,4.799264581687243,4.592533065554169,4.459544607157046,4.276184773891987,4.040577828936344,3.8764808493222986,3.785760922545636,3.6446723033764186,3.4517756530505834,3.268633871286459,3.094453170414534,2.99141819513695,2.962178221184874,2.8203863334615398,2.6245533158363306,2.562223806946295,2.510741483839849,2.406024616740603,2.307587746017828
GCAM 8s,SSP3 - High Emissions,World,Emissions|CFC113,kt CFC113/yr,2.030655876997793,2.6240858366639137,2.662652319897718,2.7949219159766683,3.0193159526748032,3.1671361701421197,3.2380105998685997,3.316106146152531,3.4005520740421344,3.576930662237062,3.761683898556309,3.869435018473725,4.070285513020486,4.280232370959432,4.414481717080648,4.557757528676373,4.7092747887242155,4.954707235890159,5.211143695240057,5.307898652179092,5.49891371335071,5.785290178222864,5.997293866711345,6.306205946928454,6.542774795775671,6.70609788812678,6.966084914556925,7.238161482877344,7.53222546300995,7.685412187011563,7.5984078756285625,7.51252489530035,7.597259803855794,7.684920257272982,7.6055569405096906,7.5268651045765775,7.619346442635547,7.629347581989703,7.555528313646543,7.653385144326117,7.669357670115763,7.5166878836874025,7.53405929908151,7.6383331584892415,7.574530521038472,7.597345213856787,7.622187625689949,7.563305531519856,7.591249437982175,7.535106059392503,7.564512413449311,7.681323586071191,7.6306394255409655,7.5811984700676724,7.61812437685161,7.571534565955758,7.525671667994598,7.565579223540424,7.6067929468625515,7.650368502268692,7.610928354064685,7.572243925456832,7.619913947656772,7.584067796729391,7.548949131284929,7.599616263896675,7.6521577431764936,7.621671107456661,7.591939736776478,7.648563412246485,7.621686850264612,7.596121298651233,7.571519792816804,7.5471740642224105,7.609181131040886,7.588080813032532,7.509434456162807,7.483586134518149
GCAM 8s,SSP3 - High Emissions,World,Emissions|CFC114,kt CFC114/yr,0.8739526789974016,1.124991360857382,1.1597118076759332,1.197558823360702,1.237278428031519,1.278909723338232,1.322527261165675,1.3681964839539387,1.4154823023604386,1.5423784106535925,1.6722604538929153,1.6505914115648743,1.631749242121025,1.6916077809259629,1.8311042384110665,1.9740638844651028,1.9654634086498,2.0376098729228995,2.1896846694249303,2.2680047572251962,2.3502099399371486,2.4360044686012974,2.5255205777784764,2.618906694273037,2.716317610891007,2.817914561474877,2.9238712827247912,3.0345903128233065,3.1181487709184927,3.1407494773438978,3.2106768299169763,3.203551678736577,3.119163137772521,3.189199509931403,3.2589346630646356,3.25258396675239,3.169313812086521,3.0853936751849504,3.155441701112952,3.225162205948355,3.2182641355354313,3.211822057121672,3.205391736497023,3.1989618686170047,3.1925320180284578,3.1861021679584813,3.1796723177622233,3.1732424674137394,3.166812616882547,3.1603827653713275,3.15395289214305,3.147522458839919,3.1410774888652044,3.1341002453003983,3.20449844782523,3.2755578309403224,3.1926349665263998,3.109507346166291,3.1803732092743284,3.25143028348129,3.1679755953587683,3.1622229004219107,3.23373596703449,3.15029303643003,3.1445407931448774,3.216053855187098,3.132610364084184,3.126843562321597,3.1978237905537847,3.1917412079263805,3.186103291515616,3.1804761591160875,3.1748354864843034,3.1686771032141032,3.24042668979004,3.2354652227347676,3.0780170134224134,3.0007401877581557
GCAM 8s,SSP3 - High Emissions,World,Emissions|CFC115,kt CFC115/yr,0.02762903586579991,0.026451194015621335,0.02567849283947829,0.024928545287205995,0.024647381732154753,0.0,0.0,0.022033925759928328,0.02087186770504332,0.020580077622016593,0.0,0.0,0.01796566889755181,0.016790453857752217,0.0160171124149932,0.015254003188065324,0.014491288813695215,0.013728608389312853,0.012966415817176386,0.01221687344047147,0.011935725463751415,0.0,0.0,0.009321743056220097,0.00814652803988072,0.007373186596877976,0.0066100773407833146,0.005847362214565743,0.005084662269758851,0.004321962909505099,0.003559263571638625,0.002796564234893944,0.0020338648981491113,0.0012711655612579922,0.0005084662245620604,0.0,0.0,0.0,0.0,0.0,0.0,0.0,0.0,0.0,0.0,0.0,0.0,0.0,0.0,0.058488137407676076,0.057369793001727794,0.0,0.0,0.0,0.0,0.0,0.0,0.0,0.05187807648750622,0.05075973205283015,0.0,0.0,0.0,0.0,0.0,0.0467934134372053,0.04567504953370721,0.0,0.0,0.0,0.04323413343636186,0.0421157845155211,0.0,0.0,0.0,0.03916440570355614,0.10759279189046912,0.10704327737018567
GCAM 8s,SSP3 - High Emissions,World,Emissions|CFC12,kt CFC12/yr,20.278900939592226,18.606179174024042,17.087091090287135,15.723169130971064,14.517108530948391,13.30594082283818,12.14424986865545,11.197170936303392,10.357147722136068,9.51605631768011,8.72927381365435,7.9970064146141215,7.319411319617553,6.752113222910461,6.241504017505347,5.733704419273925,5.228668337154013,4.78111978650565,4.391258695156133,4.059628441499283,3.7874946931967806,3.465571003562935,3.1483297087777404,2.890537561512363,2.6373127785032895,2.4440622290619105,2.256267870172743,2.0738972472898545,1.952408604929725,1.7822025064625084,1.6181096049826014,1.459794151031324,1.3065341519707465,1.268881733551303,1.1830781128022192,1.0488288591747075,0.975782142401148,0.8536398036371314,0.7919703927058059,0.7917670651719456,0.6886441355378514,0.5915807599600477,0.5550387272851948,0.524495641462675,0.500275671028268,0.48275346004300174,0.4168271200072218,0.35665606915406517,0.35737526750159687,0.3093670755608905,0.2670959572956266,0.2853485471284222,0.30998699155439047,0.2865998213495332,0.2146086195847539,0.14782934539701822,0.1406750641925708,0.19409051982181122,0.19915755900715723,0.15562290417877972,0.11768668752857504,0.08501643531556767,0.05723719880898043,0.08945125028921085,0.12750945427360402,0.1166533847598102,0.11176475019322962,0.057426409852778235,0.007779859114118783,0.017593117438548186,0.0323511113514315,0.05236879958766853,0.07766448253720815,0.10861521058040331,0.09049046124373215,0.022536253887595448,0.0,0.0
GCAM 8s,SSP3 - High Emissions,World,Emissions|CH3Br,kt CH3Br/yr,140.48697355742144,140.44525269558977,140.44552789065773,140.44553526678345,140.44553555090144,140.44553556184533,140.4455355622668,140.44553556228317,140.44553556228368,140.44553556228377,140.44553556228377,140.44553556228377,140.44553556228377,140.44553556228377,140.44553556228377,140.44553556228377,140.44553556228377,140.44553556228377,140.44553556228377,140.44553556228377,140.44553556228377,140.44553556228377,140.44553556228377,140.44553556228377,140.44553556228377,140.44553556228377,140.4455355622838,140.4455355622838,140.4455355622838,140.4455355622838,140.4455355622838,140.4455355622838,140.4455355622838,140.4455355622838,140.4455355622838,140.4455355622838,140.4455355622838,140.4455355622838,140.4455355622838,140.4455355622838,140.4455355622838,140.4455355622838,140.4455355622838,140.4455355622838,140.4455355622838,140.4455355622838,140.4455355622838,140.4455355622838,140.4455355622838,140.4455355622838,140.4455355622838,140.4455355622838,140.4455355622838,140.4455355622838,140.4455355622838,140.4455355622838,140.4455355622838,140.4455355622838,140.4455355622838,140.4455355622838,140.4455355622838,140.4455355622838,140.4455355622838,140.4455355622838,140.4455355622838,140.4455355622838,140.4455355622838,140.4455355622838,140.4455355622838,140.4455355622838,140.4455355622838,140.4455355622838,140.4455355622838,140.4455355622838,140.4455355622838,140.4455355622838,140.4455355622838,140.4455355622838
GCAM 8s,SSP3 - High Emissions,World,Emissions|CH3CCl3,kt CH3CCl3/yr,1.925368109001723,1.9844674761503585,2.0154698018978308,2.1218060294252017,2.243024910472932,2.2956897148545385,2.3161325589367716,2.4247006405287426,2.5840049281290907,2.7116497692464607,2.807542081710307,2.8475139863157124,3.013079890263086,3.230086462937129,3.271602684248944,3.355661802039536,3.588728993359174,3.729930324432362,3.7937884783679303,3.9840745252637815,4.203755472004259,4.309666505244396,4.398985759431091,4.615370457935042,4.861770306484262,5.055863330085132,5.258100709212486,5.468817165128237,5.63610971297282,5.694944834734323,5.693701293995421,5.692996819110059,5.692428334581721,5.691963218162901,5.6915824253478835,5.691270659033451,5.691015406382305,5.6908064231877145,5.690635322219472,5.690495236594867,5.69038054418597,5.6902866419836275,5.690209761362777,5.690146816834209,5.690095282212928,5.6900530892336265,5.690018544543911,5.689990261744071,5.689967105746074,5.689948147218406,5.689932625288731,5.689919917007609,5.689909512347006,5.689900993731403,5.689894019278835,5.68988830908003,5.689883633964643,5.689879806303956,5.68987667248037,5.689874106722683,5.689872006057913,5.689870286179114,5.689868878061389,5.6898677251921566,5.689866781302655,5.689866008511268,5.6898653758032145,5.689864857785639,5.689864433668743,5.68986408643121,5.689863802137165,5.689863569376865,5.689863378808849,5.689863222784997,5.689863095043431,5.6898629904574705,5.689862904829744,5.689862834723714
GCAM 8s,SSP3 - High Emissions,World,Emissions|CH3Cl,kt CH3Cl/yr,5376.602241275558,5376.60224106939,5376.602241061445,5376.60224106114,5376.602241061131,5376.602241061134,5376.60224106113,5376.60224106113,5376.60224106113,5376.60224106113,5376.60224106113,5376.60224106113,5376.60224106113,5376.60224106113,5376.60224106113,5376.60224106113,5376.60224106113,5376.60224106113,5376.60224106113,5376.60224106113,5376.60224106113,5376.60224106113,5376.60224106113,5376.60224106113,5376.60224106113,5376.60224106113,5376.60224106113,5376.60224106113,5376.60224106113,5376.60224106113,5376.60224106113,5376.60224106113,5376.60224106113,5376.60224106113,5376.60224106113,5376.60224106113,5376.60224106113,5376.60224106113,5376.60224106113,5376.60224106113,5376.60224106113,5376.60224106113,5376.60224106113,5376.60224106113,5376.60224106113,5376.60224106113,5376.60224106113,5376.60224106113,5376.60224106113,5376.60224106113,5376.60224106113,5376.60224106113,5376.60224106113,5376.60224106113,5376.60224106113,5376.60224106113,5376.60224106113,5376.60224106113,5376.60224106113,5376.60224106113,5376.60224106113,5376.60224106113,5376.60224106113,5376.60224106113,5376.60224106113,5376.60224106113,5376.60224106113,5376.60224106113,5376.60224106113,5376.60224106113,5376.60224106113,5376.60224106113,5376.60224106113,5376.60224106113,5376.60224106113,5376.60224106113,5376.60224106113,5376.60224106113
GCAM 8s,SSP3 - High Emissions,World,Emissions|HCFC141b,kt HCFC141b/yr,57.429165954156964,57.68077849510554,57.21480348436768,56.48325446711485,55.67114854875694,54.85164389809379,54.01528267502092,53.02714663599193,51.577653941268295,49.89520799511345,48.25223015545117,46.72383430345049,45.22743672313185,43.764690040114516,42.35851758750542,40.956329119190485,39.67628656394712,38.43573865039397,37.11848285418516,35.83011080255346,34.63457965111351,33.49081099449066,32.34670261674314,31.20220072884011,30.109878878673744,29.13435448396401,28.18162729538407,27.187908333376463,26.258851034351792,25.405839315523536,24.523177380449535,23.652763646025623,22.858343247298347,22.087200420071554,21.339639356994454,20.61566780331402,19.91528605736611,19.238494130641836,18.585292023585296,17.955679736233947,17.349657269136276,16.767224636499378,16.208382207164217,15.673139556796102,15.161851234049873,14.621233382412335,14.092882056529831,13.640888896522638,13.159253971874085,12.689877518494002,12.296858935494798,11.874198959499056,11.463807413024641,11.130138230074916,10.71390792193522,10.298612790127393,10.012443860664552,9.643401584993848,9.275286813626309,9.036307878293812,8.714819694936999,8.34132933929173,8.085277456887074,7.8520498556162615,7.578205592657924,7.316468177439242,7.066533715667164,6.8283944741339315,6.60205016915331,6.387501158093143,6.18475701619691,5.994172292642861,5.762463144936777,5.531225991701494,5.36456192241465,5.156822276101081,4.896511964274,4.7017164649880065
GCAM 8s,SSP3 - High Emissions,World,Emissions|HCFC142b,kt HCFC142b/yr,20.1767950997304,20.99876523033291,20.83048515635011,20.61755796725083,20.395063528952935,20.167232839335878,19.883952812028816,19.591141600435147,19.197580250372862,18.693290382261768,18.213502795894133,17.80828486077469,17.39162950510706,16.959422019595582,16.561776885047113,16.152784521734958,15.823976448593095,15.53984003707472,15.159701150639611,14.76977607561982,14.419657837907593,14.063727617387757,13.747720762395842,13.476469050098677,13.20494182177645,12.933407393488734,12.661872675189265,12.390337616546017,12.118793998964,11.84693714574099,11.620553842757465,11.398978555178475,11.13174590706021,10.955729325378485,10.789352812344548,10.532288290218636,10.366708138807997,10.210774649556992,9.964144885184412,9.808686937630329,9.708366634954368,9.522792722427592,9.29208953788104,9.152303370354268,9.067640229985004,8.897418568297338,8.727854715733073,8.608550256923687,8.494199898488624,8.385073007143156,8.281480881256684,8.137636357053156,7.994188522459868,7.900993424488031,7.812751854009962,7.72972551285812,7.6519292845914535,7.579668090448828,7.467154837492333,7.355046832543674,7.293504786670198,7.191442375690134,7.089778290462776,7.038679885016079,6.947060775076481,6.855831446130497,6.814854929021647,6.77884080363155,6.748363345796681,6.677946456194857,6.562452366425294,6.492394438974768,6.472634164147284,6.4123466084343415,6.352457267736479,6.3431376434327245,6.29344550323235,6.222596228619819
GCAM 8s,SSP3 - High Emissions,World,Emissions|HCFC22,kt HCFC22/yr,324.52686644110815,323.79894347811626,316.2075416215573,306.3500012866981,295.7440970778391,285.9463528609222,276.8902029699374,266.1473800154359,251.39046885094336,235.2227184513071,220.1633923261291,206.2420066591857,193.37877842436995,181.4234646277703,170.32906160933376,160.03414283306466,150.54415176531865,141.58932622537392,132.8415504922424,124.51765874475328,116.78530758596345,109.64571820741008,103.06765896936665,96.96214981409365,91.3180839616102,86.03884238367266,81.09285979664851,76.57206659502573,72.41804386277806,68.51448093591173,64.94088762996715,61.63157514759485,58.49622067769245,55.65246874387132,53.02815606165101,50.53282862727205,48.238221448632736,46.14403657000368,44.16549029397469,42.32904655591673,40.67339104195781,39.11378385964289,37.63753569461493,36.27651768521669,35.063284581324844,33.9586184296189,32.87146495784083,31.867301784487843,30.945173743146285,30.05291590818018,29.26201366612693,28.571907816700264,27.93748599768213,27.313214151974186,26.685921492678,26.126868353684106,25.635475117789788,25.166090688272984,24.75146158239747,24.39151398248112,24.00145518044566,23.60721025122536,23.325730774813877,23.084835564957096,22.79406936184659,22.525152417902166,22.277247694852267,22.043837359230892,21.863943496678115,21.698471423612304,21.50199919078274,21.306995279827497,21.15198098161438,21.036735003116338,20.96181171912141,20.84973770565833,20.569984030713123,20.259406688515277
GCAM 8s,SSP3 - High Emissions,World,Emissions|Halon1202,kt Halon1202/yr,0.0,0.0,0.0,0.0,0.0,0.0,0.0,0.0,0.0,0.0,0.0,0.0,0.0,0.0,0.0,0.0,0.0,0.0,0.0,0.0,0.0,0.0,0.0,0.0,0.0,0.0,0.0,0.0,0.0,0.0,0.0,0.0,0.0,0.0,0.0,0.0,0.0,0.0,0.0,0.0,0.0,0.0,0.0,0.0,0.0,0.0,0.0,0.0,0.0,0.0,0.0,0.0,0.0,0.0,0.0,0.0,0.0,0.0,0.0,0.0,0.0,0.0,0.0,0.0,0.0,0.0,0.0,0.0,0.0,0.0,0.0,0.0,0.0,0.0,0.0,0.0,0.0,0.0
GCAM 8s,SSP3 - High Emissions,World,Emissions|Halon1211,kt Halon1211/yr,2.5629780595462877,2.4712891970912034,2.3049559661305286,2.2133932337706494,2.2052186551051003,2.1314620897892014,1.9840317941682577,1.8370398607072564,1.6895301713268511,1.6163497995337406,1.6265456441783313,1.571144478684467,1.4415410640311543,1.3867330434716283,1.415814510213082,1.30394057824857,1.1842035084230869,1.2229118441177844,1.1202340394119155,1.0096686215127464,1.0570473117745744,1.0384137951321721,0.946095594062938,0.8542153332482519,0.7618173010952668,0.7437486075445972,0.8090566922449551,0.8087823529311866,0.7348342873021569,0.6613251249280185,0.5873122711151092,0.5881437157136237,0.5974934696119245,0.5322129423783267,0.5422183958905308,0.5607675971349987,0.5052019145712344,0.45006376065474235,0.3944214980005733,0.41362405859328116,0.44135899150789065,0.39497860244936805,0.34902572516181185,0.3025687385174458,0.3309565758986573,0.3678768064668008,0.33068225677475455,0.29392928252466444,0.2571871580705502,0.22043138786330418,0.18316013285812763,0.22073326294080572,0.26683874927063184,0.23882893384322856,0.21124717187471057,0.1831753642194398,0.23046333974371305,0.21142523870715196,0.10922448022927368,0.15642448340747162,0.21172665890103265,0.19290310079133852,0.17452071708209385,0.15614970943309556,0.13777913994313776,0.11940858652786387,0.10103801289551048,0.08266689754427342,0.06428171771928316,0.0453815578752326,0.10133932609008744,0.16633090844090878,0.08184836167158284,0.06413338395275907,0.1295893223921132,0.04553174567256155,0.0,0.0
GCAM 8s,SSP3 - High Emissions,World,Emissions|Halon1301,kt Halon1301/yr,1.232019444684855,1.1650942964906017,1.0964588434703242,1.1624279408097389,1.16185068067368,1.0932711171926428,1.0918306843491483,1.090002846817471,1.088165633365841,1.086340723347198,1.0849800173151074,1.016220449407556,0.9462106954906713,0.9429427993441856,0.9392772358964976,0.9356014141284889,0.9319252159863892,0.9282494904463314,0.9245864289281076,0.9213870981877432,0.8507762415543275,0.7784514688579286,0.8402800986416589,0.9034254657064604,0.8324198546451247,0.7605613297608567,0.7554549064699515,0.749951210428075,0.7444372705413353,0.7389229361027787,0.7334085871626694,0.7278942557313576,0.7223803940330181,0.7168787278825115,0.7118286150501398,0.6389158920402171,0.6321640399299454,0.6938557855913599,0.6205454140428319,0.6137837907112962,0.675487805817938,0.6026411498753418,0.5284680007612136,0.5884581178477369,0.6497653333894368,0.5769210976188286,0.503211284008825,0.4957898419383357,0.5553826718278035,0.6166796624801423,0.5438355394443048,0.4701388818272721,0.4631943216491509,0.4558520014616194,0.4484867728697623,0.4406574196245385,0.5002395958909643,0.5615361761818518,0.4886920373671182,0.4149953798651759,0.40805083845378853,0.4007090060872086,0.39335644207569037,0.3859908189059449,0.3781614504621931,0.43774362614310247,0.4990402064103749,0.4261960675669836,0.3524994093411609,0.3455548491394829,0.33821252895074094,0.33084730035044396,0.32301794688739677,0.38260011749845924,0.4438965509682363,0.3710472106799821,0.2980296178153028,0.2931637834586709
GCAM 8s,SSP3 - High Emissions,World,Emissions|Halon2402,kt Halon2402/yr,0.0,0.0,0.07495416388724621,0.05774837255399089,0.041235771340317195,0.024741044627170843,0.008247006366278977,0.0,0.0,0.0,0.0,0.0,0.025215292747945733,0.13353992926056898,0.007792090211922717,0.0,0.0,0.08403413457943743,0.0,0.0,0.05019453183298867,0.041253644859564016,0.03298873840608971,0.024741043565301157,0.016494011691749914,0.008247005352910475,0.0,0.0,0.0,0.0,0.0,0.0,0.06728334530346113,0.06625746790142538,0.0,0.0,0.0,0.03346227175522507,0.15003397297402318,0.032533992687786895,0.0,0.017781059768239967,0.016750823374858975,0.0,0.0004556584675111974,0.11704520021948496,0.0,0.0,0.0,0.0997190566480942,0.09983940679258946,0.0,0.0,0.0,0.08322504495584535,0.08334539607134435,0.0,0.0,0.0,0.06670716646742536,0.06599629752861168,0.06600069056673803,0.06683207983467,0.0,0.0,0.0,0.05021312033422133,0.049501366229099925,0.04948277797937254,0.04948209603440042,0.04948295371483245,0.04950593535104428,0.05033804310713873,0.0,0.0,0.0,0.02564393220926879,0.008322380584569461
GCAM 8s,SSP3 - High Emissions,World,Emissions|C3F8,kt C3F8/yr,0.7211779763531168,0.7344127143278869,0.747647452302657,0.7654152223727367,0.7831829924428163,0.8009507625128961,0.8187185325829758,0.8364863026530555,0.8501649375777324,0.8638435725024093,0.8775222074270864,0.8912008423517636,0.9048794772764405,0.9135127325924619,0.9221459879084835,0.930779243224505,0.9394124985405264,0.948045753856548,0.9540061127042284,0.9599664715519085,0.965926830399589,0.9718871892472692,0.9778475480949496,0.9823785235323361,0.9869094989697228,0.9914404744071094,0.9959714498444959,1.0005024252818824,1.0037189118481753,1.0069353984144682,1.0101518849807611,1.0133683715470538,1.0165848581133468,1.0197265306173124,1.0228682031212781,1.0260098756252438,1.0291515481292097,1.0322932206331754,1.0347005759072827,1.03710793118139,1.0395152864554975,1.0419226417296048,1.044329997003712,1.0460748234638324,1.0478196499239527,1.049564476384073,1.0513093028441935,1.0530541293043139,1.0543342862764233,1.0556144432485326,1.056894600220642,1.0581747571927516,1.0594549141648608,1.0604044615448496,1.0613540089248383,1.062303556304827,1.0632531036848158,1.0642026510648046,1.0652493758425932,1.0662961006203813,1.0673428253981698,1.0683895501759582,1.0694362749537465,1.0708588770609608,1.0722814791681747,1.0737040812753889,1.075126683382603,1.076549285489817,1.0782615716688548,1.0799738578478926,1.08168614402693,1.0833984302059678,1.0851107163850056,1.087126404513673,1.0891420926423405,1.0911577807710082,1.0931734688996757,1.0951891570283432
GCAM 8s,SSP3 - High Emissions,World,Emissions|C4F10,kt C4F10/yr,0.10158640147930745,0.10345067000866161,0.10531493853801575,0.10781773796189523,0.11032053738577469,0.11282333680965415,0.11532613623353362,0.11782893565741308,0.11975573229390205,0.12168252893039103,0.12360932556688001,0.12553612220336902,0.12746291883985797,0.1286790144076146,0.12989510997537124,0.13111120554312788,0.1323273011108845,0.13354339667864115,0.13438298333646323,0.13522256999428528,0.13606215665210736,0.13690174330992944,0.13774132996775149,0.13837957115781505,0.1390178123478786,0.13965605353794214,0.14029429472800567,0.14093253591806923,0.1413856158877718,0.14183869585747436,0.14229177582717692,0.14274485579687948,0.14319793576658205,0.14364047729553756,0.1440830188244931,0.14452556035344863,0.14496810188240417,0.1454106434113597,0.14574974772041732,0.1460888520294749,0.14642795633853256,0.14676706064759018,0.14710616495664777,0.1473519442886593,0.14759772362067086,0.1478435029526824,0.14808928228469395,0.1483350616167055,0.14851538678523446,0.1486957119537634,0.14887603712229233,0.14905636229082128,0.14923668745935023,0.14937044237773384,0.1495041972961174,0.14963795221450105,0.14977170713288462,0.14990546205126826,0.1500529055492692,0.15020034904727014,0.15034779254527111,0.15049523604327203,0.15064267954127297,0.15084306978272152,0.15104346002417005,0.15124385026561857,0.1514442405070671,0.15164463074851564,0.15188582639915213,0.15212702204978862,0.15236821770042505,0.15260941335106154,0.15285060900169803,0.15313454238598048,0.15341847577026288,0.15370240915454533,0.15398634253882776,0.15427027592311018
GCAM 8s,SSP3 - High Emissions,World,Emissions|C5F12,kt C5F12/yr,0.06138279350541075,0.0625092632740962,0.06363573304278164,0.06514803014145136,0.06666032724012108,0.0681726243387908,0.06968492143746052,0.07119721853613024,0.07236147042754716,0.07352572231896408,0.07468997421038102,0.07585422610179796,0.07701847799321487,0.07775329428783138,0.07848811058244791,0.07922292687706443,0.07995774317168095,0.08069255946629747,0.08119987317853176,0.08170718689076605,0.08221450060300034,0.08272181431523462,0.0832291280274689,0.08361478030578391,0.08400043258409894,0.08438608486241393,0.08477173714072894,0.08515738941904395,0.08543115946913629,0.08570492951922863,0.08597869956932096,0.0862524696194133,0.08652623966950564,0.08679364194868745,0.08706104422786927,0.08732844650705109,0.08759584878623292,0.08786325106541473,0.08806815220844733,0.08827305335147993,0.08847795449451254,0.08868285563754513,0.08888775678057773,0.08903626703160611,0.0891847772826345,0.08933328753366289,0.08948179778469127,0.08963030803571967,0.08973926811721143,0.0898482281987032,0.08995718828019496,0.09006614836168673,0.09017510844317848,0.09025592881299095,0.09033674918280339,0.09041756955261586,0.0904983899224283,0.09057921029224075,0.0906683018798914,0.09075739346754204,0.0908464850551927,0.09093557664284335,0.09102466823049399,0.09114575247634003,0.09126683672218605,0.0913879209680321,0.09150900521387813,0.09163008945972417,0.09177583005690872,0.09192157065409325,0.09206731125127776,0.0922130518484623,0.09235879244564685,0.09253035698620449,0.09270192152676211,0.09287348606731975,0.09304505060787738,0.09321661514843503
GCAM 8s,SSP3 - High Emissions,World,Emissions|C7F16,kt C7F16/yr,0.1864530221896798,0.18987472525632498,0.19329642832297012,0.1978900994218718,0.20248377052077343,0.2070774416196751,0.21167111271857678,0.2162647838174784,0.21980125179731386,0.2233377197771493,0.22687418775698479,0.23041065573682026,0.2339471237166557,0.23617916157386717,0.23841119943107866,0.24064323728829018,0.24287527514550164,0.24510731300271316,0.2466483014368093,0.24818928987090536,0.2497302783050015,0.2512712667390976,0.2528122551731937,0.25398369147805705,0.2551551277829205,0.2563265640877838,0.25749800039264714,0.2586694366975105,0.2595010256544425,0.2603326146113745,0.2611642035683065,0.26199579252523847,0.2628273814821705,0.2636396280458506,0.2644518746095308,0.2652641211732109,0.26607636773689114,0.26688861430057126,0.2675110108255059,0.26813340735044056,0.2687558038753752,0.2693782004003098,0.2700005969252445,0.27045170355544285,0.2709028101856413,0.27135391681583965,0.2718050234460381,0.2722561300762365,0.2725871012708007,0.2729180724653649,0.2732490436599291,0.27358001485449335,0.2739109860490575,0.27415648159178957,0.2744019771345216,0.27464747267725365,0.2748929682199856,0.27513846376271767,0.2754090835051652,0.2756797032476126,0.2759503229900601,0.2762209427325075,0.276491562474955,0.2768593613692097,0.2772271602634643,0.2775949591577189,0.27796275805197357,0.27833055694622827,0.27877325062712743,0.27921594430802665,0.2796586379889258,0.280101331669825,0.2805440253507242,0.28106516043208435,0.2815862955134445,0.28210743059480464,0.28262856567616473,0.28314970075752494
GCAM 8s,SSP3 - High Emissions,World,Emissions|C8F18,kt C8F18/yr,0.13663756786871273,0.13914507983877716,0.14165259180884157,0.14501895208110463,0.1483853123533677,0.15175167262563075,0.1551180328978938,0.15848439317015683,0.16107600781890583,0.16366762246765482,0.16625923711640384,0.16885085176515285,0.17144246641390185,0.17307816113538516,0.1747138558568685,0.1763495505783518,0.17798524529983512,0.17962094002131843,0.1807502159605119,0.18187949189970534,0.18300876783889883,0.18413804377809226,0.18526731971728572,0.18612577835598137,0.18698423699467703,0.18784269563337266,0.1887011542720683,0.18955961291076395,0.19016902267632985,0.19077843244189574,0.19138784220746166,0.19199725197302756,0.19260666173859345,0.19320189690114326,0.19379713206369306,0.19439236722624287,0.19498760238879267,0.19558283755134248,0.19603894572496325,0.19649505389858402,0.1969511620722048,0.19740727024582555,0.19786337841944632,0.19819396095479969,0.19852454349015305,0.19885512602550642,0.1991857085608598,0.19951629109621316,0.1997588352959733,0.20000137949573343,0.20024392369549357,0.2004864678952537,0.20072901209501384,0.20090891753976117,0.20108882298450845,0.20126872842925578,0.20144863387400308,0.2016285393187504,0.2018268564229251,0.2020251735270998,0.20222349063127454,0.2024218077354492,0.2026201248396239,0.20288965732445882,0.20315918980929365,0.20342872229412856,0.20369825477896342,0.2039677872637983,0.20429220457363081,0.2046166218834633,0.20494103919329576,0.20526545650312825,0.20558987381296076,0.2059717749975695,0.20635367618217818,0.2067355773667869,0.2071174785513956,0.20749937973600432
GCAM 8s,SSP3 - High Emissions,World,Emissions|cC4F8,kt cC4F8/yr,2.2485990409858565,2.3020402690078687,2.355481497029881,2.4202697511342377,2.4850580052385958,2.5498462593429525,2.6146345134473097,2.679422767551667,2.7298921802288842,2.780361592906101,2.8308310055833177,2.8813004182605355,2.931769830937752,2.9637228730689347,2.9956759152001173,3.0276289573312996,3.059581999462482,3.091535041593665,3.113932218220878,3.136329394848091,3.1587265714753037,3.1811237481025167,3.20352092472973,3.220216260870877,3.236911597012025,3.253606933153172,3.2703022692943198,3.2869976054354666,3.2981920796155357,3.3093865537956058,3.3205810279756744,3.331775502155744,3.342969976335813,3.3527994196590165,3.3626288629822203,3.372458306305424,3.382287749628627,3.3921171929518312,3.3990200677080753,3.40592294246432,3.412825817220564,3.419728691976808,3.4266315667330525,3.4306513877519658,3.4346712087708786,3.4386910297897924,3.4427108508087056,3.446730671827619,3.44868795224992,3.4506452326722217,3.4526025130945226,3.454559793516824,3.4565170739391253,3.4570696024666225,3.45762213099412,3.458174659521617,3.458727188049115,3.4592797165766123,3.4600988335816427,3.460917950586673,3.4617370675917027,3.462556184596733,3.463375301601764,3.4653803435986616,3.4673853855955596,3.469390427592458,3.4713954695893556,3.4734005115862536,3.4764056407227186,3.4794107698591827,3.4824158989956477,3.4854210281321123,3.488426157268577,3.4924504825458156,3.4964748078230543,3.5004991331002935,3.5045234583775318,3.5085477836547705
GCAM 8s,SSP3 - High Emissions,World,Emissions|SO2F2,kt SO2F2/yr,4.594032521920711,4.7032163893286,4.812400256736487,4.944766828530179,5.077133400323871,5.2094999721175625,5.341866543911253,5.474233115704945,5.577345373148459,5.680457630591973,5.783569888035486,5.886682145479002,5.989794402922515,6.055076523945122,6.120358644967728,6.1856407659903345,6.2509228870129405,6.316205008035547,6.361963880982281,6.407722753929015,6.453481626875748,6.4992404998224815,6.544999372769215,6.579109018730463,6.613218664691711,6.647328310652959,6.681437956614208,6.715547602575455,6.73841863360929,6.761289664643127,6.784160695676961,6.807031726710797,6.829902757744632,6.849984942907966,6.8700671280713,6.890149313234636,6.910231498397968,6.9303136835613035,6.944416700838686,6.9585197181160705,6.972622735393454,6.986725752670837,7.000828769948221,7.009041522936451,7.017254275924681,7.025467028912912,7.033679781901141,7.041892534889372,7.04589138472906,7.04989023456875,7.053889084408438,7.057887934248128,7.0618867840878154,7.063015635420732,7.06414448675365,7.065273338086565,7.066402189419483,7.0675310407523995,7.069204549497969,7.0708780582435375,7.072551566989105,7.074225075734675,7.075898584480244,7.079995014289947,7.084091444099651,7.088187873909356,7.092284303719059,7.096380733528763,7.102520405713022,7.108660077897279,7.114799750081538,7.120939422265795,7.127079094450053,7.135301049927858,7.143523005405664,7.1517449608834704,7.1599669163612765,7.168188871839082
GCAM 8s,SSP3 - High Emissions,World,Emissions|HFC|HFC236fa,kt HFC236fa/yr,0.3543,0.36036804991213195,0.3664119782166932,0.4091023765277068,0.4516362381768908,0.49401356316424533,0.5362343514897704,0.578298603153466,0.6174511576468686,0.65645721480717,0.6953167746343698,0.7340298371284681,0.7725964022894651,0.8054842915745448,0.8382460271506522,0.8708816090177869,0.903391037175949,0.9357743116251389,0.9457987542915037,0.9557795586446065,0.9657167246844472,0.9756102524110258,0.9854601418243427,1.0124580990714447,1.03934801433031,1.0661298876009393,1.0928037188833322,1.119369508177489,1.1367560801812986,1.1540689139618427,1.1713080095191213,1.1884733668531342,1.2055649859638817,1.2653619979600617,1.3249219531646177,1.3842448515775498,1.4433306931988583,1.502179478028542,1.5187870982215481,1.5353195666410635,1.5517768832870873,1.5681590481596202,1.5844660612586616,1.6232528214848807,1.6618766460725218,1.7003375350215848,1.7386354883320696,1.7767705060039765,1.7899615511804499,1.8030870563940238,1.816147021644698,1.8291414469324727,1.8420703322573475,1.8911551547144947,1.9400306650892316,1.9886968633815592,2.037153749591477,2.085401323718985,2.1065252085515676,2.1276490933841505,2.148772978216733,2.169896863049316,2.1910207478818986,2.2611837967458004,2.3313468456097013,2.401509894473603,2.4716729433375044,2.5418359922014058,2.5558350695286167,2.5698341468558277,2.5838332241830386,2.597832301510249,2.61183137883746,2.6763941992357405,2.740957019634021,2.8055198400323014,2.8700826604305822,2.9346454808288622
GCAM 8s,SSP3 - High Emissions,World,Emissions|HFC|HFC152a,kt HFC152a/yr,54.8699,54.73195067724951,54.594001354499014,55.33112131250187,56.068241270504714,56.805361228507564,57.54248118651041,58.27960114451326,59.6953129341762,61.11102472383915,62.52673651350208,63.94244830316502,65.35816009282797,65.6740166111705,65.98987312951301,66.30572964785554,66.62158616619807,66.9374426845406,67.52629268400842,68.11514268347628,68.7039926829441,69.29284268241196,69.88169268187978,70.67530016371903,71.46890764555828,72.2625151273975,73.05612260923675,73.84973009107598,74.86769093303353,75.88565177499105,76.90361261694858,77.9215734589061,78.93953430086361,79.64346810282863,80.34740190479363,81.05133570675864,81.75526950872364,82.45920331068865,82.70812588691176,82.95704846313485,83.20597103935798,83.45489361558107,83.70381619180418,84.20069464005879,84.69757308831339,85.19445153656798,85.69132998482259,86.1882084330772,86.96201687057857,87.73582530807994,88.50963374558133,89.2834421830827,90.05725062058407,90.46886835631274,90.88048609204138,91.29210382777005,91.70372156349869,92.11533929922736,92.0781410225325,92.04094274583763,92.00374446914277,91.9665461924479,91.92934791575304,92.23219990721837,92.53505189868373,92.83790389014908,93.14075588161441,93.44360787307977,94.08257909541005,94.72155031774035,95.36052154007065,95.99949276240092,96.63846398473122,96.97699098514241,97.31551798555358,97.65404498596477,97.99257198637595,98.33109898678715
GCAM 8s,SSP3 - High Emissions,World,Emissions|HFC|HFC365mfc,kt HFC365mfc/yr,5.241899999999998,5.332408281780288,5.422821828045799,5.578522390525016,5.734061670808906,5.88943966889747,6.0446563847907075,6.1997118184886215,6.198235616013001,6.196757693813223,6.195278051889288,6.1937966902411965,6.192313608868946,6.242495082282419,6.29262198015387,6.342694302483299,6.39271204927071,6.442675220516097,6.3222074160318735,6.201859782006172,6.081632318438991,5.96152502533033,5.841537902680191,5.8639490637408125,5.886334093040001,5.9086929905777605,5.931025756354086,5.95333239036898,6.026189654283901,6.098968645153651,6.171669362978229,6.244291807757636,6.31683597949187,6.5351759023031075,6.753286777036511,6.9711686036920835,7.188821382269823,7.4062451127697315,7.445752407491734,7.485214787181595,7.524632251839314,7.5640048014648915,7.60333243605833,7.687082305524497,7.770741060061214,7.854308699668482,7.937785224346301,8.021170634094672,8.001196541339015,7.981238905500362,7.961297726578713,7.941373004574069,7.921464739486426,8.008745236106854,8.095930259708501,8.183019810291372,8.27001388785546,8.35691249240077,8.379631396406525,8.402350300412282,8.425069204418037,8.447788108423792,8.470507012429547,8.585320834379859,8.700134656330171,8.814948478280481,8.929762300230793,9.044576122181105,9.004376466217723,8.96417681025434,8.92397715429096,8.883777498327577,8.843577842364194,8.901575368880842,8.95957289539749,9.017570421914137,9.075567948430784,9.133565474947432
GCAM 8s,SSP3 - High Emissions,World,Emissions|CH2Cl2,kt CH2Cl2/yr,1612.125557620926,1636.2319601194358,1660.3131303142793,1701.7831522232107,1743.210217471824,1784.5943260601196,1825.9354779880975,1867.2336732557585,1866.8404945283908,1866.446857761583,1866.0527629553349,1865.658210109647,1865.263199224518,1878.6287694494615,1891.97980376723,1905.3163021778225,1918.6382646812413,1931.9456912774842,1899.8597282486194,1867.805771986258,1835.7838224903994,1803.7938797610439,1771.8359437981915,1777.8050380993932,1783.7671723440485,1789.7223465321583,1795.6705606637217,1801.6118147387392,1821.016961917831,1840.4012614850292,1859.7647134403344,1879.107317783746,1898.4290745152641,1956.5827589875666,2014.6754377149011,2072.7071106972685,2130.677777934668,2188.5874394271004,2199.1099985726573,2209.620594836788,2220.1192282194925,2230.6058987207703,2241.0806063406226,2263.3869414387736,2285.6690085570262,2307.9268076953795,2330.1603388538347,2352.3696020323905,2347.049607993842,2341.733997168159,2336.4227695553423,2331.1159251553922,2325.813463968307,2349.060162948953,2372.2814331956392,2395.477274708368,2418.6476874871373,2441.792671531948,2447.843731540105,2453.8947915482627,2459.94585155642,2465.996911564577,2472.0479715727347,2502.6280262360765,2533.2080808994187,2563.7881355627605,2594.3681902261023,2624.9482448894446,2614.2412789865084,2603.5343130835727,2592.8273471806365,2582.1203812777003,2571.413415374764,2586.8607500343946,2602.308084694025,2617.755419353656,2633.2027540132867,2648.6500886729173
GCAM 8s,SSP3 - High Emissions,World,Emissions|CHCl3,kt CHCl3/yr,400.4993804646773,403.0588140299636,405.61824759524995,409.0543131361275,412.4903786770051,415.9264442178827,419.36250975876027,422.79857529963783,425.44385300897034,428.08913071830284,430.73440842763534,433.3796861369679,436.0249638463004,437.6945279491663,439.3640920520321,441.03365615489804,442.70322025776386,444.3727843606298,445.5254435613624,446.678102762095,447.83076196282764,448.98342116356025,450.13608036429287,451.01231460784516,451.88854885139745,452.7647830949497,453.6410173385019,454.5172515820542,455.13928004198715,455.7613085019201,456.38333696185305,457.005365421786,457.62739388171894,458.2349542333569,458.8425145849948,459.45007493663275,460.05763528827066,460.6651956399086,461.1307481807949,461.59630072168125,462.06185326256764,462.527405803454,462.9929583443403,463.3303860604118,463.6678137764834,464.0052414925549,464.3426692086264,464.680096924698,464.9276633464509,465.1752297682039,465.4227961899569,465.67036261170983,465.91792903346277,466.101559675853,466.28519031824317,466.4688209606334,466.65245160302356,466.83608224541376,467.0385057867786,467.2409293281434,467.44335286950826,467.64577641087305,467.8481999522379,468.123313489823,468.39842702740805,468.67354056499323,468.9486541025783,469.2237676401634,469.55490247096697,469.88603730177056,470.21717213257404,470.5483069633776,470.87944179418116,471.2692507849973,471.6590597758134,472.04886876662954,472.4386777574456,472.82848674826175
GCAM 8s,SSP3 - High Emissions,World,Emissions|NF3,kt NF3/yr,4.010291370035125,4.082907490595764,4.155640034498682,4.216184070042475,4.276823874121836,4.337559446736761,4.398390787887254,4.459317897573314,4.472312127766595,4.4853218434925894,4.498347044751298,4.51138773154272,4.524443903866856,4.5159715746368905,4.5074788686321785,4.498965785852723,4.490432326298522,4.481878489969575,4.458314377852774,4.434705040054792,4.411050476575628,4.3873506874152834,4.363605672573757,4.376796978975315,4.39000411136326,4.403227069737594,4.416465854098314,4.429720464445424,4.450693861362974,4.471695748573443,4.492726126076834,4.513784993873143,4.534872351962375,4.55252278503292,4.570196034287754,4.587892099726877,4.605610981350287,4.623352679157986,4.6399059377434675,4.656480037345517,4.673074977964131,4.689690759599312,4.706327382251058,4.725597668986722,4.7448930401134835,4.7642134956313456,4.783559035540306,4.802929659840367,4.821350468799134,4.839794785258318,4.858262609217918,4.876753940677934,4.895268779638365,4.9120522514414215,4.928856403684334,4.9456812363671006,4.962526749489722,4.979392943052198,4.989834893081615,5.000276843111032,5.010718793140449,5.021160743169865,5.031602693199282,5.042814058274894,5.054025423350505,5.065236788426116,5.076448153501727,5.087659518577339,5.100327841814885,5.112996165052433,5.1256644882899804,5.138332811527528,5.151001134765075,5.174752867411053,5.1985046000570305,5.222256332703008,5.246008065348986,5.269759797994964
COFFEE 1.6,SSP2 - Medium-Low Emissions,World,Emissions|BC,Mt BC/yr,7.21924524460418,7.183861714757912,7.1487983218338425,7.061487894980438,6.974195987252971,6.886922598651444,6.799667729175855,6.712431378826206,6.6214963849272,6.5306012866068635,6.439746083865199,6.348930776702203,6.258155365117878,6.159030196051468,6.059917965117055,5.960818672314641,5.8617323176442255,5.76265890110581,5.686258303939449,5.609869931940649,5.53349378510941,5.457129863445733,5.380778166949616,5.286310677374898,5.191881935967722,5.097491942728091,5.003140697656002,4.908828200751456,4.850905615544283,4.792990929365551,4.735084142215264,4.67718525409342,4.619294265000019,4.561411174935062,4.503535983898547,4.445668691890475,4.387809298910847,4.329957804959663,4.277362203702765,4.224782396543269,4.172218383481174,4.1196701645164815,4.067137739649189,4.0146211088792985,3.9621202722068096,3.9096352296317214,3.857165981154035,3.8047125267737503,3.75207609812752,3.6994787367567588,3.6469204426614668,3.5944012158416436,3.5419210562972907,3.4894799640284058,3.4370779390349906,3.3847149813170447,3.3323910908745678,3.28010626770756,3.237515802358409,3.1949253370092583,3.1523348716601083,3.1097444063109574,3.0671539409618065,3.0245634756126565,2.9819730102635056,2.9393825449143547,2.896792079565204,2.854201614216053,2.8261685493144704,2.798135484412888,2.7701024195113053,2.7420693546097223,2.7140362897081394,2.686003224806557,2.6579701599049743,2.629937095003392,2.6019040301018084,2.573870965200226
COFFEE 1.6,SSP2 - Medium-Low Emissions,World,Emissions|CH4,Mt CH4/yr,363.48990132891083,360.8607177793296,358.2355265051269,357.4788876169372,356.7278636468529,355.982454594874,355.2426604610006,354.50848124523264,354.2166507831706,353.92447412863675,353.63195128163096,353.3390822421535,353.04586701020395,351.54243798087026,350.0393677621298,348.5366563539826,347.0343037564286,345.53230996946775,345.62724142253245,345.72732959732025,345.8325744938311,345.9429761120652,346.0585344520224,344.13884245664485,342.22309371399194,340.3112882240634,338.4034259868592,336.49950700237946,333.9177394685262,331.3397468150116,328.7655290418355,326.19508614899814,323.6284181364994,321.0655250043393,318.5064067525179,315.951063381035,313.3994948898908,310.8517012790852,308.9006600671673,306.9516573419378,305.0046931033969,303.0597673515444,301.11688008638043,299.17603130790485,297.2372210161178,295.30044921101927,293.3657158926091,291.4330210608874,288.8860148706835,286.3410744007515,283.79819965109175,281.25739062170396,278.7186473125883,276.18196972374477,273.6473578551733,271.114811706874,268.5843312788467,266.05591657109153,263.18950691066857,260.32309725024555,257.45668758982265,254.59027792939963,251.7238682689767,248.85745860855374,245.99104894813075,243.1246392877078,240.2582296272848,237.39181996686185,235.59919197065193,233.80656397444193,232.01393597823198,230.221307982022,228.42867998581204,226.6360519896021,224.8434239933921,223.05079599718215,221.25816800097218,219.4655400047622
COFFEE 1.6,SSP2 - Medium-Low Emissions,World,Emissions|CO,Mt CO/yr,774.0534343017323,766.0821457641279,758.1416660966063,747.595464877443,737.0506635652407,726.5072621599992,715.9652606617185,705.4246590703984,697.8677286624993,690.3090386951469,682.7485891683414,675.1863800820825,667.6224114363704,662.2033350086099,656.7569206205998,651.2831682723395,645.7820779638294,640.2536496950693,632.7230198528608,625.1918542308263,617.6601528289655,610.1279156472785,602.5951426857654,595.1275779794606,587.6615701644115,580.1971192406179,572.7342252080803,565.272888066798,559.9815666300317,554.7013501505539,549.432238628365,544.1742320634646,538.927330455853,533.6915338055303,528.4668421124961,523.2532553767508,518.0507735982941,512.859396777126,508.69468171980805,504.54317018794245,500.4048621815292,496.2797577005684,492.1678567450599,488.06915931500384,483.98366541040014,479.91137503124884,475.85228817754984,471.80640484930325,467.5314317656823,463.259117358583,458.98946162800576,454.7224645739503,450.4581261964167,446.1964464954049,441.93742547091506,437.68106312294697,433.4273594515008,429.1763144565765,425.49346642053115,421.8106183844857,418.1277703484403,414.44492231239485,410.76207427634944,407.079226240304,403.39637820425855,399.7135301682131,396.0306821321677,392.3478340961223,389.80841328544125,387.2689924747603,384.72957166407934,382.19015085339834,379.6507300427173,377.1113092320363,374.57188842135537,372.0324676106744,369.4930467999934,366.9536259893124
COFFEE 1.6,SSP2 - Medium-Low Emissions,World,Emissions|CO2|Energy and Industrial Processes,Mt CO2/yr,38712.21703981296,39484.67860436476,40255.31615744222,40289.80819978978,40323.067448966955,40355.09390497375,40385.887567810154,40415.44843747617,40003.547984846264,39595.09525056504,39190.09023463253,38788.53293704872,38390.423357813605,38158.22459374573,37927.757239591134,37699.021295349834,37472.01676102183,37246.74363660712,36932.754236742956,36619.289073601874,36306.34814718386,35993.931457488936,35682.039004517086,35421.31049996346,35160.40297140835,34899.31641885176,34638.05084229371,34376.606241734175,33778.98600221672,33184.49252873969,32593.125821303125,32004.885879906993,31419.772704551306,30837.78629523607,30258.92665196127,29683.19377472691,29110.587663533,28541.108318379527,27679.374919759237,26820.07215295659,25963.200017971587,25108.758514804234,24256.747643454524,23407.167403922453,22560.017796208038,21715.29882031126,20873.01047623213,20033.152763970647,19464.497499630037,18894.549830013584,18323.30975512129,17750.777274953154,17176.952389509177,16601.835098789365,16025.425402793706,15447.72330152221,14868.728794974877,14288.441883151694,13435.602718998529,12582.763554845365,11729.924390692202,10877.085226539037,10024.246062385873,9171.406898232708,8318.567734079545,7465.72856992638,6612.889405773215,5760.050241620053,5133.312722083519,4506.575202546982,3879.837683010449,3253.1001634739137,2626.36264393738,1999.625124400845,1372.8876048643106,746.1500853277743,119.41256579124138,-507.32495374529395
COFFEE 1.6,SSP2 - Medium-Low Emissions,World,Emissions|N2O,kt N2O/yr,11289.003670665756,11296.921706858255,11305.44635460472,11351.251840137998,11396.57543184252,11441.417129718287,11485.776933765303,11529.65484398356,11586.022087357109,11641.989003124645,11697.555591286176,11752.7218518417,11807.487784791212,11856.524910141128,11905.338927469493,11953.929836776317,12002.297638061591,12050.442331325323,12027.848827083146,12005.577650976405,11983.6288030051,11962.00228316923,11940.698091468796,11946.871007245636,11952.950738288917,11958.93728459863,11964.83064617478,11970.630823017364,11974.186706822567,11977.744222631585,11981.303370444424,11984.86415026108,11988.426562081557,11991.99060590585,11995.556281733963,11999.123589565892,12002.692529401642,12006.26310124121,12014.632589282568,12022.935072842241,12031.170551920233,12039.33902651654,12047.440496631163,12055.474962264103,12063.44242341536,12071.342880084929,12079.176332272818,12086.942779979023,12082.085043333145,12077.19696050763,12072.278531502481,12067.329756317691,12062.35063495327,12057.341167409206,12052.301353685507,12047.231193782172,12042.1306876992,12036.999835436593,12038.91717176213,12040.834508087675,12042.751844413215,12044.66918073876,12046.586517064297,12048.50385338984,12050.42118971538,12052.338526040923,12054.255862366463,12056.173198692004,12098.085896476148,12139.998594260289,12181.911292044435,12223.823989828576,12265.73668761272,12307.649385396866,12349.562083181007,12391.47478096515,12433.387478749291,12475.300176533436
COFFEE 1.6,SSP2 - Medium-Low Emissions,World,Emissions|NH3,Mt NH3/yr,69.11340089954984,69.1469503536124,69.18490318236806,70.23853567535437,71.28993481381315,72.33910059774442,73.38603302714813,74.43073210202435,75.16173841394222,75.89458558155228,76.6292736048545,77.36580248384894,78.10417221853558,78.8687794656522,79.63486130597977,80.40241773951827,81.17144876626773,81.9419543862281,82.46842162670623,82.99700541147314,83.52770574052886,84.06052261387339,84.5954560315067,83.98662479030833,83.37103689735874,82.74869235265793,82.11959115620587,81.48373330800264,81.76381813480306,82.0419873327405,82.31824090181496,82.59257884202643,82.86500115337492,83.13550783586042,83.40409888948295,83.6707743142425,83.93553411013906,84.19837827717264,84.27771955261584,84.35781493345877,84.43866441970141,84.52026801134377,84.60262570838586,84.68573751082764,84.76960341866909,84.85422343191031,84.93959755055121,85.02572577459182,85.06863715672164,85.11146608213727,85.15421255083871,85.19687656282596,85.23945811809907,85.28195721665794,85.32437385850268,85.36670804363321,85.40895977204957,85.45112904375175,85.41930732806829,85.38748561238482,85.35566389670134,85.32384218101788,85.2920204653344,85.26019874965095,85.22837703396749,85.19655531828403,85.16473360260055,85.13291188691707,85.07488858076555,85.01686527461402,84.95884196846248,84.90081866231097,84.84279535615943,84.78477205000789,84.72674874385638,84.66872543770484,84.61070213155332,84.55267882540181
COFFEE 1.6,SSP2 - Medium-Low Emissions,World,Emissions|NOx,Mt NO2/yr,127.51049405918616,126.13054678775036,124.76512057872357,122.63518471915877,120.50905081547818,118.38671886768181,116.26818887576964,114.15346083974171,112.5069698330274,110.86006558949805,109.21274810915367,107.56501739199423,105.91687343801976,104.00684186965378,102.09499216931543,100.18132433700467,98.26583837272153,96.34853427646598,94.55527482380089,92.7618752720824,90.96833562131062,89.17465587148541,87.38083602260689,85.84380586163982,84.30811026843041,82.77374924297868,81.24072278528462,79.70903089534823,79.19949378339174,78.68990993113496,78.18027933857792,77.67060200572058,77.16087793256295,76.65110711910506,76.14128956534688,75.6314252712884,75.12151423692964,74.61155646227061,74.09347810135422,73.57604641427162,73.05926140102281,72.54312306160779,72.02763139602655,71.5127864042791,70.99858808636546,70.4850364422856,69.97213147203952,69.45987317562724,68.96600569013894,68.47206716863052,67.97805761110197,67.48397701755327,66.98982538798445,66.49560272239549,66.00130902078641,65.50694428315718,65.01250850950784,64.51800169983836,63.92803468749511,63.33806767515187,62.74810066280862,62.158133650465366,61.56816663812212,60.978199625778885,60.38823261343563,59.79826560109238,59.20829858874914,58.61833157640589,58.288471713260094,57.95861185011431,57.628751986968496,57.298892123822704,56.96903226067691,56.63917239753112,56.30931253438532,55.97945267123953,55.64959280809372,55.31973294494794
COFFEE 1.6,SSP2 - Medium-Low Emissions,World,Emissions|OC,Mt OC/yr,34.14789091300629,33.99995891049556,33.85356643420503,33.6626649711765,33.47106912587091,33.278778898288266,33.085794288428566,32.89211529629182,32.66973321797005,32.44718586843351,32.22447324768217,32.00159535571606,31.778552192535173,31.563200454937114,31.34784523722883,31.132486539410316,30.91712436148157,30.7017587034426,30.51979414643337,30.337622534324154,30.155243867114965,29.97265814480579,29.789865367396644,29.47852405794202,29.167340227112366,28.856313874907684,28.54544500132797,28.234733606373226,28.01228230593474,27.78982896499864,27.567373583564915,27.344916161633584,27.122456699204626,26.899995196278052,26.67753165285387,26.45506606893206,26.232598444512636,26.010128779595597,25.81618047255061,25.62233501085133,25.428592394497766,25.23495262348991,25.041415697827773,24.84798161751135,24.654650382540634,24.461421992915632,24.268296448636345,24.075273749702774,23.882859841941283,23.690578253510154,23.498428984409376,23.306412034638953,23.11452740419889,22.922775093089182,22.731155101309824,22.539667428860827,22.348312075742186,22.157089041953896,21.971959367798455,21.786829693643014,21.601700019487573,21.416570345332133,21.231440671176692,21.04631099702125,20.86118132286581,20.676051648710366,20.490921974554926,20.305792300399485,20.19583157683803,20.085870853276575,19.975910129715118,19.865949406153664,19.75598868259221,19.646027959030754,19.536067235469304,19.426106511907847,19.31614578834639,19.206185064784936
COFFEE 1.6,SSP2 - Medium-Low Emissions,World,Emissions|Sulfur,Mt SO2/yr,71.9020378409034,68.82777112812119,65.7657122989078,63.9738700447337,62.187299385331265,60.4060003207005,58.629972850841405,56.859216975753974,56.31885160970687,55.77994646693902,55.242501547450445,54.70651685124115,54.17199237831112,53.864135885061046,53.55800569075476,53.253601795392235,52.95092419897348,52.64997290149849,51.324524246471356,50.00230761770065,48.683323015186375,47.36757043892852,46.05504988892707,44.751280053217116,43.450525178530796,42.15278526486813,40.8580603122291,39.56635032061372,38.760292832794605,37.95556358997152,37.15216259214448,36.350089839313455,35.54934533147849,34.749929068639545,33.951841050796645,33.155081277949776,32.35964975009894,31.565546467244147,30.844244277028725,30.12370165772233,29.403918609324954,28.6848951318366,27.966631225257267,27.249126889586954,26.532382124825666,25.816396930973394,25.101171308030146,24.38670525599592,24.038356382531546,23.69074019568402,23.34385669545334,22.997705881839515,22.65228775484254,22.307602314462414,21.963649560699142,21.620429493552717,21.277942113023144,20.936187419110418,20.6558176204529,20.37544782179538,20.09507802313786,19.81470822448034,19.53433842582282,19.2539686271653,18.973598828507782,18.693229029850258,18.41285923119274,18.13248943253522,17.93122982452752,17.729970216519824,17.528710608512128,17.327451000504425,17.12619139249673,16.924931784489033,16.72367217648133,16.522412568473634,16.321152960465934,16.119893352458238
COFFEE 1.6,SSP2 - Medium-Low Emissions,World,Emissions|VOC,Mt VOC/yr,191.24428648185568,190.74138904672225,190.24092522520795,188.79819959652164,187.35653213420287,185.9159228382515,184.47637170866773,183.03787874545142,182.31710835456573,181.5962328363038,180.87525219066555,180.15416641765106,179.43297551726022,178.77237262520006,178.11233572693834,177.45286482247508,176.7939599118102,176.13562099494376,175.19348368331663,174.25142559900968,173.30944674202283,172.36754711235614,171.4257267100096,169.73189216041854,168.03784979346602,166.34359960915197,164.6491416074765,162.9544757884395,162.0599136109091,161.1673677754091,160.27683828193955,159.3883251305004,158.5018283210917,157.6173478537134,156.73488372836556,155.85443594504815,154.97600450376117,154.0995894045046,153.3596179945892,152.62119165103923,151.88431037385473,151.14897416303572,150.41518301858218,149.6829369404941,148.95223592877147,148.22307998341435,147.49546910442268,146.7694032917965,145.56366100561084,144.3596056303224,143.1572371659312,141.95655561243723,140.7575609698405,139.56025323814097,138.36463241733867,137.1706985074336,135.97845150842576,134.78789142031513,133.45291128811425,132.11793115591337,130.78295102371243,129.44797089151155,128.11299075931066,126.77801062710978,125.44303049490888,124.10805036270798,122.7730702305071,121.43809009830619,120.8240500426471,120.21000998698801,119.59596993132892,118.98192987566983,118.36788982001073,117.75384976435164,117.13980970869254,116.52576965303345,115.91172959737436,115.29768954171526
COFFEE 1.6,SSP2 - Medium-Low Emissions,World,Emissions|CO2|AFOLU,Mt CO2/yr,3627.550666666666,3527.174453220472,3426.7982397742776,3375.7309769440835,3324.663714113889,3273.596451283695,3222.5291884535004,3171.4619256233063,3111.188464048512,3050.915002473718,2990.641540898924,2930.3680793241297,2870.0946177493356,2828.698014557141,2787.301411364947,2745.904808172753,2704.5082049805587,2663.111601788364,2522.70870827997,2382.3058147715756,2241.9029212631817,2101.500027754787,1961.097134246393,1744.8169678551988,1528.5368014640044,1312.2566350728102,1095.976468681616,879.696302290422,735.7073056684276,591.7183090464334,447.7293124244393,303.740315802445,159.75131918045082,15.762322558456702,-128.22667406353753,-272.2156706855318,-416.2046673075259,-560.1936639295202,-694.6737818204144,-829.1538997113087,-963.6340176022029,-1098.1141354930971,-1232.5942533839914,-1367.0743712748856,-1501.5544891657798,-1636.0346070566738,-1770.514724947568,-1904.9948428384623,-2113.6088572655567,-2322.2228716926506,-2530.836886119745,-2739.4509005468394,-2948.0649149739334,-3156.6789294010277,-3365.2929438281217,-3573.9069582552165,-3782.52097268231,-3991.134987109405,-4229.582669143098,-4468.030351176793,-4706.478033210487,-4944.925715244181,-5183.3733972778755,-5421.82107931157,-5660.2687613452645,-5898.7164433789585,-6137.1641254126525,-6375.6118074463475,-6616.782861328041,-6857.953915209735,-7099.12496909143,-7340.296022973123,-7581.467076854818,-7822.638130736512,-8063.809184618206,-8304.9802384999,-8546.151292381594,-8787.322346263289
COFFEE 1.6,SSP2 - Medium-Low Emissions,World,Emissions|C2F6,kt C2F6/yr,2.4318727086493497,2.332867536816386,2.2338623649834215,1.961241869903431,1.6886213748234407,1.4160008797434505,1.14338038466346,0.8707598895834695,0.793083145564957,0.7154064015464444,0.6377296575279319,0.5600529135094193,0.4823761694909067,0.46173371716326383,0.44109126483562094,0.420448812507978,0.39980636018033505,0.37916390785269216,0.45426093390478356,0.529357959956875,0.6044549860089665,0.679552012061058,0.7546490381131494,0.6999080641408413,0.6451670901685331,0.5904261161962249,0.5356851422239167,0.4809441682516086,0.45203664387023296,0.42312911948885745,0.39422159510748184,0.3653140707261063,0.3364065463447307,0.30749902196335516,0.2785914975819796,0.24968397320060404,0.22077644881922848,0.19186892443785286,0.1859288326414421,0.17998874084503136,0.1740486490486206,0.16810855725220986,0.1621684654557991,0.15622837365938835,0.1502882818629776,0.14434819006656685,0.13840809827015607,0.13246800647374532,0.12690462346429296,0.12134124045484061,0.11577785744538825,0.11021447443593589,0.10465109142648354,0.09908770841703118,0.09352432540757882,0.08796094239812646,0.08239755938867412,0.07683417637922176,0.07281032060997542,0.06878646484072908,0.06476260907148272,0.06073875330223638,0.05671489753299004,0.052691041763743694,0.048667185994497354,0.044643330225251014,0.040619474456004674,0.03659561868675833,0.03562590539339396,0.034656192100029605,0.03368647880666524,0.032716765513300876,0.03174705221993651,0.030777338926572147,0.029807625633207786,0.02883791233984342,0.02786819904647906,0.026898485753114695
COFFEE 1.6,SSP2 - Medium-Low Emissions,World,Emissions|C6F14,kt C6F14/yr,0.06299797716610878,0.06299797716610878,0.06299797716610878,0.055981440899296006,0.04896490463248324,0.04194836836567047,0.03493183209885771,0.027915295832044943,0.02598611832561388,0.024056940819182818,0.022127763312751753,0.02019858580632069,0.018269408299889624,0.01795441855512247,0.017639428810355313,0.017324439065588157,0.017009449320821,0.016694459576053845,0.02099666827592865,0.02529887697580346,0.029601085675678266,0.03390329437555307,0.038205503075427874,0.0359639900729005,0.03372247707037312,0.031480964067845736,0.029239451065318358,0.02699793806279098,0.025425816460805568,0.02385369485882015,0.022281573256834736,0.020709451654849324,0.01913733005286391,0.01756520845087849,0.015993086848893077,0.014420965246907662,0.012848843644922246,0.011276722042936832,0.011087719464252944,0.010898716885569058,0.010709714306885172,0.010520711728201286,0.0103317091495174,0.010142706570833514,0.009953703992149628,0.00976470141346574,0.009575698834781855,0.009386696256097967,0.009197702564407398,0.009008708872716827,0.008819715181026255,0.008630721489335684,0.008441727797645114,0.008252734105954543,0.008063740414263972,0.0078747467225734,0.00768575303088283,0.007496759339192259,0.007307765259577379,0.0071187711799625,0.006929777100347621,0.00674078302073274,0.00655178894111786,0.0063627948615029815,0.006173800781888102,0.005984806702273222,0.005795812622658342,0.005606818543043463,0.005417824710289508,0.005228830877535553,0.005039837044781598,0.0048508432120276425,0.004661849379273688,0.004472855546519733,0.004283861713765777,0.004094867881011823,0.0039058740482578675,0.0037168802155039126
COFFEE 1.6,SSP2 - Medium-Low Emissions,World,Emissions|CF4,kt CF4/yr,15.117718127834522,14.835494069101001,14.550854554067199,13.11970287928674,11.677985440688877,10.225702238273616,8.762853272040953,7.28943854199089,6.838087542808343,6.383398299679903,5.925370812605572,5.4640050815853485,4.999301106619232,4.885305743075394,4.770407545156942,4.654606512863876,4.537902646196194,4.420295945153899,5.221631913327275,6.028285487194761,6.840256666756358,7.657545452012065,8.480151842961881,8.149172629204292,7.8158042495566935,7.480046704019087,7.14189999259147,6.801364115273844,6.567479556097357,6.331919098220187,6.094682741642332,5.855770486363794,5.615182332384572,5.372918279704668,5.128978328324079,4.883362478242807,4.636070729460852,4.387103081978212,4.312043848618058,4.236420891906118,4.160234211842391,4.083483808426878,4.006169681659579,3.928291831540495,3.8498502580696248,3.7708449612469686,3.6912759410725267,3.611143197546298,3.4850747061328633,3.3581639211923124,3.230410842724648,3.1018154707298677,2.972377805207972,2.8420978461589623,2.710975593582837,2.579011047479597,2.446204207849242,2.312555074691772,2.2157927632331846,2.119030451774597,2.022268140316009,1.9255058288574216,1.828743517398834,1.7319812059402464,1.6352188944816588,1.5384565830230712,1.4416942715644836,1.344931960105896,1.309293842315674,1.2736557245254516,1.2380176067352293,1.2023794889450072,1.1667413711547852,1.1311032533645629,1.0954651355743406,1.0598270177841185,1.0241888999938964,0.9885507822036741
COFFEE 1.6,SSP2 - Medium-Low Emissions,World,Emissions|HFC|HFC125,kt HFC125/yr,124.07430000000001,126.75175365383667,129.3632743533173,116.78899684226012,104.41888748013032,92.25294626692789,80.29117320265287,68.53356828730523,59.187125173059016,50.003581435699715,40.98293707522735,32.1251920916419,23.43034648494337,23.980535245628065,24.515467337641677,25.035142760984215,25.53956151565566,26.028723601656033,47.591377248481805,68.70376218865049,89.36587842216208,109.57772594901662,129.33930476921407,127.24465649493906,125.1653036371866,123.10124619595665,121.0524841712492,119.01901756306431,112.66063738861882,106.41737679777185,100.28923579052345,94.27621436687359,88.37831252682228,82.59553027036952,76.92786759751533,71.37532450825968,65.93790100260257,60.61559708054401,56.70121676157811,52.86835797287636,49.117020714438766,45.44720498626535,41.85891078835608,38.35213812071096,34.92688698333001,31.583157376213208,28.32094929936057,25.140262752772088,23.162024121749727,21.23182508286371,19.349665636114036,17.515545781500716,15.72946551902374,13.991424848683113,12.301423770478834,10.659462284410903,9.06554039047932,7.519658088684082,7.619257640838623,7.718857192993164,7.818456745147705,7.918056297302246,8.017655849456787,8.117255401611327,8.21685495376587,8.31645450592041,8.416054058074952,8.515653610229492,8.612238502502441,8.70882339477539,8.80540828704834,8.90199317932129,8.998578071594238,9.095162963867187,9.191747856140136,9.288332748413087,9.384917640686036,9.481502532958984
COFFEE 1.6,SSP2 - Medium-Low Emissions,World,Emissions|HFC|HFC134a,kt HFC134a/yr,291.7886,300.16359328290633,308.53858656581264,279.11867478783245,249.69876300985229,220.27885123187212,190.85893945389194,161.4390276759118,140.4288360502168,119.41864442452179,98.40845279882679,77.39826117313177,56.38806954743677,58.266999026161564,60.14592850488636,62.02485798361115,63.90378746233595,65.78271694106074,122.62127463432327,179.4598323275858,236.2983900208483,293.1369477141109,349.9755054073733,345.5886764267727,341.20184744617205,336.8150184655714,332.4281894849708,328.0413605043702,314.0345243373057,300.0276881702413,286.02085200317686,272.01401583611243,258.00717966904796,244.0003435019835,229.9935073349191,215.98667116785464,201.97983500079016,187.97299883372574,178.14791233887848,168.32282584403123,158.49773934918395,148.6726528543367,138.84756635948943,129.02247986464218,119.1973933697949,109.37230687494764,99.54722038010038,89.7221338852531,83.93114955399578,78.14016522273845,72.34918089148113,66.55819656022379,60.767212228966464,54.976227897709144,49.18524356645182,43.39425923519448,37.603274903937155,31.812290572679828,32.22384894675947,32.63540732083911,33.04696569491875,33.458524068998386,33.87008244307802,34.28164081715766,34.6931991912373,35.10475756531694,35.51631593939658,35.92787431347622,36.32699960246089,36.726124891445565,37.125250180430236,37.524375469414906,37.92350075839958,38.32262604738425,38.72175133636893,39.1208766253536,39.52000191433827,39.919127203322944
COFFEE 1.6,SSP2 - Medium-Low Emissions,World,Emissions|HFC|HFC143a,kt HFC143a/yr,35.833800000000004,36.928308362001495,38.022816724002986,34.6335580381828,31.244299352362617,27.855040666542436,24.465781980722255,21.07652329490207,18.372339318094923,15.668155341287775,12.963971364480626,10.25978738767348,7.555603410866335,7.808870376554125,8.062137342241915,8.315404307929704,8.568671273617495,8.821938239305284,16.296546773430745,23.771155307556203,31.24576384168166,38.720372375807116,46.194980909932575,45.94107208859664,45.68716326726071,45.433254445924774,45.17934562458885,44.925436803252914,43.01441359125454,41.10339037925616,39.19236716725778,37.2813439552594,35.370320743261026,33.45929753126265,31.54827431926427,29.637251107265893,27.726227895267517,25.815204683269137,24.46192042633856,23.108636169407976,21.755351912477398,20.40206765554682,19.04878339861624,17.695499141685666,16.342214884755084,14.988930627824507,13.635646370893927,12.28236211396335,11.484888874200855,10.68741563443836,9.889942394675867,9.092469154913372,8.294995915150878,7.497522675388383,6.700049435625889,5.902576195863394,5.105102956100899,4.307629716338405,4.3646852917304,4.421740867122395,4.47879644251439,4.535852017906384,4.59290759329838,4.649963168690374,4.707018744082369,4.764074319474363,4.821129894866359,4.878185470258353,4.9335139657156795,4.9888424611730064,5.044170956630334,5.09949945208766,5.154827947544987,5.2101564430023135,5.2654849384596405,5.320813433916968,5.3761419293742945,5.4314704248316215
COFFEE 1.6,SSP2 - Medium-Low Emissions,World,Emissions|HFC|HFC227ea,kt HFC227ea/yr,6.6453,6.9626160216389685,7.277135541785411,6.234702455305936,5.2005649550123625,4.17472304090469,3.157176712982918,2.147925971247045,1.7689874592172128,1.3931429889669826,1.020392560496355,0.6507361738053301,0.28417382889390735,0.29146715441327564,0.29868786720025065,0.30583596725483253,0.3129114545770211,0.3199143291668165,0.9964804355553999,1.667129821085359,2.331862485756694,2.9906784295694053,3.6435776525234926,2.978470539693278,2.319153109361457,1.6656253615280308,1.0178872961929986,0.3759389133563605,0.3782590020303001,0.38054233673778215,0.38278891747880656,0.3849987442533735,0.3871718170614829,0.38930813590313473,0.3914077007783289,0.3934705116870656,0.39549656862934485,0.39748587160516635,0.3960833336301235,0.39467612228271204,0.3932642375629322,0.39184767947078375,0.39042644800626686,0.38900054316938154,0.3875699649601276,0.3861347133785052,0.38469478842451427,0.38325019009815486,0.38075401373293466,0.3782636768734613,0.3757791795197348,0.3733005216717549,0.37082770332952203,0.3683607244930358,0.3658995851622964,0.36344428533730383,0.3609948250180581,0.35855120420455905,0.35732452273368803,0.35609784126281707,0.35487115979194606,0.35364447832107504,0.3524177968502041,0.35119111537933306,0.34996443390846205,0.34873775243759103,0.34751107096672007,0.34628438949584905,0.34474467039108225,0.34320495128631545,0.34166523218154865,0.34012551307678185,0.33858579397201505,0.33704607486724825,0.33550635576248145,0.33396663665771464,0.33242691755294784,0.33088719844818104
COFFEE 1.6,SSP2 - Medium-Low Emissions,World,Emissions|HFC|HFC23,kt HFC23/yr,14.051843086776302,13.314767872145797,12.587059786629661,10.553753719312867,8.549533118386437,6.574397983850374,4.628348315704673,2.7113841139493355,2.306261629290767,1.9071241940375878,1.5139718081897977,1.126804471747396,0.745622184710383,0.7100421046041728,0.6749416217767892,0.640320736228232,0.6061794479585013,0.5725177569675972,0.5450128940503023,0.5178917088659576,0.4911542014145629,0.4648003716961182,0.43883021971062364,0.41759372079979884,0.3966641634595747,0.3760415476899513,0.35572587349092843,0.33571714086250626,0.31828797096738326,0.30112380263148797,0.28422463585482044,0.2675904706373806,0.25122130697916845,0.23511714488018404,0.2192779843404273,0.20370382535989834,0.18839466793859702,0.17335051207652344,0.16344939576614265,0.15371410855109696,0.14414465043138638,0.13474102140701097,0.1255032214779707,0.11643125064426549,0.10752510890589542,0.0987847962628605,0.09021031271516071,0.081801658262796,0.07683674103945087,0.0719634709866874,0.0671818481045056,0.06249187239290548,0.057893543851887046,0.05338686248145029,0.0489718282815952,0.04464844125232179,0.040416701393630065,0.036276608705520005,0.032648947834968,0.029021286964416006,0.025393626093864002,0.021765965223312003,0.018138304352760003,0.014510643482208001,0.010882982611656,0.007255321741104,0.003627660870551999,0.0,0.0,0.0,0.0,0.0,0.0,0.0,0.0,0.0,0.0,0.0
COFFEE 1.6,SSP2 - Medium-Low Emissions,World,Emissions|HFC|HFC245fa,kt HFC245fa/yr,15.5045,16.06419953464509,16.623899069290182,14.349889256049774,12.075879442809367,9.801869629568959,7.527859816328551,5.253850003088145,4.621110475541656,3.988370947995166,3.355631420448676,2.722891892902186,2.0901523653556966,2.190103413004681,2.2900544606536655,2.3900055083026492,2.489956555951634,2.589907603600618,4.34719223161524,6.104476859629861,7.861761487644483,9.619046115659105,11.376330743673725,9.610760752594476,7.84519076151523,6.079620770435983,4.314050779356735,2.548480788277487,2.293632709449738,2.0387846306219894,1.7839365517942412,1.5290884729664924,1.2742403941387435,1.019392315310995,0.7645442364832463,0.5096961576554976,0.2548480788277489,0.0,0.0,0.0,0.0,0.0,0.0,0.0,0.0,0.0,0.0,0.0,0.0,0.0,0.0,0.0,0.0,0.0,0.0,0.0,0.0,0.0,0.0,0.0,0.0,0.0,0.0,0.0,0.0,0.0,0.0,0.0,0.0,0.0,0.0,0.0,0.0,0.0,0.0,0.0,0.0,0.0
COFFEE 1.6,SSP2 - Medium-Low Emissions,World,Emissions|HFC|HFC32,kt HFC32/yr,105.566,108.74086217354278,111.90150378555272,101.60496035746293,91.35073375304187,81.13882397228954,70.96923101520595,60.841954881791054,52.45026168379616,44.09368822888133,35.77223451704656,27.485900548291863,19.234686322617232,19.8042063408527,20.371102546283335,20.935374938909145,21.49702351873012,22.056048285746265,44.12351324774607,66.0949381999208,87.97032314227043,109.749668074795,131.43297299749446,130.52470230859586,129.61915533039385,128.71633206288834,127.81623250607939,126.91885665996696,121.2700867493049,115.64514452011672,110.04402997240243,104.46674310616206,98.91328392139557,93.38365241810298,87.87784859628431,82.39587245593951,76.93772399706862,71.50340321967161,67.37328885948014,63.26118944413103,59.16710497362426,55.09103544795984,51.03298086713777,46.99294123115806,42.970916540020696,38.96690679372568,34.980911992273,31.012932135662677,28.996684865840447,26.989469837943915,24.991287051973075,23.002136507927933,21.022018205808493,19.050932145614738,17.08887832734668,15.135856751004319,13.191867416587652,11.25691032409668,11.394852256774902,11.532794189453126,11.670736122131348,11.808678054809572,11.946619987487795,12.084561920166017,12.222503852844241,12.360445785522463,12.498387718200688,12.63632965087891,12.767898654937747,12.899467658996587,13.031036663055424,13.162605667114262,13.2941746711731,13.425743675231939,13.557312679290776,13.688881683349614,13.820450687408453,13.95201969146729
COFFEE 1.6,SSP2 - Medium-Low Emissions,World,Emissions|HFC|HFC43-10,kt HFC4310/yr,0.8826,0.8871855100836091,0.8917710201672181,0.7580297322385487,0.6242884443098796,0.49054715638121044,0.3568058684525412,0.22306458052387187,0.18368317428851752,0.14430176805316314,0.10492036181780874,0.06553895558245437,0.026157549347100018,0.02626674681259255,0.02637594427808508,0.026485141743577613,0.026594339209070145,0.026703536674562673,0.07810513199345998,0.12950672731235724,0.18090832263125456,0.23230991795015185,0.28371151326904914,0.23248991934562213,0.18126832542219515,0.13004673149876816,0.07882513757534117,0.027603543651914184,0.027683322791014525,0.027763101930114865,0.027842881069215203,0.027922660208315547,0.028002439347415888,0.028082218486516233,0.028161997625616574,0.02824177676471691,0.028321555903817255,0.028401335042917596,0.02846465954903569,0.02852798405515378,0.028591308561271876,0.02865463306738997,0.02871795757350806,0.028781282079626155,0.028844606585744247,0.028907931091862342,0.02897125559798043,0.029034580104098526,0.02907322307536412,0.029111866046629714,0.02915050901789531,0.029189151989160902,0.0292277949604265,0.029266437931692094,0.02930508090295769,0.029343723874223283,0.029382366845488877,0.02942100981675447,0.029432727326500492,0.029444444836246506,0.02945616234599252,0.02946787985573854,0.02947959736548456,0.029491314875230573,0.029503032384976587,0.02951474989472261,0.02952646740446863,0.029538184914214644,0.02952447291355247,0.0295107609128903,0.029497048912228124,0.02948333691156595,0.029469624910903772,0.029455912910241598,0.029442200909579424,0.029428488908917253,0.02941477690825508,0.029401064907592905
COFFEE 1.6,SSP2 - Medium-Low Emissions,World,Emissions|SF6,kt SF6/yr,9.3520936282727,9.359570091351967,9.366776355734636,8.33164041617619,7.303426481477182,6.282134551637612,5.2677646266574785,4.260316706536785,4.0022814809671425,3.7459537416345956,3.4913334885391456,3.2384207216807903,2.9872154410595297,2.9718204756908846,2.9564595080274514,2.941132538069231,2.9258395658162217,2.9105805912684257,3.6078002688088024,4.299868346516579,4.986784824391756,5.668549702434334,6.345162980644313,5.995398635156708,5.648053545549409,5.303127711822417,4.960621133975727,4.620533812009343,4.35680546392469,4.094937868717842,3.8349310263888006,3.576784936937563,3.3204996003641307,3.0660750166685036,2.813511185850682,2.5628081079106657,2.3139657828484537,2.0669842106640477,2.015688112064817,1.9647312492081268,1.9141136220939783,1.8638352307223713,1.8138960750933055,1.7642961552067808,1.7150354710627975,1.6661140226613553,1.6175318100024543,1.5692888330860946,1.5439709245803437,1.5188077106286282,1.4937991912309494,1.4689453663873064,1.4442462360976995,1.4197018003621282,1.3953120591805934,1.3710770125530949,1.3469966604796317,1.323071002960205,1.3062983989715575,1.28952579498291,1.2727531909942627,1.255980587005615,1.2392079830169676,1.22243537902832,1.2056627750396725,1.1888901710510251,1.1721175670623776,1.15534496307373,1.138160294294357,1.1209756255149836,1.1037909567356103,1.0866062879562373,1.0694216191768642,1.0522369503974909,1.0350522816181176,1.0178676128387445,1.0006829440593714,0.9834982752799981
COFFEE 1.6,SSP2 - Medium-Low Emissions,World,Emissions|CCl4,kt CCl4/yr,40.29730841776712,37.50789908721917,34.97059468917428,32.45607274800954,30.041195560361583,27.59194199306125,25.1003211824228,23.540679165010218,23.66215085705868,24.613811336994797,25.645094446025325,26.622458514801583,27.60931923332551,28.749158685300277,29.974413939725984,31.218108892865505,32.40851712214511,33.612065815511066,34.96891841421419,36.485634433509105,37.956174790100064,39.37482685712287,40.95190533887724,42.623347422418426,44.31877940609281,46.110643080755416,47.93128464097561,49.85335365481167,51.36728428414336,51.850312775110346,51.85195053191414,51.80997896228317,51.78694343097321,51.85612873048341,51.87856612255041,51.85070620181917,51.841497605504344,51.85054296096383,51.878310586601714,51.855170227969545,51.776693435939556,51.78144795365209,51.87345182111351,51.91414012578559,51.89998637586837,51.900405539389915,51.8448915148703,51.79911357016939,51.83642505115401,51.81738141254878,51.80806316865857,51.88184734882187,51.89976881105365,51.85827829394707,51.826323495398285,51.80348142646263,51.78927554733651,51.85381417144121,51.93189632984181,51.88053888454101,51.834770506954506,51.867544817477246,51.83940711944699,51.81643753730703,51.872012602138774,51.86715411076891,51.79783384989569,51.80262979915102,51.885560418336574,51.908060368609505,51.86659058626661,51.830099183731605,51.79816319959288,51.77030586104894,51.816628879027384,51.87168624274408,51.82924793248425,51.79212136848583
COFFEE 1.6,SSP2 - Medium-Low Emissions,World,Emissions|CFC11,kt CFC11/yr,55.9933373822983,53.80241782405459,51.58546818746797,49.40410913378708,47.38564183285938,45.47012800799574,43.66070272247559,41.89796777558573,40.11986736138354,38.45070350081469,36.95668393975873,35.45387264881994,33.94136407401444,32.544657378561475,31.26580730827029,30.045411379875464,28.822268280349824,27.59631516751976,26.429316064184206,25.38566392159573,24.342987912491264,23.300027345821253,22.382700133840764,21.530889513094426,20.68338808815452,19.84057134440808,19.00243739592171,18.168558391154544,17.40110505674327,16.70187105906349,16.008863519221865,15.384632087589534,14.831418904555655,14.22546512458261,13.56448794406249,13.034843710935645,12.578021564495089,12.006465435318288,11.442412205241045,11.011078505634611,10.65317286930226,10.182694168135024,9.657745733913039,9.32847125812272,9.011829030467798,8.580997838348285,8.222021906149994,7.936003881971055,7.6617882273667,7.337558219590392,6.961090167909114,6.656131963532225,6.42453867518518,6.142136783064996,5.8696698089486565,5.670934195580044,5.421399427189453,5.181799940785034,5.015931829807603,4.799264581687243,4.592533065554169,4.459544607157046,4.276184773891987,4.040577828936344,3.8764808493222986,3.785760922545636,3.6446723033764186,3.4517756530505834,3.268633871286459,3.094453170414534,2.99141819513695,2.962178221184874,2.8203863334615398,2.6245533158363306,2.562223806946295,2.510741483839849,2.406024616740603,2.307587746017828
COFFEE 1.6,SSP2 - Medium-Low Emissions,World,Emissions|CFC113,kt CFC113/yr,2.030655876997793,2.6240858366639137,2.662652319897718,2.7949219159766683,3.0193159526748032,3.1671361701421197,3.2380105998685997,3.316106146152531,3.4005520740421344,3.576930662237062,3.761683898556309,3.869435018473725,4.070285513020486,4.280232370959432,4.414481717080648,4.557757528676373,4.7092747887242155,4.954707235890159,5.211143695240057,5.307898652179092,5.49891371335071,5.785290178222864,5.997293866711345,6.306205946928454,6.542774795775671,6.70609788812678,6.966084914556925,7.238161482877344,7.53222546300995,7.685412187011563,7.5984078756285625,7.51252489530035,7.597259803855794,7.684920257272982,7.6055569405096906,7.5268651045765775,7.619346442635547,7.629347581989703,7.555528313646543,7.653385144326117,7.669357670115763,7.5166878836874025,7.53405929908151,7.6383331584892415,7.574530521038472,7.597345213856787,7.622187625689949,7.563305531519856,7.591249437982175,7.535106059392503,7.564512413449311,7.681323586071191,7.6306394255409655,7.5811984700676724,7.61812437685161,7.571534565955758,7.525671667994598,7.565579223540424,7.6067929468625515,7.650368502268692,7.610928354064685,7.572243925456832,7.619913947656772,7.584067796729391,7.548949131284929,7.599616263896675,7.6521577431764936,7.621671107456661,7.591939736776478,7.648563412246485,7.621686850264612,7.596121298651233,7.571519792816804,7.5471740642224105,7.609181131040886,7.588080813032532,7.509434456162807,7.483586134518149
COFFEE 1.6,SSP2 - Medium-Low Emissions,World,Emissions|CFC114,kt CFC114/yr,0.8739526789974016,1.124991360857382,1.1597118076759332,1.197558823360702,1.237278428031519,1.278909723338232,1.322527261165675,1.3681964839539387,1.4154823023604386,1.5423784106535925,1.6722604538929153,1.6505914115648743,1.631749242121025,1.6916077809259629,1.8311042384110665,1.9740638844651028,1.9654634086498,2.0376098729228995,2.1896846694249303,2.2680047572251962,2.3502099399371486,2.4360044686012974,2.5255205777784764,2.618906694273037,2.716317610891007,2.817914561474877,2.9238712827247912,3.0345903128233065,3.1181487709184927,3.1407494773438978,3.2106768299169763,3.203551678736577,3.119163137772521,3.189199509931403,3.2589346630646356,3.25258396675239,3.169313812086521,3.0853936751849504,3.155441701112952,3.225162205948355,3.2182641355354313,3.211822057121672,3.205391736497023,3.1989618686170047,3.1925320180284578,3.1861021679584813,3.1796723177622233,3.1732424674137394,3.166812616882547,3.1603827653713275,3.15395289214305,3.147522458839919,3.1410774888652044,3.1341002453003983,3.20449844782523,3.2755578309403224,3.1926349665263998,3.109507346166291,3.1803732092743284,3.25143028348129,3.1679755953587683,3.1622229004219107,3.23373596703449,3.15029303643003,3.1445407931448774,3.216053855187098,3.132610364084184,3.126843562321597,3.1978237905537847,3.1917412079263805,3.186103291515616,3.1804761591160875,3.1748354864843034,3.1686771032141032,3.24042668979004,3.2354652227347676,3.0780170134224134,3.0007401877581557
COFFEE 1.6,SSP2 - Medium-Low Emissions,World,Emissions|CFC115,kt CFC115/yr,0.02762903586579991,0.026451194015621335,0.02567849283947829,0.024928545287205995,0.024647381732154753,0.0,0.0,0.022033925759928328,0.02087186770504332,0.020580077622016593,0.0,0.0,0.01796566889755181,0.016790453857752217,0.0160171124149932,0.015254003188065324,0.014491288813695215,0.013728608389312853,0.012966415817176386,0.01221687344047147,0.011935725463751415,0.0,0.0,0.009321743056220097,0.00814652803988072,0.007373186596877976,0.0066100773407833146,0.005847362214565743,0.005084662269758851,0.004321962909505099,0.003559263571638625,0.002796564234893944,0.0020338648981491113,0.0012711655612579922,0.0005084662245620604,0.0,0.0,0.0,0.0,0.0,0.0,0.0,0.0,0.0,0.0,0.0,0.0,0.0,0.0,0.058488137407676076,0.057369793001727794,0.0,0.0,0.0,0.0,0.0,0.0,0.0,0.05187807648750622,0.05075973205283015,0.0,0.0,0.0,0.0,0.0,0.0467934134372053,0.04567504953370721,0.0,0.0,0.0,0.04323413343636186,0.0421157845155211,0.0,0.0,0.0,0.03916440570355614,0.10759279189046912,0.10704327737018567
COFFEE 1.6,SSP2 - Medium-Low Emissions,World,Emissions|CFC12,kt CFC12/yr,20.278900939592226,18.606179174024042,17.087091090287135,15.723169130971064,14.517108530948391,13.30594082283818,12.14424986865545,11.197170936303392,10.357147722136068,9.51605631768011,8.72927381365435,7.9970064146141215,7.319411319617553,6.752113222910461,6.241504017505347,5.733704419273925,5.228668337154013,4.78111978650565,4.391258695156133,4.059628441499283,3.7874946931967806,3.465571003562935,3.1483297087777404,2.890537561512363,2.6373127785032895,2.4440622290619105,2.256267870172743,2.0738972472898545,1.952408604929725,1.7822025064625084,1.6181096049826014,1.459794151031324,1.3065341519707465,1.268881733551303,1.1830781128022192,1.0488288591747075,0.975782142401148,0.8536398036371314,0.7919703927058059,0.7917670651719456,0.6886441355378514,0.5915807599600477,0.5550387272851948,0.524495641462675,0.500275671028268,0.48275346004300174,0.4168271200072218,0.35665606915406517,0.35737526750159687,0.3093670755608905,0.2670959572956266,0.2853485471284222,0.30998699155439047,0.2865998213495332,0.2146086195847539,0.14782934539701822,0.1406750641925708,0.19409051982181122,0.19915755900715723,0.15562290417877972,0.11768668752857504,0.08501643531556767,0.05723719880898043,0.08945125028921085,0.12750945427360402,0.1166533847598102,0.11176475019322962,0.057426409852778235,0.007779859114118783,0.017593117438548186,0.0323511113514315,0.05236879958766853,0.07766448253720815,0.10861521058040331,0.09049046124373215,0.022536253887595448,0.0,0.0
COFFEE 1.6,SSP2 - Medium-Low Emissions,World,Emissions|CH3Br,kt CH3Br/yr,140.48697355742144,140.44525269558977,140.44552789065773,140.44553526678345,140.44553555090144,140.44553556184533,140.4455355622668,140.44553556228317,140.44553556228368,140.44553556228377,140.44553556228377,140.44553556228377,140.44553556228377,140.44553556228377,140.44553556228377,140.44553556228377,140.44553556228377,140.44553556228377,140.44553556228377,140.44553556228377,140.44553556228377,140.44553556228377,140.44553556228377,140.44553556228377,140.44553556228377,140.44553556228377,140.4455355622838,140.4455355622838,140.4455355622838,140.4455355622838,140.4455355622838,140.4455355622838,140.4455355622838,140.4455355622838,140.4455355622838,140.4455355622838,140.4455355622838,140.4455355622838,140.4455355622838,140.4455355622838,140.4455355622838,140.4455355622838,140.4455355622838,140.4455355622838,140.4455355622838,140.4455355622838,140.4455355622838,140.4455355622838,140.4455355622838,140.4455355622838,140.4455355622838,140.4455355622838,140.4455355622838,140.4455355622838,140.4455355622838,140.4455355622838,140.4455355622838,140.4455355622838,140.4455355622838,140.4455355622838,140.4455355622838,140.4455355622838,140.4455355622838,140.4455355622838,140.4455355622838,140.4455355622838,140.4455355622838,140.4455355622838,140.4455355622838,140.4455355622838,140.4455355622838,140.4455355622838,140.4455355622838,140.4455355622838,140.4455355622838,140.4455355622838,140.4455355622838,140.4455355622838
COFFEE 1.6,SSP2 - Medium-Low Emissions,World,Emissions|CH3CCl3,kt CH3CCl3/yr,1.925368109001723,1.9844674761503585,2.0154698018978308,2.1218060294252017,2.243024910472932,2.2956897148545385,2.3161325589367716,2.4247006405287426,2.5840049281290907,2.7116497692464607,2.807542081710307,2.8475139863157124,3.013079890263086,3.230086462937129,3.271602684248944,3.355661802039536,3.588728993359174,3.729930324432362,3.7937884783679303,3.9840745252637815,4.203755472004259,4.309666505244396,4.398985759431091,4.615370457935042,4.861770306484262,5.055863330085132,5.258100709212486,5.468817165128237,5.63610971297282,5.694944834734323,5.693701293995421,5.692996819110059,5.692428334581721,5.691963218162901,5.6915824253478835,5.691270659033451,5.691015406382305,5.6908064231877145,5.690635322219472,5.690495236594867,5.69038054418597,5.6902866419836275,5.690209761362777,5.690146816834209,5.690095282212928,5.6900530892336265,5.690018544543911,5.689990261744071,5.689967105746074,5.689948147218406,5.689932625288731,5.689919917007609,5.689909512347006,5.689900993731403,5.689894019278835,5.68988830908003,5.689883633964643,5.689879806303956,5.68987667248037,5.689874106722683,5.689872006057913,5.689870286179114,5.689868878061389,5.6898677251921566,5.689866781302655,5.689866008511268,5.6898653758032145,5.689864857785639,5.689864433668743,5.68986408643121,5.689863802137165,5.689863569376865,5.689863378808849,5.689863222784997,5.689863095043431,5.6898629904574705,5.689862904829744,5.689862834723714
COFFEE 1.6,SSP2 - Medium-Low Emissions,World,Emissions|CH3Cl,kt CH3Cl/yr,5376.602241275558,5376.60224106939,5376.602241061445,5376.60224106114,5376.602241061131,5376.602241061134,5376.60224106113,5376.60224106113,5376.60224106113,5376.60224106113,5376.60224106113,5376.60224106113,5376.60224106113,5376.60224106113,5376.60224106113,5376.60224106113,5376.60224106113,5376.60224106113,5376.60224106113,5376.60224106113,5376.60224106113,5376.60224106113,5376.60224106113,5376.60224106113,5376.60224106113,5376.60224106113,5376.60224106113,5376.60224106113,5376.60224106113,5376.60224106113,5376.60224106113,5376.60224106113,5376.60224106113,5376.60224106113,5376.60224106113,5376.60224106113,5376.60224106113,5376.60224106113,5376.60224106113,5376.60224106113,5376.60224106113,5376.60224106113,5376.60224106113,5376.60224106113,5376.60224106113,5376.60224106113,5376.60224106113,5376.60224106113,5376.60224106113,5376.60224106113,5376.60224106113,5376.60224106113,5376.60224106113,5376.60224106113,5376.60224106113,5376.60224106113,5376.60224106113,5376.60224106113,5376.60224106113,5376.60224106113,5376.60224106113,5376.60224106113,5376.60224106113,5376.60224106113,5376.60224106113,5376.60224106113,5376.60224106113,5376.60224106113,5376.60224106113,5376.60224106113,5376.60224106113,5376.60224106113,5376.60224106113,5376.60224106113,5376.60224106113,5376.60224106113,5376.60224106113,5376.60224106113
COFFEE 1.6,SSP2 - Medium-Low Emissions,World,Emissions|HCFC141b,kt HCFC141b/yr,57.429165954156964,57.68077849510554,57.21480348436768,56.48325446711485,55.67114854875694,54.85164389809379,54.01528267502092,53.02714663599193,51.577653941268295,49.89520799511345,48.25223015545117,46.72383430345049,45.22743672313185,43.764690040114516,42.35851758750542,40.956329119190485,39.67628656394712,38.43573865039397,37.11848285418516,35.83011080255346,34.63457965111351,33.49081099449066,32.34670261674314,31.20220072884011,30.109878878673744,29.13435448396401,28.18162729538407,27.187908333376463,26.258851034351792,25.405839315523536,24.523177380449535,23.652763646025623,22.858343247298347,22.087200420071554,21.339639356994454,20.61566780331402,19.91528605736611,19.238494130641836,18.585292023585296,17.955679736233947,17.349657269136276,16.767224636499378,16.208382207164217,15.673139556796102,15.161851234049873,14.621233382412335,14.092882056529831,13.640888896522638,13.159253971874085,12.689877518494002,12.296858935494798,11.874198959499056,11.463807413024641,11.130138230074916,10.71390792193522,10.298612790127393,10.012443860664552,9.643401584993848,9.275286813626309,9.036307878293812,8.714819694936999,8.34132933929173,8.085277456887074,7.8520498556162615,7.578205592657924,7.316468177439242,7.066533715667164,6.8283944741339315,6.60205016915331,6.387501158093143,6.18475701619691,5.994172292642861,5.762463144936777,5.531225991701494,5.36456192241465,5.156822276101081,4.896511964274,4.7017164649880065
COFFEE 1.6,SSP2 - Medium-Low Emissions,World,Emissions|HCFC142b,kt HCFC142b/yr,20.1767950997304,20.99876523033291,20.83048515635011,20.61755796725083,20.395063528952935,20.167232839335878,19.883952812028816,19.591141600435147,19.197580250372862,18.693290382261768,18.213502795894133,17.80828486077469,17.39162950510706,16.959422019595582,16.561776885047113,16.152784521734958,15.823976448593095,15.53984003707472,15.159701150639611,14.76977607561982,14.419657837907593,14.063727617387757,13.747720762395842,13.476469050098677,13.20494182177645,12.933407393488734,12.661872675189265,12.390337616546017,12.118793998964,11.84693714574099,11.620553842757465,11.398978555178475,11.13174590706021,10.955729325378485,10.789352812344548,10.532288290218636,10.366708138807997,10.210774649556992,9.964144885184412,9.808686937630329,9.708366634954368,9.522792722427592,9.29208953788104,9.152303370354268,9.067640229985004,8.897418568297338,8.727854715733073,8.608550256923687,8.494199898488624,8.385073007143156,8.281480881256684,8.137636357053156,7.994188522459868,7.900993424488031,7.812751854009962,7.72972551285812,7.6519292845914535,7.579668090448828,7.467154837492333,7.355046832543674,7.293504786670198,7.191442375690134,7.089778290462776,7.038679885016079,6.947060775076481,6.855831446130497,6.814854929021647,6.77884080363155,6.748363345796681,6.677946456194857,6.562452366425294,6.492394438974768,6.472634164147284,6.4123466084343415,6.352457267736479,6.3431376434327245,6.29344550323235,6.222596228619819
COFFEE 1.6,SSP2 - Medium-Low Emissions,World,Emissions|HCFC22,kt HCFC22/yr,324.52686644110815,323.79894347811626,316.2075416215573,306.3500012866981,295.7440970778391,285.9463528609222,276.8902029699374,266.1473800154359,251.39046885094336,235.2227184513071,220.1633923261291,206.2420066591857,193.37877842436995,181.4234646277703,170.32906160933376,160.03414283306466,150.54415176531865,141.58932622537392,132.8415504922424,124.51765874475328,116.78530758596345,109.64571820741008,103.06765896936665,96.96214981409365,91.3180839616102,86.03884238367266,81.09285979664851,76.57206659502573,72.41804386277806,68.51448093591173,64.94088762996715,61.63157514759485,58.49622067769245,55.65246874387132,53.02815606165101,50.53282862727205,48.238221448632736,46.14403657000368,44.16549029397469,42.32904655591673,40.67339104195781,39.11378385964289,37.63753569461493,36.27651768521669,35.063284581324844,33.9586184296189,32.87146495784083,31.867301784487843,30.945173743146285,30.05291590818018,29.26201366612693,28.571907816700264,27.93748599768213,27.313214151974186,26.685921492678,26.126868353684106,25.635475117789788,25.166090688272984,24.75146158239747,24.39151398248112,24.00145518044566,23.60721025122536,23.325730774813877,23.084835564957096,22.79406936184659,22.525152417902166,22.277247694852267,22.043837359230892,21.863943496678115,21.698471423612304,21.50199919078274,21.306995279827497,21.15198098161438,21.036735003116338,20.96181171912141,20.84973770565833,20.569984030713123,20.259406688515277
COFFEE 1.6,SSP2 - Medium-Low Emissions,World,Emissions|Halon1202,kt Halon1202/yr,0.0,0.0,0.0,0.0,0.0,0.0,0.0,0.0,0.0,0.0,0.0,0.0,0.0,0.0,0.0,0.0,0.0,0.0,0.0,0.0,0.0,0.0,0.0,0.0,0.0,0.0,0.0,0.0,0.0,0.0,0.0,0.0,0.0,0.0,0.0,0.0,0.0,0.0,0.0,0.0,0.0,0.0,0.0,0.0,0.0,0.0,0.0,0.0,0.0,0.0,0.0,0.0,0.0,0.0,0.0,0.0,0.0,0.0,0.0,0.0,0.0,0.0,0.0,0.0,0.0,0.0,0.0,0.0,0.0,0.0,0.0,0.0,0.0,0.0,0.0,0.0,0.0,0.0
COFFEE 1.6,SSP2 - Medium-Low Emissions,World,Emissions|Halon1211,kt Halon1211/yr,2.5629780595462877,2.4712891970912034,2.3049559661305286,2.2133932337706494,2.2052186551051003,2.1314620897892014,1.9840317941682577,1.8370398607072564,1.6895301713268511,1.6163497995337406,1.6265456441783313,1.571144478684467,1.4415410640311543,1.3867330434716283,1.415814510213082,1.30394057824857,1.1842035084230869,1.2229118441177844,1.1202340394119155,1.0096686215127464,1.0570473117745744,1.0384137951321721,0.946095594062938,0.8542153332482519,0.7618173010952668,0.7437486075445972,0.8090566922449551,0.8087823529311866,0.7348342873021569,0.6613251249280185,0.5873122711151092,0.5881437157136237,0.5974934696119245,0.5322129423783267,0.5422183958905308,0.5607675971349987,0.5052019145712344,0.45006376065474235,0.3944214980005733,0.41362405859328116,0.44135899150789065,0.39497860244936805,0.34902572516181185,0.3025687385174458,0.3309565758986573,0.3678768064668008,0.33068225677475455,0.29392928252466444,0.2571871580705502,0.22043138786330418,0.18316013285812763,0.22073326294080572,0.26683874927063184,0.23882893384322856,0.21124717187471057,0.1831753642194398,0.23046333974371305,0.21142523870715196,0.10922448022927368,0.15642448340747162,0.21172665890103265,0.19290310079133852,0.17452071708209385,0.15614970943309556,0.13777913994313776,0.11940858652786387,0.10103801289551048,0.08266689754427342,0.06428171771928316,0.0453815578752326,0.10133932609008744,0.16633090844090878,0.08184836167158284,0.06413338395275907,0.1295893223921132,0.04553174567256155,0.0,0.0
COFFEE 1.6,SSP2 - Medium-Low Emissions,World,Emissions|Halon1301,kt Halon1301/yr,1.232019444684855,1.1650942964906017,1.0964588434703242,1.1624279408097389,1.16185068067368,1.0932711171926428,1.0918306843491483,1.090002846817471,1.088165633365841,1.086340723347198,1.0849800173151074,1.016220449407556,0.9462106954906713,0.9429427993441856,0.9392772358964976,0.9356014141284889,0.9319252159863892,0.9282494904463314,0.9245864289281076,0.9213870981877432,0.8507762415543275,0.7784514688579286,0.8402800986416589,0.9034254657064604,0.8324198546451247,0.7605613297608567,0.7554549064699515,0.749951210428075,0.7444372705413353,0.7389229361027787,0.7334085871626694,0.7278942557313576,0.7223803940330181,0.7168787278825115,0.7118286150501398,0.6389158920402171,0.6321640399299454,0.6938557855913599,0.6205454140428319,0.6137837907112962,0.675487805817938,0.6026411498753418,0.5284680007612136,0.5884581178477369,0.6497653333894368,0.5769210976188286,0.503211284008825,0.4957898419383357,0.5553826718278035,0.6166796624801423,0.5438355394443048,0.4701388818272721,0.4631943216491509,0.4558520014616194,0.4484867728697623,0.4406574196245385,0.5002395958909643,0.5615361761818518,0.4886920373671182,0.4149953798651759,0.40805083845378853,0.4007090060872086,0.39335644207569037,0.3859908189059449,0.3781614504621931,0.43774362614310247,0.4990402064103749,0.4261960675669836,0.3524994093411609,0.3455548491394829,0.33821252895074094,0.33084730035044396,0.32301794688739677,0.38260011749845924,0.4438965509682363,0.3710472106799821,0.2980296178153028,0.2931637834586709
COFFEE 1.6,SSP2 - Medium-Low Emissions,World,Emissions|Halon2402,kt Halon2402/yr,0.0,0.0,0.07495416388724621,0.05774837255399089,0.041235771340317195,0.024741044627170843,0.008247006366278977,0.0,0.0,0.0,0.0,0.0,0.025215292747945733,0.13353992926056898,0.007792090211922717,0.0,0.0,0.08403413457943743,0.0,0.0,0.05019453183298867,0.041253644859564016,0.03298873840608971,0.024741043565301157,0.016494011691749914,0.008247005352910475,0.0,0.0,0.0,0.0,0.0,0.0,0.06728334530346113,0.06625746790142538,0.0,0.0,0.0,0.03346227175522507,0.15003397297402318,0.032533992687786895,0.0,0.017781059768239967,0.016750823374858975,0.0,0.0004556584675111974,0.11704520021948496,0.0,0.0,0.0,0.0997190566480942,0.09983940679258946,0.0,0.0,0.0,0.08322504495584535,0.08334539607134435,0.0,0.0,0.0,0.06670716646742536,0.06599629752861168,0.06600069056673803,0.06683207983467,0.0,0.0,0.0,0.05021312033422133,0.049501366229099925,0.04948277797937254,0.04948209603440042,0.04948295371483245,0.04950593535104428,0.05033804310713873,0.0,0.0,0.0,0.02564393220926879,0.008322380584569461
COFFEE 1.6,SSP2 - Medium-Low Emissions,World,Emissions|C3F8,kt C3F8/yr,0.7211779763531168,0.6918177433043052,0.6624575102554936,0.5816112158524582,0.5007649214494229,0.4199186270463876,0.33907233264335224,0.25822603824031687,0.2351908041749276,0.21215557010953837,0.1891203360441491,0.16608510197875984,0.14304986791337057,0.13692829668817133,0.1308067254629721,0.12468515423777285,0.1185635830125736,0.11244201178737435,0.13471222399287414,0.15698243619837393,0.17925264840387375,0.20152286060937355,0.22379307281487335,0.20755949911977906,0.19132592542468474,0.1750923517295904,0.15885877803449608,0.1426252043394018,0.13405260518131615,0.12548000602323053,0.1169074068651449,0.10833480770705928,0.09976220854897366,0.09118960939088805,0.08261701023280242,0.0740444110747168,0.06547181191663119,0.05689921275854555,0.055137663576365493,0.053376114394185444,0.05161456521200539,0.04985301602982533,0.04809146684764528,0.04632991766546522,0.044568368483285166,0.042806819301105116,0.04104527011892505,0.039283720936744995,0.03763388569406796,0.03598405045139092,0.03433421520871389,0.03268437996603685,0.031034544723359814,0.029384709480682777,0.027734874238005736,0.0260850389953287,0.024435203752651666,0.022785368509974625,0.02159208394763682,0.020398799385299017,0.01920551482296121,0.018012230260623405,0.0168189456982856,0.015625661135947794,0.014432376573609991,0.013239092011272187,0.012045807448934383,0.010852522886596577,0.010564951967253666,0.010277381047910756,0.009989810128567846,0.009702239209224934,0.009414668289882024,0.009127097370539112,0.008839526451196202,0.00855195553185329,0.00826438461251038,0.00797681369316747
COFFEE 1.6,SSP2 - Medium-Low Emissions,World,Emissions|C4F10,kt C4F10/yr,0.10158640147930745,0.09745066727801481,0.09331493307672215,0.08192678148219856,0.07053862988767498,0.05915047829315142,0.04776232669862784,0.036374175104104255,0.03312939141316322,0.029884607722222185,0.02663982403128115,0.023395040340340116,0.020150256649399078,0.01928796133179668,0.01842566601419428,0.017563370696591883,0.01670107537898948,0.015838780061387083,0.018975801424099274,0.022112822786811464,0.02524984414952366,0.02838686551223585,0.031523886874948046,0.02923719705786147,0.026950507240774895,0.024663817423688315,0.02237712760660174,0.020090437789515164,0.01888288635512686,0.017675334920738563,0.01646778348635026,0.015260232051961956,0.014052680617573655,0.012845129183185354,0.011637577748797052,0.010430026314408751,0.009222474880020448,0.008014923445632146,0.00776678852150231,0.007518653597372475,0.00727051867324264,0.007022383749112805,0.006774248824982969,0.006526113900853134,0.0062779789767232995,0.006029844052593464,0.005781709128463627,0.005533574204333792,0.005301175502719482,0.005068776801105172,0.004836378099490861,0.004603979397876551,0.004371580696262241,0.0041391819946479304,0.00390678329303362,0.00367438459141931,0.003441985889805,0.0032095871881906895,0.0030414990204935756,0.0028734108527964618,0.0027053226850993475,0.0025372345174022337,0.00236914634970512,0.002201058182008006,0.002032970014310892,0.0018648818466137785,0.0016967936789166647,0.0015287055112195506,0.0014881977644163695,0.0014476900176131889,0.001407182270810008,0.0013666745240068269,0.001326166777203646,0.001285659030400465,0.0012451512835972842,0.0012046435367941031,0.0011641357899909222,0.0011236280431877414
COFFEE 1.6,SSP2 - Medium-Low Emissions,World,Emissions|C5F12,kt C5F12/yr,0.06138279350541075,0.05888380825960576,0.05638482301380077,0.049503620928132396,0.042622418842464024,0.03574121675679566,0.028860014671127285,0.02197881258545891,0.020018177260549514,0.01805754193564012,0.016096906610730728,0.014136271285821334,0.01217563596091194,0.011654600717510271,0.011133565474108601,0.010612530230706931,0.010091494987305261,0.009570459743903593,0.011465980519572054,0.013361501295240516,0.015257022070908982,0.017152542846577443,0.019048063622245908,0.01766634907375152,0.016284634525257136,0.014902919976762748,0.013521205428268361,0.012139490879773975,0.011409837311335307,0.010680183742896643,0.009950530174457975,0.009220876606019309,0.008491223037580643,0.007761569469141977,0.007031915900703311,0.006302262332264645,0.005572608763825979,0.004842955195387311,0.004693021596130476,0.004543087996873641,0.004393154397616806,0.004243220798359971,0.004093287199103136,0.0039433535998463,0.0037934200005894656,0.003643486401332631,0.003493552802075795,0.00334361920281896,0.003203194093706078,0.0030627689845931965,0.002922343875480314,0.002781918766367432,0.0026414936572545507,0.0025010685481416687,0.0023606434390287864,0.0022202183299159044,0.002079793220803023,0.0019393681116901408,0.0018378021428379371,0.0017362361739857335,0.0016346702051335297,0.001533104236281326,0.0014315382674291225,0.0013299722985769188,0.0012284063297247152,0.0011268403608725116,0.001025274392020308,0.0009237084231681043,0.000899231932011996,0.0008747554408558881,0.00085027894969978,0.0008258024585436718,0.0008013259673875636,0.0007768494762314555,0.0007523729850753474,0.0007278964939192393,0.0007034200027631312,0.000678943511607023
COFFEE 1.6,SSP2 - Medium-Low Emissions,World,Emissions|C7F16,kt C7F16/yr,0.1864530221896798,0.1788622410459919,0.171271459902304,0.1503694961450224,0.12946753238774078,0.1085655686304592,0.0876636048731776,0.06676164111589598,0.06080612229922667,0.054850603482557346,0.048895084665888024,0.042939565849218694,0.03698404703254937,0.03540137882454392,0.03381871061653848,0.03223604240853304,0.03065337420052759,0.02907070599252215,0.034828436409525036,0.04058616682652792,0.04634389724353082,0.052101627660533716,0.0578593580775366,0.05366233740353424,0.04946531672953187,0.04526829605552949,0.04107127538152713,0.036874254707524756,0.03465789886547789,0.032441543023431024,0.03022518718138415,0.028008831339337282,0.025792475497290416,0.023576119655243546,0.021359763813196677,0.01914340797114981,0.01692705212910294,0.01471069628705607,0.014255266171990535,0.013799836056924999,0.013344405941859464,0.012888975826793929,0.012433545711728392,0.011978115596662857,0.011522685481597322,0.011067255366531786,0.010611825251466249,0.010156395136400714,0.009729847491854291,0.009303299847307869,0.008876752202761446,0.008450204558215024,0.008023656913668603,0.007597109269122181,0.007170561624575757,0.006744013980029335,0.006317466335482914,0.005890918690936491,0.005582407449224317,0.005273896207512143,0.0049653849657999675,0.004656873724087794,0.00434836248237562,0.0040398512406634455,0.0037313399989512713,0.003422828757239097,0.003114317515526923,0.0028058062738147483,0.0027314578206402763,0.0026571093674658043,0.0025827609142913322,0.0025084124611168598,0.0024340640079423873,0.002359715554767915,0.002285367101593443,0.002211018648418971,0.0021366701952444988,0.0020623217420700263
COFFEE 1.6,SSP2 - Medium-Low Emissions,World,Emissions|C8F18,kt C8F18/yr,0.13663756786871273,0.13107484830795355,0.12551212874719433,0.11019463237231916,0.094877135997444,0.07955963962256886,0.06424214324769369,0.04892464687281852,0.04456028958351581,0.04019593229421309,0.03583157500491037,0.031467217715607655,0.027102860426304932,0.025943040477315295,0.024783220528325663,0.023623400579336026,0.022463580630346387,0.021303760681356754,0.025523173546773577,0.0297425864121904,0.033961999277607235,0.03818141214302406,0.04240082500844089,0.039325140364364734,0.03624945572028858,0.033173771076212416,0.03009808643213626,0.027022401788060105,0.025398199250432053,0.02377399671280401,0.022149794175175954,0.020525591637547906,0.018901389099919858,0.017277186562291807,0.01565298402466376,0.01402878148703571,0.012404578949407661,0.010780376411779608,0.010446625515570391,0.010112874619361174,0.009779123723151956,0.009445372826942739,0.009111621930733522,0.008777871034524303,0.008444120138315086,0.00811036924210587,0.00777661834589665,0.007442867449687432,0.007130282370365627,0.006817697291043823,0.006505112211722017,0.006192527132400212,0.005879942053078408,0.005567356973756603,0.005254771894434797,0.004942186815112992,0.004629601735791188,0.004317016656469383,0.00409093168754448,0.0038648467186195765,0.003638761749694673,0.00341267678076977,0.003186591811844867,0.0029605068429199633,0.0027344218739950603,0.002508336905070157,0.002282251936145254,0.0020561669672203506,0.0020016825094343773,0.0019471980516484041,0.0018927135938624309,0.0018382291360764574,0.001783744678290484,0.0017292602205045105,0.0016747757627185373,0.001620291304932564,0.0015658068471465908,0.0015113223893606174
COFFEE 1.6,SSP2 - Medium-Low Emissions,World,Emissions|cC4F8,kt cC4F8/yr,2.2485990409858565,2.2065916251220625,2.164224682583746,1.9512060482530955,1.736614761198974,1.520450821421382,1.3027142289203197,1.0834049836957869,1.0162240027110916,0.9485461434576931,0.8803714059355917,0.811699790144787,0.742531296085279,0.725563746740197,0.7084618157297078,0.6912255030538116,0.6738548087125081,0.6563497327057977,0.7756239484219675,0.8956896589341324,1.0165468642422923,1.1381955643464472,1.2606357592465969,1.2113714210573623,1.1617514693688407,1.111775904181032,1.0614447254939363,1.0107579333075536,0.9759455718613469,0.940883762604131,0.9055725055359057,0.8700118006566714,0.8342016479664277,0.798142047465175,0.7618329991529131,0.725274503029642,0.6884665590953617,0.6514091673500721,0.6402370353768916,0.6289809964491556,0.617641050566864,0.606217197730017,0.5947094379386146,0.5831177711926568,0.5714421974921436,0.5596827168370749,0.5478393292274509,0.5359120346632713,0.5171474701896037,0.49825753520489,0.4792422297091305,0.46010155370232486,0.4408355071844731,0.4214440901555755,0.40192730261563175,0.3822851445646421,0.3625176160026064,0.3426247169295247,0.3282222075346017,0.3138196981396786,0.29941718874475554,0.28501467934983254,0.27061216995490955,0.2562096605599865,0.24180715116506346,0.22740464177014044,0.2130021323752174,0.19859962298029438,0.1932950956436286,0.18799056830696276,0.18268604097029695,0.17738151363363117,0.17207698629696536,0.16677245896029955,0.16146793162363374,0.15616340428696793,0.15085887695030215,0.1455543496136363
COFFEE 1.6,SSP2 - Medium-Low Emissions,World,Emissions|SO2F2,kt SO2F2/yr,4.594032521920711,4.508208668435696,4.421650278821672,3.986439502666094,3.5480156958075644,3.106378858246086,2.661528989981658,2.21346609101428,2.076211024249281,1.9379408032107757,1.798655427898765,1.6583548983132483,1.5170392144542257,1.4823734194023759,1.4474330739616053,1.4122181781319136,1.3767287319133006,1.340964735305767,1.5846496324524064,1.8299516043942652,2.076870651131343,2.32540677266364,2.5755599689911555,2.4749097562644713,2.3735330022775707,2.271429707030455,2.1685998705231224,2.065043492755574,1.9939195983957263,1.9222860661078132,1.8501428958918344,1.7774900877477904,1.7043276416756803,1.6306555576755053,1.5564738357472645,1.4817824758909584,1.4065814781065866,1.330870842394149,1.3080454579265477,1.2850486461519803,1.2618804070704464,1.2385407406819462,1.2150296469864799,1.1913471259840476,1.1674931776746489,1.143467802058284,1.1192709991349532,1.094902768904656,1.0565655563200984,1.0179722037147825,0.9791227110887084,0.940017078441876,0.9006553057742851,0.8610373930859362,0.8211633403768288,0.7810331476469632,0.7406468148963393,0.7000043421249571,0.6705790887331672,0.6411538353413769,0.6117285819495868,0.5823033285577969,0.5528780751660068,0.5234528217742167,0.4940275683824267,0.4646023149906366,0.4351770615988465,0.4057518082070564,0.3949143175500401,0.3840768268930237,0.3732393362360073,0.36240184557899097,0.35156435492197463,0.34072686426495824,0.32988937360794185,0.31905188295092557,0.30821439229390923,0.2973769016368928
COFFEE 1.6,SSP2 - Medium-Low Emissions,World,Emissions|HFC|HFC236fa,kt HFC236fa/yr,0.3543,0.3670899348656684,0.3798798697313368,0.3279154931418901,0.27595111655244337,0.22398673996299667,0.17202236337354998,0.1200579867841033,0.10559898361665378,0.09113998044920425,0.07668097728175471,0.06222197411430517,0.047762970946855644,0.05004699533861514,0.05233101973037464,0.05461504412213413,0.05689906851389363,0.059183092905653135,0.09933955997686345,0.13949602704807376,0.17965249411928408,0.21980896119049442,0.2599654282617047,0.2196196287944934,0.17927382932728214,0.13892802986007086,0.09858223039285956,0.05823643092564827,0.052412787833083445,0.04658914474051862,0.0407655016479538,0.03494185855538897,0.029118215462824136,0.023294572370259312,0.017470929277694485,0.011647286185129658,0.0058236430925648315,0.0,0.0,0.0,0.0,0.0,0.0,0.0,0.0,0.0,0.0,0.0,0.0,0.0,0.0,0.0,0.0,0.0,0.0,0.0,0.0,0.0,0.0,0.0,0.0,0.0,0.0,0.0,0.0,0.0,0.0,0.0,0.0,0.0,0.0,0.0,0.0,0.0,0.0,0.0,0.0,0.0
COFFEE 1.6,SSP2 - Medium-Low Emissions,World,Emissions|HFC|HFC152a,kt HFC152a/yr,54.8699,55.15497418959509,55.440048379190166,47.12555586330834,38.81106334742654,30.49657083154473,22.182078315662917,13.867585799781098,11.419303653856252,8.971021507931402,6.522739362006553,4.074457216081705,1.6261750701568585,1.632963710550954,1.6397523509450493,1.6465409913391449,1.6533296317332404,1.6601182721273355,4.855677296587299,8.05123632104726,11.246795345507222,14.442354369967184,17.637913394427148,14.453544783030084,11.269176171633022,8.08480756023596,4.900438948838899,1.7160703374418378,1.7210300852149194,1.725989832988001,1.7309495807610824,1.735909328534164,1.7408690763072456,1.7458288240803275,1.750788571853409,1.7557483196264905,1.7607080673995723,1.7656678151726537,1.7696046034326236,1.7735413916925928,1.7774781799525625,1.7814149682125322,1.7853517564725017,1.7892885447324713,1.7932253329924408,1.7971621212524105,1.8010989095123797,1.8050356977723496,1.8074380725390005,1.8098404473056513,1.8122428220723021,1.814645196838953,1.8170475716056038,1.8194499463722547,1.8218523211389055,1.8242546959055563,1.8266570706722072,1.829059445438858,1.8297879052032058,1.8305163649675529,1.8312448247319,1.8319732844962477,1.832701744260595,1.8334302040249422,1.8341586637892895,1.834887123553637,1.8356155833179846,1.836344043082332,1.8354915888503656,1.8346391346183994,1.8337866803864333,1.832934226154467,1.8320817719225004,1.831229317690534,1.830376863458568,1.8295244092266019,1.8286719549946355,1.8278195007626692
COFFEE 1.6,SSP2 - Medium-Low Emissions,World,Emissions|HFC|HFC365mfc,kt HFC365mfc/yr,5.241899999999999,5.392354395030054,5.542808790060109,5.014288362774758,4.485767935489408,3.9572475082040572,3.4287270809187063,2.9002066536333566,2.5227644798036364,2.145322305973916,1.7678801321441964,1.3904379583144764,1.0129957844847564,1.0467502232617596,1.080504662038763,1.114259100815766,1.1480135395927695,1.1817679783697728,2.2028566554884565,3.22394533260714,4.245034009725824,5.266122686844509,6.287211363963191,6.208403217128769,6.129595070294347,6.050786923459925,5.971978776625503,5.893170629791081,5.64154176387879,5.389912897966499,5.138284032054209,4.886655166141918,4.635026300229626,4.383397434317335,4.131768568405045,3.8801397024927535,3.628510836580462,3.3768819706681716,3.2003770595875474,3.023872148506923,2.8473672374262984,2.670862326345674,2.49435741526505,2.317852504184426,2.1413475931038013,1.964842682023177,1.7883377709425528,1.611832859861928,1.5077994577138738,1.4037660555658193,1.2997326534177651,1.1956992512697104,1.0916658491216562,0.9876324469736019,0.8835990448255475,0.779565642677493,0.6755322405294386,0.5714988383813843,0.5788923686326966,0.5862858988840088,0.5936794291353211,0.6010729593866334,0.6084664896379456,0.6158600198892579,0.6232535501405702,0.6306470803918824,0.6380406106431947,0.645434140894507,0.65260431427458,0.659774487654653,0.6669446610347259,0.6741148344147988,0.6812850077948718,0.6884551811749446,0.6956253545550178,0.7027955279350908,0.7099657013151637,0.7171358746952367
COFFEE 1.6,SSP2 - Medium-Low Emissions,World,Emissions|CH2Cl2,kt CH2Cl2/yr,1612.1255576209262,1652.198290556777,1692.2710234926274,1551.5024010172474,1410.7337785418672,1269.9651560664872,1129.196533591107,988.4279111157273,887.8981829706382,787.3684548255491,686.8387266804599,586.3089985353707,485.7792703902817,494.7695867598378,503.75990312939393,512.7502194989501,521.7405358685063,530.7308522380624,802.6924247386479,1074.6539972392334,1346.6155697398187,1618.5771422404043,1890.5387147409892,1869.548581347849,1848.5584479547085,1827.568314561568,1806.5781811684278,1785.5880477752874,1718.5680292464838,1651.5480107176804,1584.527992188877,1517.5079736600737,1450.48795513127,1383.4679366024666,1316.4479180736632,1249.4278995448597,1182.407881016056,1115.3878624872527,1068.376712283319,1021.3655620793851,974.3544118754511,927.3432616715172,880.3321114675834,833.3209612636496,786.3098110597156,739.2986608557817,692.2875106518478,645.2763604479138,617.5676136223117,589.8588667967094,562.1501199711073,534.4413731455052,506.7326263199029,479.0238794943008,451.31513266869865,423.6063858430964,395.89763901749427,368.18889219189214,370.15811989810027,372.1273476043084,374.0965753105165,376.0658030167247,378.0350307229328,380.004258429141,381.9734861353491,383.9427138415573,385.9119415477654,387.88116925397355,389.79090703801114,391.70064482204873,393.61038260608626,395.5201203901238,397.4298581741614,399.3395959581989,401.24933374223656,403.15907152627403,405.0688093103116,406.9785470943492
COFFEE 1.6,SSP2 - Medium-Low Emissions,World,Emissions|CHCl3,kt CHCl3/yr,400.4993804646773,394.8214768980929,389.14357333150855,373.5089064481438,357.8742395647791,342.2395726814144,326.6049057980497,310.97023891468496,306.5155114116867,302.06078390868845,297.60605640569014,293.1513289026919,288.69660139969363,287.51276573207906,286.3289300644645,285.1450943968499,283.96125872923534,282.7774230616208,287.0842048606609,291.39098665970107,295.69776845874117,300.0045502577813,304.31133205682147,301.1719609956807,298.03258993454,294.8932188733993,291.7538478122586,288.6144767511179,286.9566427940893,285.29880883706073,283.6409748800321,281.98314092300353,280.32530696597496,278.6674730089464,277.0096390519178,275.35180509488924,273.6939711378607,272.0361371808321,271.6954754984951,271.3548138161581,271.01415213382114,270.67349045148416,270.33282876914717,269.9921670868102,269.65150540447326,269.31084372213627,268.9701820397993,268.6295203574623,268.3104627603002,267.99140516313815,267.67234756597605,267.35328996881395,267.0342323716519,266.7151747744898,266.3961171773277,266.07705958016567,265.75800198300357,265.43894438584147,265.20817800666515,264.9774116274888,264.74664524831246,264.5158788691361,264.2851124899598,264.0543461107834,263.8235797316071,263.5928133524307,263.3620469732544,263.131280594078,263.0756679582427,263.0200553224074,262.9644426865721,262.90883005073687,262.85321741490156,262.79760477906626,262.74199214323096,262.68637950739566,262.63076687156035,262.57515423572505
COFFEE 1.6,SSP2 - Medium-Low Emissions,World,Emissions|NF3,kt NF3/yr,4.010291370035125,4.01349736823798,4.016587501956984,3.5727086348042016,3.1317980074332823,2.6938556198442263,2.2588814720370323,1.826875564011702,1.7162269243168782,1.606310475465437,1.497126217457379,1.3886741502927031,1.2809542739714095,1.2743527257818978,1.2677657562214324,1.2611933652900136,1.2546355529876407,1.2480923193143147,1.5470685878373307,1.8438357877633327,2.138393919092321,2.4307429818242965,2.720882975959258,2.5708997751907696,2.421953980736239,2.2740455925956673,2.1271746107690523,1.9813410352563952,1.8682511154591694,1.755959109102959,1.644465016187764,1.5337688367135838,1.4238705706804184,1.314770218088268,1.2064677789371332,1.0989632532270133,0.9922566409579082,0.8863479421298185,0.8643515518341665,0.8425006299464233,0.8207951764665892,0.7992351913946643,0.7778206747306482,0.7565516264745412,0.7354280466263432,0.714449935186054,0.6936172921536738,0.6729301175292027,0.6620734907647952,0.6512831989046023,0.6405592419486249,0.6299016198968624,0.6193103327493151,0.6087853805059827,0.5983267631668656,0.5879344807319637,0.5776085332012767,0.5673489205748049,0.5601566242075675,0.5529643278403301,0.5457720314730927,0.5385797351058553,0.5313874387386179,0.5241951423713805,0.517002846004143,0.5098105496369058,0.5026182532696684,0.4954259569024309,0.4880569621465946,0.48068796739075814,0.47331897263492173,0.4659499778790854,0.4585809831232491,0.4512119883674126,0.4438429936115762,0.4364739988557399,0.42910500409990354,0.42173600934406713
AIM 3.0,SSP2 - Low Overshoot_a,World,Emissions|BC,Mt BC/yr,7.219245244604181,7.142227540142182,7.064931533265142,7.021887170354804,6.9809069596878315,6.94147540674906,6.9032515436948625,6.867093597343281,6.751280292825893,6.634126559305415,6.517269466654348,6.399458135415351,6.2792781325375975,6.113656837458297,5.9461588857528005,5.7782912542139035,5.6086936307548925,5.436932579541169,5.30609002903932,5.175174776038922,5.0443237513655435,4.9133564019792075,4.780962520597272,4.676635694828494,4.570813960776696,4.4669964796190715,4.361536435872439,4.255975831144889,4.172797253259297,4.089034070921137,4.004292630240003,3.9203043031664815,3.8370815012776447,3.75076961355343,3.665655629021981,3.5804141269168754,3.4937107696319423,3.408120480714665,3.3513826143575605,3.29529241313581,3.2378834086324457,3.1813522572795234,3.1247097628963982,3.070420811315922,3.0150315623537516,2.9616457754132313,2.9068892550257117,2.852842603324497,2.8299560058488327,2.8076567436393303,2.7846415343971147,2.762130684839237,2.73931138930468,2.718352543583861,2.696621128131399,2.673957299552761,2.6517794807447235,2.6297556064653804,2.6040772848894145,2.580395764915558,2.55666249041448,2.5324614919602872,2.507034845558514,2.491155143363641,2.476428551327517,2.4611171003954238,2.4458687728648147,2.4308156954345277,2.4076943827050843,2.3845835926662144,2.3613241947735806,2.338704459708652,2.315585782212734,2.2703908945495135,2.2260225474057513,2.180494771434846,2.135872230814532,2.0907215908787355
AIM 3.0,SSP2 - Low Overshoot_a,World,Emissions|CH4,Mt CH4/yr,363.48990132891083,368.4866692697811,373.48968495850534,374.36882121729036,375.2688671211172,376.1762394943987,377.0955377072388,378.02134826957683,379.5125814767222,381.0164361217344,382.5103628446183,384.0194435052032,385.5193634467904,366.9353515133269,348.3489967245559,329.76703508238404,311.1823130967077,292.59911242505825,285.57295201633076,278.5426298849049,271.51140444123865,264.48215478736887,257.45452052013053,253.67155355009567,249.88883998762333,246.10585712382016,242.31811220424717,238.53863444436007,235.47039408160447,232.41186266763413,229.34831512748602,226.27547331691068,223.22066226005455,221.12254720798074,219.02668787462997,216.9357421042025,214.84348473143547,212.7585761988645,210.2989803318009,207.8339325261245,205.3631853688745,202.89819358915483,200.43334760813894,199.56868897548375,198.69817132459383,197.83406837298043,196.9660082682501,196.09742133962538,196.8741967657477,197.64281370152855,198.4310191348851,199.20043617992505,199.97371114652347,200.37066660709047,200.76120295340962,201.16344408657312,201.56216388041767,201.95846396913151,202.47159280400223,202.98438201118057,203.50495673325378,204.0158213639645,204.53323125729457,206.02593179333513,207.5283963674045,209.0290936761201,210.5313992571657,212.03100911385746,212.65547326640075,213.28682657707728,213.92113013676826,214.54834608799442,215.18209967944438,215.57641015095285,215.98480563748404,216.38529212837292,216.79102790246668,217.19135903018312
AIM 3.0,SSP2 - Low Overshoot_a,World,Emissions|CO,Mt CO/yr,774.0534343017323,761.1298731421666,748.2074126487078,746.8294964702179,745.4591919668792,744.1043249467517,742.7546593992464,741.4146543423415,730.0297578987036,718.6551697204554,707.2896039195135,695.935246359347,684.5892414242128,668.6195087175345,652.6460378520937,636.6626986990439,620.6752638750148,604.6844240664705,592.5267940657143,580.373438443774,568.2283827268222,556.0903759991916,543.9556598658733,533.8014221500823,523.6544889559734,513.5111366070057,503.3751936021398,493.23826744439367,488.9044633932557,484.5697915405657,480.23578082029127,475.90157098473213,471.56848078294126,465.78809525982103,460.0075545750724,454.2308121854521,448.45330570794624,442.67689100939907,440.2525861405635,437.82740252865375,435.4075077588572,432.98841730986754,430.5706876941319,426.74578126819614,422.9186454398837,419.0965691387216,415.276163564799,411.458739351011,411.21179521772115,410.9666961787575,410.7224621356952,410.4796021545886,410.24217137995765,408.3141645906998,406.3872334408571,404.46027269107174,402.53728820346055,400.6106160741251,397.08232517296585,393.55071373209006,390.0156615339142,386.4856810756491,382.953574779959,381.8321742142495,380.7095291812208,379.5859143833193,378.45953750076933,377.3377331865137,375.2584238589277,373.17774064991863,371.0959261516215,369.0182507933805,366.93701240723107,364.62289652585133,362.31152275800537,359.9969021662457,357.6861205080021,355.3692416967061
AIM 3.0,SSP2 - Low Overshoot_a,World,Emissions|CO2|Energy and Industrial Processes,Mt CO2/yr,38712.21703981296,39464.40705336704,40217.663289258926,39684.806939892704,39147.408019298426,38605.51344239398,38059.027628075215,37507.951142895356,37750.97967608287,37992.60760990592,38232.90940865904,38471.850417773734,38709.33376571285,36349.54818892267,33986.22381871896,31619.57946401126,29249.444723183635,26875.898972410043,25743.180634285018,24610.49946723491,23478.143516122065,22346.09484540477,21214.091650496222,20220.4925123455,19227.113466508512,18233.98573048315,17241.034839991982,16248.389510194998,15106.019548882765,13964.468572281918,12823.735563210274,11683.81030421545,10544.565143196935,9486.293765145849,8428.945651196782,7372.474032096637,6317.0659435551515,5262.443869753371,4079.323313785266,2897.441811696803,1716.8463394251714,537.5364265060027,-640.4001450755353,-1488.1728396110282,-2334.8341158817407,-3180.4730285672103,-4025.099839020978,-4868.519484382313,-6036.53036589295,-7204.417561721383,-8372.199208275966,-9539.941380551496,-10707.66218336044,-11117.837408026615,-11528.082651278202,-11938.30417098103,-12348.4627891222,-12758.599912294572,-14075.400976374098,-15392.196847521924,-16708.945542132817,-18025.73966231788,-19342.53725494796,-20237.278061065732,-21132.31921064205,-22027.3106009784,-22922.262562417072,-23817.25246157105,-23724.63185272261,-23631.8719513115,-23539.201288566066,-23446.57753881096,-23353.820185673158,-23321.839081218328,-23289.85812773369,-23257.78826369815,-23225.805028575793,-23193.82166323018
AIM 3.0,SSP2 - Low Overshoot_a,World,Emissions|N2O,kt N2O/yr,11289.003670665756,11358.599528199717,11428.225619520055,11421.62359913516,11414.95197749699,11408.198999229135,11401.367862574489,11394.463334713842,11484.715189272216,11574.785542434285,11664.674749139645,11754.38355902388,11843.903479228014,11466.59639979095,11089.636063881379,10713.030167139419,10336.766087288861,9960.856028305876,9847.84309821418,9734.918654680176,9622.073370177326,9509.313288531524,9396.641667634764,9358.221268138564,9319.827740571625,9281.455345484865,9243.108440400196,9204.780430849602,9159.806008937809,9114.861462175544,9069.943534426855,9025.05602236756,8980.192202361466,8939.20039204249,8898.25668372935,8857.364270860351,8816.513672462108,8775.709481942165,8738.798270341618,8701.931463602317,8665.093584694801,8628.298468601039,8591.54158910511,8598.220278087138,8604.932356019024,8611.68238365623,8618.46195313581,8625.278092745697,8666.673979098812,8708.077957097617,8749.48432011035,8790.898466612653,8832.318422445758,8864.558785304544,8896.80491389116,8929.066331945185,8961.324267035718,8993.601319822268,9021.316450562763,9049.031134026049,9076.75098891724,9104.465462225375,9132.180989880204,9188.80839282674,9245.440138313377,9302.07208523233,9358.698566444556,9415.331707765681,9438.637949000453,9461.943861508385,9485.253293799684,9508.562409932458,9531.869956353656,9550.115331175202,9568.36173640407,9586.606229306097,9604.85079038697,9623.096216722806
AIM 3.0,SSP2 - Low Overshoot_a,World,Emissions|NH3,Mt NH3/yr,69.11340089954984,69.66427665182412,70.21635930752288,70.98193011999875,71.74649800422353,72.51098539702579,73.27586856256288,74.03922323835269,74.6603904654147,75.28211997943356,75.90377420464449,76.52541473873838,77.14668590388789,76.58481647257113,76.0210307206428,75.45641563678303,74.89117910138646,74.32454778120392,74.28455417902319,74.24397321406589,74.2021721975863,74.15725444966684,74.1111242952857,74.05005475161411,73.98810440226485,73.9273400513165,73.86582005341872,73.80497148925468,73.73657122861205,73.66755349171157,73.59634610889655,73.52257975794079,73.44885075532851,73.56483474190492,73.67923504008365,73.79185971619462,73.90569731519153,74.01809875465764,74.35334018735762,74.68874622438776,75.0236111369986,75.3596362427625,75.69455599401418,76.03623787736205,76.37838972807867,76.72107428196011,77.06258067901541,77.40427526294509,77.63840580822495,77.87343099871072,78.10877877598516,78.34182318208153,78.57615580249261,78.75872515948369,78.94172636688242,79.12427911047537,79.30652471562561,79.4878778729,79.62938974918549,79.77090493019563,79.9123606864488,80.05269588168326,80.19542679050736,80.4878404027131,80.78069529809426,81.07351875760662,81.36721890227605,81.66011438251904,81.76576597355442,81.87102040596577,81.97576021530632,82.08217986296265,82.18691833291248,82.16206875547425,82.13675396457326,82.11238733882342,82.0880855735103,82.06324019743988
AIM 3.0,SSP2 - Low Overshoot_a,World,Emissions|NOx,Mt NO2/yr,127.51049405918616,126.47646381846468,125.44735941558619,123.94964762704632,122.45294756527771,120.95607306502671,119.46011296521624,117.96268080362414,117.86515162438305,117.7681216730891,117.67054391709064,117.5703681976923,117.47146876557596,114.21574682911594,110.97241167131648,107.73929006870831,104.51572913959897,101.30634395395266,99.49397168114861,97.6833147405086,95.87598156629804,94.07391962056721,92.27344976826475,89.8820617212136,87.49590850506124,85.11425892940846,82.73826977788364,80.36625888756635,79.1190851928875,77.87464119168672,76.6317964074175,75.38964549540856,74.15075366534292,72.83353489681498,71.51834913734841,70.2045013590071,68.8925572464028,67.58267038760088,65.9914926044093,64.40104621268915,62.813149303548926,61.225841034474996,59.63954905980568,58.85136444560101,58.06613612882431,57.28274343964914,56.49939902349274,55.71839460010921,55.26661834559549,54.818730330408144,54.369547658945315,53.92179348673077,53.47458715970848,53.15120665759147,52.82901863897456,52.50706412336486,52.18524315620712,51.8660885808341,51.59238946894431,51.31955103344446,51.046894912100605,50.7736268597351,50.50049870099002,50.26152699405963,50.020503476359565,49.781542860575584,49.54316975930179,49.302500282967316,49.049909171219,48.79591558746053,48.54257741931037,48.28892389550829,48.036703258222204,47.753179082254974,47.469631306677684,47.18578640028365,46.903383702688785,46.62004462274342
AIM 3.0,SSP2 - Low Overshoot_a,World,Emissions|OC,Mt OC/yr,34.14789091300629,33.625411254466954,33.10551783293827,32.578292781152705,32.052107223322274,31.520655016390037,30.98835501167121,30.453577766770366,29.79475174148414,29.134625816250086,28.477542036597413,27.816921422116128,27.159692883410038,26.833973213875765,26.507081798372536,26.18111798642039,25.85500662102052,25.527878080316576,25.221128910279504,24.91631785381319,24.61134971032446,24.307749910521924,24.003979377159585,23.729324426857822,23.455239986732252,23.180907651399146,22.907618343666925,22.63368248501832,22.59343330841643,22.549742214524223,22.50894674734856,22.467743267121836,22.427789712241196,22.238765403025393,22.050626846397442,21.85954015305434,21.670777091669,21.483026750142567,21.764911808341928,22.04870133533435,22.33316853097913,22.61640083461652,22.899423177038088,22.78057468259929,22.660843354756746,22.542545528275575,22.423410254132868,22.304646252352292,22.271714730210014,22.23899822402744,22.208717274750494,22.176388717998726,22.145035014372752,22.045901696161295,21.94744329722961,21.849824696147593,21.75251052516411,21.654395358181898,21.436354932087866,21.21631852118191,20.998180273174313,20.777870447073642,20.558958219741747,20.49001944724002,20.421695458089825,20.354345454975295,20.28529371525938,20.21670929261201,20.069800286710443,19.921318248820928,19.7750143177457,19.628594056208783,19.480227609027366,19.33223944182412,19.185278579644276,19.03887415307201,18.891053973974987,18.744510158275553
AIM 3.0,SSP2 - Low Overshoot_a,World,Emissions|Sulfur,Mt SO2/yr,71.9020378409034,71.59164002963874,71.28464250279501,69.76879163219901,68.26270422673818,66.76693273334836,65.28120592389153,63.80816165224762,63.50310775883393,63.19836826045608,62.89355185906827,62.587377405067954,62.28075623779155,58.45128572548248,54.625559800736866,50.801103440325875,46.979599960651164,43.16111971295113,41.73936915333981,40.31681311498532,38.891309145467865,37.46775002689381,36.04044315082916,35.09979329081305,34.1593323453722,33.21960102358061,32.279624809240374,31.338963715383176,30.621487818501087,29.90356963543772,29.186688185607874,28.470415113450223,27.75571220072058,26.916560886037495,26.07903159110037,25.241320475690287,24.40460313181189,23.56755419002967,22.382685406677634,21.196824578445437,20.01340210665812,18.830275783397013,17.64738390978989,17.40597529010386,17.16458455971673,16.924401346310944,16.684185502016593,16.443467623120327,16.393349238737322,16.343906197393494,16.29275764213142,16.24265890466395,16.19232999641465,16.192802894785338,16.1938744293016,16.193754847661882,16.194670439807307,16.194603729753425,16.16989390008856,16.14676802595206,16.122790097438717,16.09692010664265,16.073796798883095,16.029207395430166,15.98453933913661,15.941164886120653,15.896007454412713,15.853384354576157,15.798987288400479,15.74428212408345,15.690556549322476,15.635549350196182,15.581661867052343,15.534166271538485,15.487778556001249,15.43941077412518,15.392178974125557,15.345550507647589
AIM 3.0,SSP2 - Low Overshoot_a,World,Emissions|VOC,Mt VOC/yr,191.24428648185568,189.92635914559844,188.56364845899043,188.2413720870988,187.92242981521485,187.61175819435044,187.3051893867942,187.00503388919353,185.5117306786242,184.06717137174178,182.57001298653114,181.1275703761023,179.63751495933795,175.56984916666426,171.49829587748772,167.42558275510203,163.3503321224585,159.27067855703876,156.68806306538957,154.10455834056728,151.52492029809042,148.94176132570504,146.36033028439562,144.2415726370308,142.12026981514572,140.00152533643066,137.8806327785562,135.76385994305133,134.83963760986762,133.91305251728753,133.03665970891154,132.1116514499376,131.18410559052336,129.94362633782896,128.69737829702984,127.45866322287488,126.21516112768623,124.97686921306499,123.193784256058,121.45985377357236,119.67678686784258,117.94684883380538,116.14133874780141,115.2428289683279,114.30037075564509,113.4017771873159,112.50483212577025,111.6115482724593,111.71025390906729,111.75865807367849,111.78148132810358,111.8307586944997,111.8550885054987,111.40997190712079,110.96264896967048,110.5142877223264,110.06766028111872,109.6245983792039,108.79235417583664,107.95861753196459,107.20090493620803,106.36773645882064,105.5390265514358,105.18367013576201,104.82577724473921,104.47100882616758,104.1154756027551,103.76085623095997,103.11099526165557,102.53387588250149,101.95960664878353,101.37947703705709,100.80450759707449,100.17050906897553,99.53627449978403,98.90532050030629,98.26998476582297,97.63575873095789
AIM 3.0,SSP2 - Low Overshoot_a,World,Emissions|C2F6,kt C2F6/yr,2.4318727086493497,2.2945988467306226,2.157324984811896,2.019867109673439,1.8824552378399142,1.7450433660063898,1.6076314941728653,1.4702196223393407,1.4025947640884935,1.3349239025327135,1.2672990442818661,1.1996741860310187,1.132003324475239,1.0635504067356056,0.9950514856910397,0.926552564646474,0.8580996469068407,0.789600725862275,0.7361448855306527,0.6826890451990305,0.629279208172341,0.5758233678407187,0.5223675275090964,0.4692337103120021,0.41605388980997526,0.3629200726128809,0.30974025211085393,0.2566064349137596,0.24643970452366623,0.2362269708286403,0.22606024043854692,0.21589351004845353,0.20572677965836017,0.19565205587813186,0.18562333540283615,0.17554861162260785,0.16551989114731214,0.15544516736708386,0.15227093932673794,0.14909671128639204,0.14592248324604618,0.1427022519007677,0.13952802386042182,0.13649180573487357,0.13345558760932533,0.13041936948377708,0.12738315135822884,0.12434693323268058,0.11744643749279819,0.11059194505784835,0.10369144931796596,0.09679095357808358,0.08993646114313374,0.0830819687081839,0.07622747627323408,0.06941898714321679,0.06256449470826696,0.055710002273317114,0.05308781389216181,0.050419622206073954,0.04779743382491865,0.045129242138830794,0.04250705375767549,0.04057491495050842,0.038688779448273904,0.03680264394603938,0.03487050513887232,0.0329843696366378,0.03247833328237976,0.031972296928121716,0.031466260573863675,0.03096022421960563,0.030454187865347593,0.02994815151108955,0.029442115156831507,0.028936078802573463,0.028476045753247973,0.02797000939898993
AIM 3.0,SSP2 - Low Overshoot_a,World,Emissions|C6F14,kt C6F14/yr,0.06299797716610878,0.061021119901052225,0.059044262635995666,0.05706102841201957,0.05508417114696301,0.05310731388190646,0.05113045661684991,0.049147222392873814,0.046685716249932424,0.04421783314807149,0.04175632700513011,0.039288443903269174,0.036826937760327784,0.03435267769954733,0.031884794597686394,0.02941053453690593,0.026942651435045005,0.024468391374264542,0.023843449400149888,0.023212130467115694,0.022587188493001044,0.02195586955996685,0.0213309275858522,0.020699608652818006,0.02006828971978382,0.019443347745669165,0.01881202881263497,0.018180709879600784,0.017868238892543457,0.017562144864405667,0.01724967387734834,0.01694357984921055,0.016631108862153226,0.016325014834015435,0.01601892080587765,0.015712826777739854,0.015406732749602066,0.015100638721464277,0.014845560364682786,0.014590482007901294,0.014335403651119802,0.014080325294338314,0.013825246937556821,0.013570168580775331,0.013315090223993839,0.013060011867212349,0.012804933510430857,0.012549855153649364,0.012301153755787412,0.01204607539900592,0.01179099704222443,0.011535918685442938,0.011280840328661447,0.011032138930799493,0.010777060574018001,0.010528359176156047,0.010273280819374557,0.010024579421512603,0.009769501064731111,0.009520799666869159,0.009265721310087667,0.009010642953306176,0.00876194155544422,0.008506863198662732,0.008258161800800776,0.008003083444019284,0.007748005087237795,0.007499303689375841,0.00724422533259435,0.0069891469758128575,0.006740445577950904,0.006485367221169412,0.006236665823307458,0.005981587466525968,0.005726509109744477,0.005477807711882523,0.005222729355101032,0.00496765099831954
AIM 3.0,SSP2 - Low Overshoot_a,World,Emissions|CF4,kt CF4/yr,15.117718127834522,14.549843199381039,13.980867552126815,13.40983966797661,12.83770926939956,12.264476356395665,11.690236350118363,11.11479849804208,10.693513694402908,10.271322295518557,9.848319812323771,9.424602114878518,8.999977552844172,8.56455274575161,8.12820204043327,7.691117625915608,7.25310713360956,6.814266702919,6.507474808415197,6.20010023324118,5.89214297739695,5.583603040882505,5.274383566043525,4.9676835489117535,4.660406417550685,4.352552171960319,4.044120812140657,3.735112338091699,3.630253861016078,3.5251957103178757,3.420035461901853,3.3145780537397926,3.2089209719551497,3.1043362047807284,2.9995540982976587,2.89457465250594,2.7893978674055724,2.6840237429965565,2.7017131499031573,2.719430389014344,2.7371754603301177,2.7549483638504775,2.772749099575424,2.793144987109894,2.8134745426337835,2.8339353420518534,2.8544286423023766,2.874855341198403,2.7187526578722574,2.562263392620177,2.405486647629109,2.248521884211223,2.091170269523487,1.9343283020949995,1.777200291428407,1.6196864170863199,1.4619862301622126,1.304,1.2787,1.2534,1.2281,1.2028,1.1776,1.1548,1.1320000000000001,1.1093,1.0865,1.0638,1.0473,1.0308,1.0143,0.9978,0.9813000000000001,0.9654,0.9495,0.9336000000000001,0.9178000000000001,0.9019
AIM 3.0,SSP2 - Low Overshoot_a,World,Emissions|HFC|HFC125,kt HFC125/yr,124.07430000000001,122.87408752158387,121.67329128223466,120.47424632568467,119.27520136913472,118.07615641258475,116.87769521696785,115.67865026041788,110.46099504053298,105.24392358158114,100.02685212262931,94.80978066367746,89.59270920472564,84.31726165246562,79.04181410020561,73.7663665479456,68.49091899568558,63.216055204358646,64.05783846986257,64.8996217353665,65.7414050008704,66.58318826637434,67.42497153187826,68.26091718805137,69.09686284422446,69.93280850039756,70.76875415657067,71.60528357367686,67.94043243578946,64.27616505883515,60.61189768188084,56.94704654399345,53.28277916703914,49.66346138193213,46.04355983589203,42.42424205078502,38.80434050474492,35.185022719637914,33.09632610107131,31.00762948250472,28.91893286393812,26.830236245371523,24.741539626804926,22.692538751687895,20.643537876570857,18.595120762386905,16.54611988726987,14.497702773085917,14.421230090852205,14.345341169551572,14.268868487317862,14.19297956601723,14.117090644716598,14.060465834207665,14.004424784631816,13.948383735055966,13.892342685480115,13.836301635904265,14.091405163661,14.346508691417737,14.601612219174473,14.856715746931208,15.111819274687946,15.357582627515372,15.603929741275882,15.84969309410331,16.09545644693074,16.341219799758168,16.567135280860814,16.79305076196346,17.01896624306611,17.244881724168756,17.470797205271403,17.712474231567256,17.954151257863117,18.19582828415897,18.438089071387907,18.679766097683764
AIM 3.0,SSP2 - Low Overshoot_a,World,Emissions|HFC|HFC134a,kt HFC134a/yr,291.7886,289.27239183413076,286.7477230558731,284.20198153679655,281.6475578918633,279.0845447258186,276.51303518124456,273.9328431074363,263.06369247523713,252.16211432344815,241.2280149716507,230.26158164622302,219.26272080120555,208.03075169922857,196.76578147481496,185.46781012796478,174.13683765867796,162.77286406695455,165.70225243223686,168.63929797870097,171.58409573135722,174.53645577464394,177.49647299911237,180.45050114527857,183.41205245445485,186.38122222057004,189.35810627538964,192.34251308984182,182.80791031785782,173.24596899956785,163.65649679914497,154.0395898172731,144.39524805395223,134.80079312001428,125.17911827039134,115.5303205469815,105.85420600044769,96.15087153822888,90.67906548720285,85.1917923281889,79.689052061187,74.17074683754397,68.63707222010702,63.22500074210868,57.797837835061465,52.35558349896538,46.898237733820416,41.42580053962658,41.11100816393056,40.79520519306417,40.478391627027435,40.16056746582032,39.84183203714696,39.559782442110055,39.27682444087691,38.99295803344752,38.70818321982188,38.4225,38.8936,39.3648,39.8359,40.307,40.7781,41.2409,41.7036,42.1664,42.6291,43.0919,43.5175,43.9432,44.3689,44.7945,45.2202,45.6827,46.1453,46.6078,47.0703,47.5329
AIM 3.0,SSP2 - Low Overshoot_a,World,Emissions|HFC|HFC143a,kt HFC143a/yr,35.833800000000004,35.19267497006413,34.557302964380355,33.92805402307435,33.304551808238024,32.68679631987134,32.07478755797433,31.468525522546987,29.784574055963407,28.125627934528097,26.491513159297472,24.882579302604316,23.298650791059426,21.72483137126814,20.17612669789101,18.652707620980397,17.154738692806234,15.681889234383044,15.737152231659879,15.7885413282218,15.835735291756988,15.878895525644149,15.918177135479578,15.951886555269002,15.981742542136422,16.00743960822609,16.029280092502535,16.047112038260693,15.063026166523516,14.0965048099906,13.147547968661952,12.216296578123377,11.302467192757648,10.415709604523238,9.546163045750186,8.694101515382066,7.8593872267242935,7.041888690864696,6.5445711671449915,6.057263968601754,5.57996709523499,5.1125553559149655,4.65528070734675,4.215338918265832,3.7853389886813154,3.365157301909077,2.954676539047429,2.5541329123453576,2.5061458998959374,2.458524158827603,2.4112676891403533,2.3643764908341893,2.317850563909111,2.2749851396205254,2.232282647748498,2.1899541094122834,2.1477916523838427,2.106,2.1448,2.1837,2.2225,2.2614,2.3002000000000002,2.3376,2.3751,2.4125,2.4499,2.4873,2.5217,2.5561,2.5905,2.6248,2.6592000000000002,2.696,2.7328,2.7696,2.8064,2.8432
AIM 3.0,SSP2 - Low Overshoot_a,World,Emissions|HFC|HFC227ea,kt HFC227ea/yr,6.645300000000001,5.852907967096209,5.060858191337805,4.268846138070364,3.4772781957378536,2.6860528813086395,1.8953731893658297,1.105036182365993,1.0601105709870333,1.015210057066508,0.9703346406044168,0.92548432160076,0.8805578166627765,0.83474517236661,0.788856969572578,0.7430956895066847,0.6972589079826038,0.6515489921469833,0.6707788238987131,0.690098787786104,0.7093066877815429,0.7286046628729648,0.7477906311121129,0.7669656477330352,0.7860287715810401,0.8050810008504976,0.8242232196564205,0.8432536312489437,0.8417044248946269,0.8401559600561275,0.8386082367334455,0.837061254926581,0.8355150146355337,0.8336674624318866,0.8318208228630913,0.8299750959291485,0.8281302816300578,0.8262863799658192,0.8222314696436765,0.8181787268293076,0.8141281515227126,0.8100797437238915,0.8060335034328444,0.803093822704797,0.8001556820480626,0.7972190814626411,0.7942840209485329,0.7913505005057375,0.7887192901699118,0.7859892206276512,0.7833607767162208,0.780733701757069,0.7781079957501952,0.7756838868543128,0.7732610328313521,0.7709394907209912,0.7685191179240347,0.7661,0.7625000000000001,0.7588,0.7552,0.7516,0.7479,0.7439,0.7399,0.7358,0.7318,0.7278,0.7239,0.7201000000000001,0.7163,0.7124,0.7086,0.7054,0.7023,0.6992,0.6961,0.6929000000000001
AIM 3.0,SSP2 - Low Overshoot_a,World,Emissions|HFC|HFC23,kt HFC23/yr,14.051843086776303,13.484949066848378,12.919752334405267,12.351161026992528,11.780872432094977,11.212281124682239,10.6436898172695,10.075098509856762,9.713576275591349,9.350356753841123,8.987137232090895,8.625614997825481,8.262395476075255,7.888992229416144,7.513891695272218,7.140488448613106,6.767085201953994,6.391984667810068,6.15945628239053,5.925230609486179,5.691004936581827,5.458476551162288,5.224250878257937,4.9917224928384,4.760891394903676,4.528363009484138,4.295834624064599,4.063306238645062,3.886788340224391,3.71027044180372,3.5320552558982348,3.355537357477564,3.1790194590568928,3.0008042731514077,2.8225890872459223,2.6460711888252515,2.467856002919766,2.2913381044990953,2.179317130501362,2.065598869018814,1.9535778950210803,1.8415569210233467,1.7295359470256133,1.620909547997508,1.5122831489694026,1.4036567499412975,1.2950303509131924,1.1881012393699013,1.1286961774014062,1.069291115432911,1.009886053464416,0.9504809914959209,0.8910759295274259,0.8316708675589308,0.7722658055904357,0.7128607436219407,0.6534556816534456,0.5940506196849507,0.5940506196849507,0.5940506196849507,0.5940506196849507,0.5940506196849507,0.5940506196849507,0.5940506196849507,0.5940506196849507,0.5940506196849507,0.5940506196849507,0.5940506196849507,0.5940506196849507,0.5940506196849507,0.5940506196849507,0.5940506196849507,0.5940506196849507,0.5940506196849507,0.5940506196849507,0.5940506196849507,0.5940506196849507,0.5940506196849507
AIM 3.0,SSP2 - Low Overshoot_a,World,Emissions|HFC|HFC245fa,kt HFC245fa/yr,15.5045,14.171724345085748,12.829478334488611,11.477508428072333,10.116151245405506,8.74523747294135,7.364851624058609,5.974993698757287,5.432472581589128,4.88619739271456,4.336254653037313,3.782471607539213,3.224934490334705,2.6632063950659144,2.0978090282587494,1.528655295430918,0.9557451965824197,0.3789902032845504,0.3537510132423044,0.3283408967877574,0.30275985392090965,0.2770078846417609,0.2510849889503113,0.22526191433975756,0.1991790980989159,0.17292650260290285,0.14650412785171846,0.12000337016689114,0.12037992449466144,0.12075647882243172,0.12113303315020202,0.12150958747797233,0.12188614180574263,0.12226269613351293,0.12263925046128321,0.12301580478905351,0.12339235911682381,0.1237689134445941,0.12414546777236439,0.12452202210013469,0.12489857642790499,0.12527513075567528,0.12565168508344557,0.12602823941121585,0.12640479373898617,0.12678134806675645,0.12715790239452673,0.12753445672229705,0.12791101105006733,0.12828756537783764,0.12866411970560793,0.1290406740333782,0.12941722836114852,0.1297937826889188,0.13017033701668912,0.1305468913444594,0.1309234456722297,0.1313,0.1313,0.1313,0.1313,0.1313,0.1313,0.1313,0.1313,0.1313,0.1313,0.1313,0.1313,0.1313,0.1313,0.1313,0.1313,0.1313,0.1313,0.1313,0.1313,0.1313
AIM 3.0,SSP2 - Low Overshoot_a,World,Emissions|HFC|HFC32,kt HFC32/yr,105.566,104.47417482452471,103.38234964904942,102.29093339686082,101.19972160631556,100.10850981577032,99.0170935635817,97.92588177303645,93.48170349323665,89.03752521343684,84.59334693363702,80.14916865383721,75.7049903740374,71.21051452997412,66.71603868591085,62.221562841847565,57.72708699778428,53.232611153721,53.89159103022978,54.550366445095214,55.20914185996064,55.86791727482608,56.52689715133485,57.18035656347325,57.83402043725499,58.48768431103673,59.14134818481848,59.79501205860023,56.712548323494325,53.630084588388414,50.54782531492586,47.465361579819955,44.383102306357394,41.33785059034072,38.2928033359674,35.24755161995073,32.202504365577404,29.157252649560732,27.416261756457338,25.67527086335394,23.934279970250543,22.1934935387905,20.452502645687105,18.74586130866608,17.0394244332884,15.332987557910721,13.626550682533042,11.920113807155364,11.848143308697068,11.776377271882119,11.704406773423822,11.632640736608872,11.560874699793922,11.50280759308325,11.444944948015928,11.387082302948604,11.329219657881282,11.271357012813956,11.463550957560544,11.655744902307132,11.848143308697068,12.040337253443653,12.232531198190241,12.417773447063016,12.60322015757914,12.788462406451911,12.973909116968034,13.15915136584081,13.327423298315747,13.495490769147338,13.663762701622275,13.831830172453865,14.000102104928802,14.180846197647933,14.361590290367063,14.542334383086196,14.723282937448673,14.904027030167805
AIM 3.0,SSP2 - Low Overshoot_a,World,Emissions|HFC|HFC43-10,kt HFC4310/yr,0.8826,0.8479645669291339,0.8134291338582678,0.7787937007874016,0.7441582677165356,0.7096228346456693,0.6749874015748032,0.640351968503937,0.6337165354330709,0.6269811023622048,0.6202456692913387,0.6136102362204725,0.6068748031496064,0.6001393700787402,0.5934039370078741,0.586668503937008,0.5800330708661418,0.5732976377952756,0.5685622047244095,0.5639267716535434,0.5592913385826772,0.5545559055118111,0.5499204724409449,0.5451850393700788,0.5405496062992127,0.5359141732283466,0.5311787401574803,0.5265433070866142,0.5214078740157481,0.5163724409448819,0.5113370078740158,0.5062015748031496,0.5011661417322836,0.4961307086614174,0.4910952755905512,0.4860598425196851,0.48102440944881897,0.47608897637795283,0.4709535433070866,0.4659181102362205,0.46088267716535436,0.45584724409448824,0.45081181102362206,0.4457763779527559,0.44074094488188975,0.43560551181102364,0.4305700787401575,0.4255346456692914,0.42049921259842526,0.4154637795275591,0.41042834645669296,0.40539291338582684,0.4003574803149607,0.3953220472440946,0.39028661417322835,0.38525118110236223,0.3802157480314961,0.37518031496063,0.37014488188976374,0.3651094488188976,0.3599740157480315,0.3549385826771654,0.34990314960629926,0.34476771653543314,0.3396322834645669,0.3344968503937008,0.3293614173228347,0.3242259842519686,0.31919055118110234,0.31405511811023623,0.3090196850393701,0.30388425196850394,0.2987488188976378,0.2937133858267717,0.2885779527559056,0.2834425196850394,0.27840708661417324,0.2732716535433071
AIM 3.0,SSP2 - Low Overshoot_a,World,Emissions|SF6,kt SF6/yr,9.3520936282727,8.940270139359896,8.533781934752428,8.132268928937787,7.736287258735978,7.345657643702712,6.960740169350492,6.581354030611102,6.307256680381832,6.036949545238974,5.770260967857883,5.507535787511773,5.248600822252073,4.987441067775937,4.73018130130907,4.476821522851468,4.227361732403133,3.981801929964064,3.8114208844809188,3.643418877505618,3.4781133050806616,3.3153447068728354,3.1549597210446407,2.9983294563900023,2.8440645086278526,2.6923182395956897,2.5430906492935157,2.3963817377213283,2.352708728347193,2.3094290719466266,2.26654276851963,2.224049818066203,2.18208833618456,2.1401073851057726,2.0985258854962687,2.0573438373560484,2.0165612406851126,1.97617809548346,1.9431586659017976,1.9103740284051347,1.8778241829934703,1.8453847356839477,1.8133059990662095,1.7832822255584686,1.7534475054178698,1.723801838644413,1.694345225238098,1.6650776651989245,1.627470037375113,1.5902801565077274,1.5535080225967688,1.5171536356422364,1.4813246187637734,1.4465468905681653,1.4122701384657699,1.3782836900890865,1.3447951685577586,1.3117,1.2959,1.2801,1.2644,1.2486,1.2328000000000001,1.2172,1.2016,1.186,1.1703999999999999,1.1548,1.1349,1.115,1.0951,1.0752,1.0553,1.0357,1.0161,0.9965,0.9769000000000001,0.9573
AIM 3.0,SSP2 - Low Overshoot_a,World,Emissions|CO2|AFOLU,Mt CO2/yr,3627.550666666666,3572.9633078740153,3518.3758490813643,3245.9437902887134,2973.5116314960624,2701.0794727034113,2428.647413910761,2156.21525511811,2054.527496325459,1952.839637532808,1851.1518787401571,1749.464119947506,1647.776261154855,1542.1895023622042,1436.6027435695532,1331.0159847769025,1225.4292259842516,1119.8423671916007,1008.1321083989496,896.4218496062988,784.7114908136479,673.0012320209969,561.2908732283461,447.22591443569513,333.16095564304425,219.0959968503933,105.03103805774239,-9.034020734908509,1.2276204724405773,11.489261679789664,21.750902887138736,32.012544094487836,42.27408530183692,45.743626509185994,49.213267716535086,52.68280892388416,56.152350131233256,59.62189133858233,-33.25766745406857,-126.13712624671949,-219.01668503937043,-311.8961438320213,-404.77570262467225,-523.6176614173231,-642.4596202099741,-761.301579002625,-880.1435377952758,-998.9854965879268,-1114.6445553805777,-1230.3035141732287,-1345.9625729658794,-1461.6216317585304,-1577.2805905511814,-1566.5594493438323,-1555.8382081364832,-1545.1170669291341,-1534.395925721785,-1523.674684514436,-1544.613443307087,-1565.5522020997378,-1586.4909608923888,-1607.4296196850396,-1628.3683784776904,-1646.9712372703414,-1665.5740960629923,-1684.1769548556433,-1702.7798136482943,-1721.382672440945,-1724.915231233596,-1728.447890026247,-1731.980548818898,-1735.5132076115488,-1739.0458664041998,-1741.7888251968504,-1744.5317839895015,-1747.2747427821523,-1750.0176015748034,-1752.7605603674544
AIM 3.0,SSP2 - Low Overshoot_a,World,Emissions|CCl4,kt CCl4/yr,40.29730841776712,37.50789908721917,34.97059468917428,32.45607274800954,30.041195560361583,27.59194199306125,25.1003211824228,23.540679165010218,23.66215085705868,24.613811336994797,25.645094446025325,26.622458514801583,27.60931923332551,28.749158685300277,29.974413939725984,31.218108892865505,32.40851712214511,33.612065815511066,34.96891841421419,36.485634433509105,37.956174790100064,39.37482685712287,40.95190533887724,42.623347422418426,44.31877940609281,46.110643080755416,47.93128464097561,49.85335365481167,51.36728428414336,51.850312775110346,51.85195053191414,51.80997896228317,51.78694343097321,51.85612873048341,51.87856612255041,51.85070620181917,51.841497605504344,51.85054296096383,51.878310586601714,51.855170227969545,51.776693435939556,51.78144795365209,51.87345182111351,51.91414012578559,51.89998637586837,51.900405539389915,51.8448915148703,51.79911357016939,51.83642505115401,51.81738141254878,51.80806316865857,51.88184734882187,51.89976881105365,51.85827829394707,51.826323495398285,51.80348142646263,51.78927554733651,51.85381417144121,51.93189632984181,51.88053888454101,51.834770506954506,51.867544817477246,51.83940711944699,51.81643753730703,51.872012602138774,51.86715411076891,51.79783384989569,51.80262979915102,51.885560418336574,51.908060368609505,51.86659058626661,51.830099183731605,51.79816319959288,51.77030586104894,51.816628879027384,51.87168624274408,51.82924793248425,51.79212136848583
AIM 3.0,SSP2 - Low Overshoot_a,World,Emissions|CFC11,kt CFC11/yr,55.9933373822983,53.80241782405459,51.58546818746797,49.40410913378708,47.38564183285938,45.47012800799574,43.66070272247559,41.89796777558573,40.11986736138354,38.45070350081469,36.95668393975873,35.45387264881994,33.94136407401444,32.544657378561475,31.26580730827029,30.045411379875464,28.822268280349824,27.59631516751976,26.429316064184206,25.38566392159573,24.342987912491264,23.300027345821253,22.382700133840764,21.530889513094426,20.68338808815452,19.84057134440808,19.00243739592171,18.168558391154544,17.40110505674327,16.70187105906349,16.008863519221865,15.384632087589534,14.831418904555655,14.22546512458261,13.56448794406249,13.034843710935645,12.578021564495089,12.006465435318288,11.442412205241045,11.011078505634611,10.65317286930226,10.182694168135024,9.657745733913039,9.32847125812272,9.011829030467798,8.580997838348285,8.222021906149994,7.936003881971055,7.6617882273667,7.337558219590392,6.961090167909114,6.656131963532225,6.42453867518518,6.142136783064996,5.8696698089486565,5.670934195580044,5.421399427189453,5.181799940785034,5.015931829807603,4.799264581687243,4.592533065554169,4.459544607157046,4.276184773891987,4.040577828936344,3.8764808493222986,3.785760922545636,3.6446723033764186,3.4517756530505834,3.268633871286459,3.094453170414534,2.99141819513695,2.962178221184874,2.8203863334615398,2.6245533158363306,2.562223806946295,2.510741483839849,2.406024616740603,2.307587746017828
AIM 3.0,SSP2 - Low Overshoot_a,World,Emissions|CFC113,kt CFC113/yr,2.030655876997793,2.6240858366639137,2.662652319897718,2.7949219159766683,3.0193159526748032,3.1671361701421197,3.2380105998685997,3.316106146152531,3.4005520740421344,3.576930662237062,3.761683898556309,3.869435018473725,4.070285513020486,4.280232370959432,4.414481717080648,4.557757528676373,4.7092747887242155,4.954707235890159,5.211143695240057,5.307898652179092,5.49891371335071,5.785290178222864,5.997293866711345,6.306205946928454,6.542774795775671,6.70609788812678,6.966084914556925,7.238161482877344,7.53222546300995,7.685412187011563,7.5984078756285625,7.51252489530035,7.597259803855794,7.684920257272982,7.6055569405096906,7.5268651045765775,7.619346442635547,7.629347581989703,7.555528313646543,7.653385144326117,7.669357670115763,7.5166878836874025,7.53405929908151,7.6383331584892415,7.574530521038472,7.597345213856787,7.622187625689949,7.563305531519856,7.591249437982175,7.535106059392503,7.564512413449311,7.681323586071191,7.6306394255409655,7.5811984700676724,7.61812437685161,7.571534565955758,7.525671667994598,7.565579223540424,7.6067929468625515,7.650368502268692,7.610928354064685,7.572243925456832,7.619913947656772,7.584067796729391,7.548949131284929,7.599616263896675,7.6521577431764936,7.621671107456661,7.591939736776478,7.648563412246485,7.621686850264612,7.596121298651233,7.571519792816804,7.5471740642224105,7.609181131040886,7.588080813032532,7.509434456162807,7.483586134518149
AIM 3.0,SSP2 - Low Overshoot_a,World,Emissions|CFC114,kt CFC114/yr,0.8739526789974016,1.124991360857382,1.1597118076759332,1.197558823360702,1.237278428031519,1.278909723338232,1.322527261165675,1.3681964839539387,1.4154823023604386,1.5423784106535925,1.6722604538929153,1.6505914115648743,1.631749242121025,1.6916077809259629,1.8311042384110665,1.9740638844651028,1.9654634086498,2.0376098729228995,2.1896846694249303,2.2680047572251962,2.3502099399371486,2.4360044686012974,2.5255205777784764,2.618906694273037,2.716317610891007,2.817914561474877,2.9238712827247912,3.0345903128233065,3.1181487709184927,3.1407494773438978,3.2106768299169763,3.203551678736577,3.119163137772521,3.189199509931403,3.2589346630646356,3.25258396675239,3.169313812086521,3.0853936751849504,3.155441701112952,3.225162205948355,3.2182641355354313,3.211822057121672,3.205391736497023,3.1989618686170047,3.1925320180284578,3.1861021679584813,3.1796723177622233,3.1732424674137394,3.166812616882547,3.1603827653713275,3.15395289214305,3.147522458839919,3.1410774888652044,3.1341002453003983,3.20449844782523,3.2755578309403224,3.1926349665263998,3.109507346166291,3.1803732092743284,3.25143028348129,3.1679755953587683,3.1622229004219107,3.23373596703449,3.15029303643003,3.1445407931448774,3.216053855187098,3.132610364084184,3.126843562321597,3.1978237905537847,3.1917412079263805,3.186103291515616,3.1804761591160875,3.1748354864843034,3.1686771032141032,3.24042668979004,3.2354652227347676,3.0780170134224134,3.0007401877581557
AIM 3.0,SSP2 - Low Overshoot_a,World,Emissions|CFC115,kt CFC115/yr,0.02762903586579991,0.026451194015621335,0.02567849283947829,0.024928545287205995,0.024647381732154753,0.0,0.0,0.022033925759928328,0.02087186770504332,0.020580077622016593,0.0,0.0,0.01796566889755181,0.016790453857752217,0.0160171124149932,0.015254003188065324,0.014491288813695215,0.013728608389312853,0.012966415817176386,0.01221687344047147,0.011935725463751415,0.0,0.0,0.009321743056220097,0.00814652803988072,0.007373186596877976,0.0066100773407833146,0.005847362214565743,0.005084662269758851,0.004321962909505099,0.003559263571638625,0.002796564234893944,0.0020338648981491113,0.0012711655612579922,0.0005084662245620604,0.0,0.0,0.0,0.0,0.0,0.0,0.0,0.0,0.0,0.0,0.0,0.0,0.0,0.0,0.058488137407676076,0.057369793001727794,0.0,0.0,0.0,0.0,0.0,0.0,0.0,0.05187807648750622,0.05075973205283015,0.0,0.0,0.0,0.0,0.0,0.0467934134372053,0.04567504953370721,0.0,0.0,0.0,0.04323413343636186,0.0421157845155211,0.0,0.0,0.0,0.03916440570355614,0.10759279189046912,0.10704327737018567
AIM 3.0,SSP2 - Low Overshoot_a,World,Emissions|CFC12,kt CFC12/yr,20.278900939592226,18.606179174024042,17.087091090287135,15.723169130971064,14.517108530948391,13.30594082283818,12.14424986865545,11.197170936303392,10.357147722136068,9.51605631768011,8.72927381365435,7.9970064146141215,7.319411319617553,6.752113222910461,6.241504017505347,5.733704419273925,5.228668337154013,4.78111978650565,4.391258695156133,4.059628441499283,3.7874946931967806,3.465571003562935,3.1483297087777404,2.890537561512363,2.6373127785032895,2.4440622290619105,2.256267870172743,2.0738972472898545,1.952408604929725,1.7822025064625084,1.6181096049826014,1.459794151031324,1.3065341519707465,1.268881733551303,1.1830781128022192,1.0488288591747075,0.975782142401148,0.8536398036371314,0.7919703927058059,0.7917670651719456,0.6886441355378514,0.5915807599600477,0.5550387272851948,0.524495641462675,0.500275671028268,0.48275346004300174,0.4168271200072218,0.35665606915406517,0.35737526750159687,0.3093670755608905,0.2670959572956266,0.2853485471284222,0.30998699155439047,0.2865998213495332,0.2146086195847539,0.14782934539701822,0.1406750641925708,0.19409051982181122,0.19915755900715723,0.15562290417877972,0.11768668752857504,0.08501643531556767,0.05723719880898043,0.08945125028921085,0.12750945427360402,0.1166533847598102,0.11176475019322962,0.057426409852778235,0.007779859114118783,0.017593117438548186,0.0323511113514315,0.05236879958766853,0.07766448253720815,0.10861521058040331,0.09049046124373215,0.022536253887595448,0.0,0.0
AIM 3.0,SSP2 - Low Overshoot_a,World,Emissions|CH3Br,kt CH3Br/yr,140.48697355742144,140.44525269558977,140.44552789065773,140.44553526678345,140.44553555090144,140.44553556184533,140.4455355622668,140.44553556228317,140.44553556228368,140.44553556228377,140.44553556228377,140.44553556228377,140.44553556228377,140.44553556228377,140.44553556228377,140.44553556228377,140.44553556228377,140.44553556228377,140.44553556228377,140.44553556228377,140.44553556228377,140.44553556228377,140.44553556228377,140.44553556228377,140.44553556228377,140.44553556228377,140.4455355622838,140.4455355622838,140.4455355622838,140.4455355622838,140.4455355622838,140.4455355622838,140.4455355622838,140.4455355622838,140.4455355622838,140.4455355622838,140.4455355622838,140.4455355622838,140.4455355622838,140.4455355622838,140.4455355622838,140.4455355622838,140.4455355622838,140.4455355622838,140.4455355622838,140.4455355622838,140.4455355622838,140.4455355622838,140.4455355622838,140.4455355622838,140.4455355622838,140.4455355622838,140.4455355622838,140.4455355622838,140.4455355622838,140.4455355622838,140.4455355622838,140.4455355622838,140.4455355622838,140.4455355622838,140.4455355622838,140.4455355622838,140.4455355622838,140.4455355622838,140.4455355622838,140.4455355622838,140.4455355622838,140.4455355622838,140.4455355622838,140.4455355622838,140.4455355622838,140.4455355622838,140.4455355622838,140.4455355622838,140.4455355622838,140.4455355622838,140.4455355622838,140.4455355622838
AIM 3.0,SSP2 - Low Overshoot_a,World,Emissions|CH3CCl3,kt CH3CCl3/yr,1.925368109001723,1.9844674761503585,2.0154698018978308,2.1218060294252017,2.243024910472932,2.2956897148545385,2.3161325589367716,2.4247006405287426,2.5840049281290907,2.7116497692464607,2.807542081710307,2.8475139863157124,3.013079890263086,3.230086462937129,3.271602684248944,3.355661802039536,3.588728993359174,3.729930324432362,3.7937884783679303,3.9840745252637815,4.203755472004259,4.309666505244396,4.398985759431091,4.615370457935042,4.861770306484262,5.055863330085132,5.258100709212486,5.468817165128237,5.63610971297282,5.694944834734323,5.693701293995421,5.692996819110059,5.692428334581721,5.691963218162901,5.6915824253478835,5.691270659033451,5.691015406382305,5.6908064231877145,5.690635322219472,5.690495236594867,5.69038054418597,5.6902866419836275,5.690209761362777,5.690146816834209,5.690095282212928,5.6900530892336265,5.690018544543911,5.689990261744071,5.689967105746074,5.689948147218406,5.689932625288731,5.689919917007609,5.689909512347006,5.689900993731403,5.689894019278835,5.68988830908003,5.689883633964643,5.689879806303956,5.68987667248037,5.689874106722683,5.689872006057913,5.689870286179114,5.689868878061389,5.6898677251921566,5.689866781302655,5.689866008511268,5.6898653758032145,5.689864857785639,5.689864433668743,5.68986408643121,5.689863802137165,5.689863569376865,5.689863378808849,5.689863222784997,5.689863095043431,5.6898629904574705,5.689862904829744,5.689862834723714
AIM 3.0,SSP2 - Low Overshoot_a,World,Emissions|CH3Cl,kt CH3Cl/yr,5376.602241275558,5376.60224106939,5376.602241061445,5376.60224106114,5376.602241061131,5376.602241061134,5376.60224106113,5376.60224106113,5376.60224106113,5376.60224106113,5376.60224106113,5376.60224106113,5376.60224106113,5376.60224106113,5376.60224106113,5376.60224106113,5376.60224106113,5376.60224106113,5376.60224106113,5376.60224106113,5376.60224106113,5376.60224106113,5376.60224106113,5376.60224106113,5376.60224106113,5376.60224106113,5376.60224106113,5376.60224106113,5376.60224106113,5376.60224106113,5376.60224106113,5376.60224106113,5376.60224106113,5376.60224106113,5376.60224106113,5376.60224106113,5376.60224106113,5376.60224106113,5376.60224106113,5376.60224106113,5376.60224106113,5376.60224106113,5376.60224106113,5376.60224106113,5376.60224106113,5376.60224106113,5376.60224106113,5376.60224106113,5376.60224106113,5376.60224106113,5376.60224106113,5376.60224106113,5376.60224106113,5376.60224106113,5376.60224106113,5376.60224106113,5376.60224106113,5376.60224106113,5376.60224106113,5376.60224106113,5376.60224106113,5376.60224106113,5376.60224106113,5376.60224106113,5376.60224106113,5376.60224106113,5376.60224106113,5376.60224106113,5376.60224106113,5376.60224106113,5376.60224106113,5376.60224106113,5376.60224106113,5376.60224106113,5376.60224106113,5376.60224106113,5376.60224106113,5376.60224106113
AIM 3.0,SSP2 - Low Overshoot_a,World,Emissions|HCFC141b,kt HCFC141b/yr,57.429165954156964,57.68077849510554,57.21480348436768,56.48325446711485,55.67114854875694,54.85164389809379,54.01528267502092,53.02714663599193,51.577653941268295,49.89520799511345,48.25223015545117,46.72383430345049,45.22743672313185,43.764690040114516,42.35851758750542,40.956329119190485,39.67628656394712,38.43573865039397,37.11848285418516,35.83011080255346,34.63457965111351,33.49081099449066,32.34670261674314,31.20220072884011,30.109878878673744,29.13435448396401,28.18162729538407,27.187908333376463,26.258851034351792,25.405839315523536,24.523177380449535,23.652763646025623,22.858343247298347,22.087200420071554,21.339639356994454,20.61566780331402,19.91528605736611,19.238494130641836,18.585292023585296,17.955679736233947,17.349657269136276,16.767224636499378,16.208382207164217,15.673139556796102,15.161851234049873,14.621233382412335,14.092882056529831,13.640888896522638,13.159253971874085,12.689877518494002,12.296858935494798,11.874198959499056,11.463807413024641,11.130138230074916,10.71390792193522,10.298612790127393,10.012443860664552,9.643401584993848,9.275286813626309,9.036307878293812,8.714819694936999,8.34132933929173,8.085277456887074,7.8520498556162615,7.578205592657924,7.316468177439242,7.066533715667164,6.8283944741339315,6.60205016915331,6.387501158093143,6.18475701619691,5.994172292642861,5.762463144936777,5.531225991701494,5.36456192241465,5.156822276101081,4.896511964274,4.7017164649880065
AIM 3.0,SSP2 - Low Overshoot_a,World,Emissions|HCFC142b,kt HCFC142b/yr,20.1767950997304,20.99876523033291,20.83048515635011,20.61755796725083,20.395063528952935,20.167232839335878,19.883952812028816,19.591141600435147,19.197580250372862,18.693290382261768,18.213502795894133,17.80828486077469,17.39162950510706,16.959422019595582,16.561776885047113,16.152784521734958,15.823976448593095,15.53984003707472,15.159701150639611,14.76977607561982,14.419657837907593,14.063727617387757,13.747720762395842,13.476469050098677,13.20494182177645,12.933407393488734,12.661872675189265,12.390337616546017,12.118793998964,11.84693714574099,11.620553842757465,11.398978555178475,11.13174590706021,10.955729325378485,10.789352812344548,10.532288290218636,10.366708138807997,10.210774649556992,9.964144885184412,9.808686937630329,9.708366634954368,9.522792722427592,9.29208953788104,9.152303370354268,9.067640229985004,8.897418568297338,8.727854715733073,8.608550256923687,8.494199898488624,8.385073007143156,8.281480881256684,8.137636357053156,7.994188522459868,7.900993424488031,7.812751854009962,7.72972551285812,7.6519292845914535,7.579668090448828,7.467154837492333,7.355046832543674,7.293504786670198,7.191442375690134,7.089778290462776,7.038679885016079,6.947060775076481,6.855831446130497,6.814854929021647,6.77884080363155,6.748363345796681,6.677946456194857,6.562452366425294,6.492394438974768,6.472634164147284,6.4123466084343415,6.352457267736479,6.3431376434327245,6.29344550323235,6.222596228619819
AIM 3.0,SSP2 - Low Overshoot_a,World,Emissions|HCFC22,kt HCFC22/yr,324.52686644110815,323.79894347811626,316.2075416215573,306.3500012866981,295.7440970778391,285.9463528609222,276.8902029699374,266.1473800154359,251.39046885094336,235.2227184513071,220.1633923261291,206.2420066591857,193.37877842436995,181.4234646277703,170.32906160933376,160.03414283306466,150.54415176531865,141.58932622537392,132.8415504922424,124.51765874475328,116.78530758596345,109.64571820741008,103.06765896936665,96.96214981409365,91.3180839616102,86.03884238367266,81.09285979664851,76.57206659502573,72.41804386277806,68.51448093591173,64.94088762996715,61.63157514759485,58.49622067769245,55.65246874387132,53.02815606165101,50.53282862727205,48.238221448632736,46.14403657000368,44.16549029397469,42.32904655591673,40.67339104195781,39.11378385964289,37.63753569461493,36.27651768521669,35.063284581324844,33.9586184296189,32.87146495784083,31.867301784487843,30.945173743146285,30.05291590818018,29.26201366612693,28.571907816700264,27.93748599768213,27.313214151974186,26.685921492678,26.126868353684106,25.635475117789788,25.166090688272984,24.75146158239747,24.39151398248112,24.00145518044566,23.60721025122536,23.325730774813877,23.084835564957096,22.79406936184659,22.525152417902166,22.277247694852267,22.043837359230892,21.863943496678115,21.698471423612304,21.50199919078274,21.306995279827497,21.15198098161438,21.036735003116338,20.96181171912141,20.84973770565833,20.569984030713123,20.259406688515277
AIM 3.0,SSP2 - Low Overshoot_a,World,Emissions|Halon1202,kt Halon1202/yr,0.0,0.0,0.0,0.0,0.0,0.0,0.0,0.0,0.0,0.0,0.0,0.0,0.0,0.0,0.0,0.0,0.0,0.0,0.0,0.0,0.0,0.0,0.0,0.0,0.0,0.0,0.0,0.0,0.0,0.0,0.0,0.0,0.0,0.0,0.0,0.0,0.0,0.0,0.0,0.0,0.0,0.0,0.0,0.0,0.0,0.0,0.0,0.0,0.0,0.0,0.0,0.0,0.0,0.0,0.0,0.0,0.0,0.0,0.0,0.0,0.0,0.0,0.0,0.0,0.0,0.0,0.0,0.0,0.0,0.0,0.0,0.0,0.0,0.0,0.0,0.0,0.0,0.0
AIM 3.0,SSP2 - Low Overshoot_a,World,Emissions|Halon1211,kt Halon1211/yr,2.5629780595462877,2.4712891970912034,2.3049559661305286,2.2133932337706494,2.2052186551051003,2.1314620897892014,1.9840317941682577,1.8370398607072564,1.6895301713268511,1.6163497995337406,1.6265456441783313,1.571144478684467,1.4415410640311543,1.3867330434716283,1.415814510213082,1.30394057824857,1.1842035084230869,1.2229118441177844,1.1202340394119155,1.0096686215127464,1.0570473117745744,1.0384137951321721,0.946095594062938,0.8542153332482519,0.7618173010952668,0.7437486075445972,0.8090566922449551,0.8087823529311866,0.7348342873021569,0.6613251249280185,0.5873122711151092,0.5881437157136237,0.5974934696119245,0.5322129423783267,0.5422183958905308,0.5607675971349987,0.5052019145712344,0.45006376065474235,0.3944214980005733,0.41362405859328116,0.44135899150789065,0.39497860244936805,0.34902572516181185,0.3025687385174458,0.3309565758986573,0.3678768064668008,0.33068225677475455,0.29392928252466444,0.2571871580705502,0.22043138786330418,0.18316013285812763,0.22073326294080572,0.26683874927063184,0.23882893384322856,0.21124717187471057,0.1831753642194398,0.23046333974371305,0.21142523870715196,0.10922448022927368,0.15642448340747162,0.21172665890103265,0.19290310079133852,0.17452071708209385,0.15614970943309556,0.13777913994313776,0.11940858652786387,0.10103801289551048,0.08266689754427342,0.06428171771928316,0.0453815578752326,0.10133932609008744,0.16633090844090878,0.08184836167158284,0.06413338395275907,0.1295893223921132,0.04553174567256155,0.0,0.0
AIM 3.0,SSP2 - Low Overshoot_a,World,Emissions|Halon1301,kt Halon1301/yr,1.232019444684855,1.1650942964906017,1.0964588434703242,1.1624279408097389,1.16185068067368,1.0932711171926428,1.0918306843491483,1.090002846817471,1.088165633365841,1.086340723347198,1.0849800173151074,1.016220449407556,0.9462106954906713,0.9429427993441856,0.9392772358964976,0.9356014141284889,0.9319252159863892,0.9282494904463314,0.9245864289281076,0.9213870981877432,0.8507762415543275,0.7784514688579286,0.8402800986416589,0.9034254657064604,0.8324198546451247,0.7605613297608567,0.7554549064699515,0.749951210428075,0.7444372705413353,0.7389229361027787,0.7334085871626694,0.7278942557313576,0.7223803940330181,0.7168787278825115,0.7118286150501398,0.6389158920402171,0.6321640399299454,0.6938557855913599,0.6205454140428319,0.6137837907112962,0.675487805817938,0.6026411498753418,0.5284680007612136,0.5884581178477369,0.6497653333894368,0.5769210976188286,0.503211284008825,0.4957898419383357,0.5553826718278035,0.6166796624801423,0.5438355394443048,0.4701388818272721,0.4631943216491509,0.4558520014616194,0.4484867728697623,0.4406574196245385,0.5002395958909643,0.5615361761818518,0.4886920373671182,0.4149953798651759,0.40805083845378853,0.4007090060872086,0.39335644207569037,0.3859908189059449,0.3781614504621931,0.43774362614310247,0.4990402064103749,0.4261960675669836,0.3524994093411609,0.3455548491394829,0.33821252895074094,0.33084730035044396,0.32301794688739677,0.38260011749845924,0.4438965509682363,0.3710472106799821,0.2980296178153028,0.2931637834586709
AIM 3.0,SSP2 - Low Overshoot_a,World,Emissions|Halon2402,kt Halon2402/yr,0.0,0.0,0.07495416388724621,0.05774837255399089,0.041235771340317195,0.024741044627170843,0.008247006366278977,0.0,0.0,0.0,0.0,0.0,0.025215292747945733,0.13353992926056898,0.007792090211922717,0.0,0.0,0.08403413457943743,0.0,0.0,0.05019453183298867,0.041253644859564016,0.03298873840608971,0.024741043565301157,0.016494011691749914,0.008247005352910475,0.0,0.0,0.0,0.0,0.0,0.0,0.06728334530346113,0.06625746790142538,0.0,0.0,0.0,0.03346227175522507,0.15003397297402318,0.032533992687786895,0.0,0.017781059768239967,0.016750823374858975,0.0,0.0004556584675111974,0.11704520021948496,0.0,0.0,0.0,0.0997190566480942,0.09983940679258946,0.0,0.0,0.0,0.08322504495584535,0.08334539607134435,0.0,0.0,0.0,0.06670716646742536,0.06599629752861168,0.06600069056673803,0.06683207983467,0.0,0.0,0.0,0.05021312033422133,0.049501366229099925,0.04948277797937254,0.04948209603440042,0.04948295371483245,0.04950593535104428,0.05033804310713873,0.0,0.0,0.0,0.02564393220926879,0.008322380584569461
AIM 3.0,SSP2 - Low Overshoot_a,World,Emissions|C3F8,kt C3F8/yr,0.7211779763531168,0.6804690668807504,0.6397601574083842,0.5989966783522748,0.558246841692101,0.5174970050319274,0.4767471683717538,0.4359973317115801,0.41594300968598413,0.39587504526445233,0.37582072323885635,0.3557664012132603,0.33569843679172856,0.3153985516392885,0.29508502409091264,0.27477149654253685,0.25447161139009683,0.23415808384172102,0.2183056197643451,0.2024531556869692,0.18661433400552913,0.17076186992815323,0.1549094058507773,0.13915243854495188,0.12338182884319068,0.10762486153736525,0.09185425183560401,0.0760972845297786,0.0730823150279713,0.07005370313022824,0.06703873362842094,0.06402376412661365,0.061008794624806365,0.058021109914870625,0.05504706760087068,0.05205938289093494,0.04908534057693499,0.046097655866999265,0.045156330547430464,0.04421500522786167,0.04327367990829289,0.042318712192788314,0.04137738687321952,0.04047698874145807,0.039576590609696614,0.03867619247793516,0.03777579434617371,0.03687539621441226,0.03482903682404531,0.03279631982961415,0.03074996043924721,0.028703601048880274,0.02667088405444911,0.02463816706001795,0.022605450065586792,0.02058637546709141,0.018553658472660255,0.016520941478229093,0.015743324909889653,0.014952065945614438,0.014174449377275002,0.013383190412999785,0.012605573844660347,0.012032593215357604,0.011473254981990642,0.010913916748623678,0.010340936119320935,0.009781597885953971,0.009631531530660396,0.00948146517536682,0.009331398820073245,0.009181332464779668,0.009031266109486093,0.008881199754192519,0.008731133398898942,0.008581067043605365,0.00844464308424757,0.008294576728953994
AIM 3.0,SSP2 - Low Overshoot_a,World,Emissions|C4F10,kt C4F10/yr,0.10158640147930745,0.09585207270465876,0.09011774393001008,0.08437572838756696,0.07863563453707244,0.07289554068657793,0.06715544683608343,0.06141535298558891,0.05859046582113397,0.05576365696473041,0.05293876980027546,0.05011388263582051,0.04728707377941696,0.04442759615988705,0.04156619684840853,0.03870479753693001,0.03584531991740011,0.0329839206059216,0.030750914561638153,0.02851790851735472,0.026286824165019897,0.02405381812073646,0.02182081207645302,0.01960125787580985,0.017379781983218066,0.015160227782574892,0.012938751889983108,0.010719197689339936,0.010294503768697389,0.009867888156106234,0.009443194235463685,0.009018500314821138,0.008593806394178593,0.008172955857433262,0.007754027012636544,0.007333176475891214,0.0069142476310944945,0.006493397094349165,0.006360800349895156,0.0062282036054411485,0.006095606860987142,0.0059610884245845245,0.005828491680130517,0.005701660011522336,0.005574828342914155,0.005447996674305973,0.005321165005697792,0.00519433333708961,0.004906079544798289,0.004619747444455576,0.0043314936521642545,0.004043239859872934,0.0037569077595302207,0.0034705756591875084,0.003184243558844796,0.0028998331504506924,0.00261350105010798,0.002327168949765267,0.002217632508694565,0.002106174375675254,0.001996637934604552,0.0018851798015852414,0.0017756433605145392,0.0016949322986729693,0.001616142928780008,0.0015373535588870469,0.0014566424970454772,0.0013778531271525158,0.001356714515717819,0.001335575904283122,0.0013144372928484253,0.0012932986814137282,0.0012721600699790315,0.0012510214585443344,0.0012298828471096375,0.0012087442356749406,0.0011895273161888526,0.0011683887047541557
AIM 3.0,SSP2 - Low Overshoot_a,World,Emissions|C5F12,kt C5F12/yr,0.06138279350541075,0.057917869913860026,0.05445294632230931,0.05098337806106482,0.047514970967243775,0.044046563873422734,0.04057815677960169,0.037109749685780645,0.03540283357332101,0.03369475629343793,0.03198784018097829,0.030280924068518653,0.02857284678863558,0.026845029662553983,0.025116051369048948,0.023387073075543913,0.021659255949462324,0.01993027765595729,0.018581001109917766,0.017231724563878243,0.015883609185262163,0.01453433263922264,0.013185056093183116,0.011843907719107687,0.010501598177608817,0.009160449803533388,0.007818140262034515,0.006476991887959087,0.00622037388737842,0.005962594719374312,0.005705976718793645,0.005449358718212978,0.0051927407176323125,0.0049384450518985285,0.004685310553588189,0.004431014887854405,0.004177880389544065,0.0039235847238102825,0.0038434641715927886,0.0037633436193752956,0.003683223067157803,0.0036019413475168677,0.0035218207952993743,0.003445183745352207,0.00336854669540504,0.0032919096454578725,0.0032152725955107053,0.0031386355455635374,0.002964460432047248,0.0027914464859544004,0.0026172713724381107,0.002443096258921821,0.0022700823128289733,0.002097068366736126,0.0019240544206432784,0.0017522016419738726,0.0015791876958810252,0.0014061737497881774,0.0013399872066519874,0.0012726394960923555,0.0012064529529561654,0.0011391052423965335,0.0010729186992603436,0.0010241496674757824,0.0009765418031146634,0.0009289339387535441,0.0008801649069689832,0.000832557042607864,0.0008197842009500028,0.0008070113592921416,0.0007942385176342803,0.000781465675976419,0.0007686928343185579,0.0007559199926606966,0.0007431471510028353,0.000730374309344974,0.0007187626351105548,0.0007059897934526935
AIM 3.0,SSP2 - Low Overshoot_a,World,Emissions|C7F16,kt C7F16/yr,0.1864530221896798,0.17592815946501406,0.16540329674034834,0.15486432562060934,0.14432888159963864,0.13379343757866796,0.12325799355769727,0.11272254953672657,0.10753771434729675,0.10234935205909859,0.09716451686966876,0.09197968168023891,0.08679131939204078,0.08154299642478119,0.07629114635875327,0.07103929629272536,0.06579097332546578,0.06053912325943788,0.05644063449065048,0.05234214572186308,0.04824718405184402,0.04414869528305663,0.04005020651426923,0.03597640743686007,0.0318990812606826,0.02782528218327345,0.023747956007095967,0.019674156929686815,0.01889466810188818,0.018111652175321225,0.017332163347522588,0.016552674519723955,0.01577318569192532,0.015000751061663323,0.014231843530169649,0.013459408899907651,0.012690501368413976,0.01191806673815198,0.011674696923137926,0.011431327108123873,0.011187957293109821,0.010941060379327447,0.010697690564313394,0.0104649020456043,0.010232113526895206,0.00999932500818611,0.009766536489477015,0.009533747970767921,0.009004683155519978,0.008479145439040355,0.007950080623792414,0.0074210158085444705,0.006895478092064847,0.006369940375585225,0.005844402659105603,0.005322392041394299,0.004796854324914677,0.004271316608435054,0.004070271978640835,0.003865700250078298,0.00366465562028408,0.0034600838917215426,0.0032590392619273245,0.0031109011136579005,0.0029662900641567965,0.002821679014655692,0.0026735408663862686,0.002528929816885164,0.0024901317304336485,0.002451333643982133,0.002412535557530617,0.002373737471079101,0.0023349393846275857,0.0022961412981760696,0.002257343211724554,0.0022185451252730378,0.0021832741375898417,0.002144476051138326
AIM 3.0,SSP2 - Low Overshoot_a,World,Emissions|C8F18,kt C8F18/yr,0.13663756786871273,0.12892467789802928,0.12121178792734585,0.11348855896206363,0.10576791474543111,0.0980472705287986,0.09032662631216608,0.08260598209553355,0.07880640158048507,0.0750042363167869,0.07120465580173843,0.06740507528668994,0.06360291002299179,0.05975680403224883,0.05590811329285618,0.05205942255346354,0.04821331656272059,0.04436462582332795,0.04136114789238487,0.038357669961441784,0.0353567767791484,0.032353298848205314,0.029349820917262223,0.026364436226866992,0.02337646678782207,0.020391082097426835,0.017403112658381906,0.014417727967986677,0.013846498516404558,0.013272684316172748,0.01270145486459063,0.01213022541300851,0.011558995961426394,0.010992936007143659,0.010429460801510622,0.009863400847227886,0.009299925641594849,0.008733865687312116,0.008555518030483308,0.008377170373654503,0.008198822716825697,0.008017890311347198,0.007839542654518392,0.007668949243638664,0.007498355832758937,0.00732776242187921,0.007157169010999482,0.006986575600119754,0.006598863302665828,0.0062137357538615936,0.005826023456407667,0.005438311158953741,0.005053183610149507,0.004668056061345274,0.00428292851254104,0.0039003857123864998,0.0035152581635822665,0.0031301306147780324,0.00298279994174554,0.0028328845200633556,0.0026855538470308632,0.002535638425348679,0.0023883077523161864,0.0022797483090290873,0.0021737736143916807,0.002067798919754274,0.001959239476467175,0.0018532647818297681,0.0018248325466831469,0.0017964003115365256,0.0017679680763899046,0.001739535841243283,0.001711103606096662,0.0016826713709500406,0.0016542391358034193,0.0016258069006567979,0.0015999594141598696,0.001571527179013248
AIM 3.0,SSP2 - Low Overshoot_a,World,Emissions|cC4F8,kt cC4F8/yr,2.2485990409858565,2.16407414829876,2.079385419996021,1.9943912281225022,1.9092329333647997,1.823910535722913,1.7384382380826369,1.6527876480358088,1.5900818460464847,1.5272411026079615,1.4642796339694613,1.4012117098339136,1.3380088041588862,1.2731983445863375,1.2082500704277739,1.1431925879061904,1.0779972640717383,1.0126784087176282,0.9670142128517788,0.9212632883443695,0.8754256351954006,0.8295012534048717,0.7834757262721553,0.7378252058207718,0.6920887852603055,0.6462664645907564,0.6003582438121248,0.5543641229244103,0.538756546188655,0.5231192491911388,0.5074667555399055,0.4917700313822943,0.476043586962922,0.46047675036001484,0.44488054094445006,0.4292549587162275,0.4136000036753472,0.39791567582180926,0.4005486415428893,0.4031857499263551,0.40582700097220664,0.40847239468044394,0.411121931051067,0.4141577407315614,0.41718367727662564,0.4202291487148778,0.42327945771372244,0.42631985348685564,0.4030848735728038,0.3797923531790316,0.3564570430918425,0.3330937475512487,0.30967287144065325,0.2863278533715699,0.2629402594239026,0.2394952319039311,0.21602247283566892,0.19250713788882273,0.18874137948352146,0.18497562107822024,0.181209862672919,0.17744410426761778,0.17369323028289083,0.17029958239194742,0.16690593450100402,0.1635271710306349,0.1601335231396915,0.15675475966932242,0.1542988302745607,0.15184290087979904,0.14938697148503738,0.1469310420902757,0.14447511269551402,0.14210848982419821,0.1397418669528824,0.13737524408156662,0.13502350563082513,0.13265688275950932
AIM 3.0,SSP2 - Low Overshoot_a,World,Emissions|SO2F2,kt SO2F2/yr,4.594032521920711,4.421342727591647,4.24831820655818,4.0746696037952255,3.900685728281042,3.726366580015629,3.551741176408519,3.376751509942989,3.2486395218111364,3.1202518396160577,2.9916175080696266,2.862765681093082,2.733638078146288,2.601226139152319,2.4685326360917434,2.3356160133187456,2.202417771874459,2.0689671475871454,1.97567225727042,1.8822001747586232,1.788550900051755,1.694724433149815,1.6006913198058106,1.5074243692407536,1.4139819192257859,1.3203639697609073,1.2265705208461184,1.132601572481419,1.1007142889748867,1.0687662850612913,1.0367872334063568,1.0047178159809769,0.9725876781485338,0.9407836293547449,0.9089195700147671,0.8769955001286,0.8450114196962438,0.8129673287176986,0.818346647098285,0.8237344292046759,0.8291306750368717,0.8345353845948719,0.8399485578786768,0.8461509123884603,0.8523330954472944,0.8585551895498414,0.8647871670999412,0.8709988912920675,0.8235283323237024,0.7759402144529521,0.7282646744853419,0.6805319584357631,0.6326816015767752,0.5849862275775162,0.5372038683188584,0.4893041685765456,0.441347811496749,0.39330446915755357,0.3856107824360359,0.3779170957145183,0.37022340899300066,0.36252972227148306,0.3548664453789042,0.3479330043808567,0.34099956338280923,0.33409653221370045,0.32716309121565296,0.3202600600465443,0.31524243827164145,0.3102248164967386,0.30520719472183583,0.300189572946933,0.2951719511720302,0.2903367883707602,0.28550162556949027,0.2806664627682203,0.27586170979588914,0.27102654699461914
AIM 3.0,SSP2 - Low Overshoot_a,World,Emissions|HFC|HFC236fa,kt HFC236fa/yr,0.3543,0.3238441701095734,0.2931719290470067,0.2622774830575657,0.23116852437983623,0.19984118395711697,0.16829739304098584,0.13653715163144292,0.12413976817420928,0.1116565988092985,0.09908962066310556,0.08643488603638577,0.07369436550198884,0.060858075124760776,0.04793793664497887,0.034931959829157616,0.021840144677297,0.008660468188185121,0.008083716597874711,0.007503059094579151,0.006918495678298448,0.006330026349032596,0.005737651106781598,0.005147556918996169,0.0045515272634684065,0.003951617909136604,0.0033478288560007644,0.0027422486407255656,0.0027508534456743877,0.00275945825062321,0.0027680630555720325,0.002776667860520855,0.0027852726654696773,0.0027938774704185,0.0028024822753673216,0.0028110870803161442,0.0028196918852649664,0.002828296690213789,0.002836901495162611,0.0028455063001114334,0.002854111105060256,0.002862715910009078,0.0028713207149579003,0.0028799255199067225,0.002888530324855545,0.0028971351298043672,0.002905739934753189,0.002914344739702012,0.0029229495446508338,0.002931554349599657,0.0029401591545484785,0.0029487639594973007,0.0029573687644461233,0.0029659735693949455,0.002974578374343768,0.0029831831792925903,0.0029917879842414124,0.003000392789190235,0.003000392789190235,0.003000392789190235,0.003000392789190235,0.003000392789190235,0.003000392789190235,0.003000392789190235,0.003000392789190235,0.003000392789190235,0.003000392789190235,0.003000392789190235,0.003000392789190235,0.003000392789190235,0.003000392789190235,0.003000392789190235,0.003000392789190235,0.003000392789190235,0.003000392789190235,0.003000392789190235,0.003000392789190235,0.003000392789190235
AIM 3.0,SSP2 - Low Overshoot_a,World,Emissions|HFC|HFC152a,kt HFC152a/yr,54.8699,52.71666778942316,50.569652426795564,48.416420216218725,46.263188005641894,44.11617264301429,41.96294043243745,39.80970822186061,39.39719343707122,38.97846180433259,38.559730171593955,38.14721538680456,37.72848375406593,37.30975212132729,36.89102048858866,36.472288855850024,36.05977407106063,35.641042438321996,35.34664776456818,35.05846993876361,34.770292112959034,34.47589743920522,34.18771961340064,33.893324939646824,33.60514711384225,33.316969288037676,33.022574614283855,32.73439678847928,32.4151347229285,32.10208950532696,31.789044287725424,31.469782222174643,31.15673700457311,30.84369178697157,30.530646569370028,30.21760135176849,29.904556134166953,29.597727764514655,29.27846569896387,28.965420481362333,28.652375263760796,28.339330046159258,28.026284828557717,27.713239610956176,27.40019439335464,27.080932327803858,26.76788711020232,26.454841892600783,26.141796674999245,25.828751457397704,25.515706239796167,25.20266102219463,24.88961580459309,24.576570586991554,24.26352536939001,23.950480151788472,23.637434934186935,23.324389716585397,23.011344498983853,22.698299281382315,22.379037215831538,22.06599199823,21.75294678062846,21.433684715077682,21.114422649526897,20.79516058397612,20.475898518425343,20.156636452874565,19.84359123527302,19.524329169722243,19.211283952120706,18.892021886569925,18.572759821019144,18.259714603417606,17.94045253786683,17.621190472316048,17.308145254714507,16.98888318916373
AIM 3.0,SSP2 - Low Overshoot_a,World,Emissions|HFC|HFC365mfc,kt HFC365mfc/yr,5.241899999999999,5.196697029134551,5.151342065750962,5.105608536514907,5.059719035333656,5.013675225825369,4.967478781270295,4.921126357523462,4.725865128335875,4.53002134789393,4.333593333255294,4.13658444788911,3.9389930112685665,3.7372138504800603,3.5348418338236396,3.3318769612993053,3.128319232907056,2.9241686486468934,2.9767942853988894,3.029557481253731,3.0824599433089617,3.1354982597850154,3.188674135363914,3.241742418838281,3.2949458538167935,3.3482861522280376,3.401765035662685,3.455379063354914,3.2840926105241217,3.112315028410413,2.9400428617548386,2.7672778369791136,2.594019954083237,2.421658274023738,2.248807595847008,2.0754696628834104,1.901640990887741,1.7273233207748415,1.6290238665162675,1.5304465500198887,1.4315913712857051,1.3324565724902264,1.2330456668649115,1.1358193273831105,1.038321874629813,0.9405533086050195,0.8425136293087298,0.7442028367409438,0.738547680390898,0.7328743689833086,0.7271829025181761,0.7214732809954999,0.7157472888095032,0.7106803472901158,0.7055970865093175,0.7004975064671085,0.6953816071634886,0.6902493885984579,0.6987125673861144,0.7071775426456003,0.7156407214332567,0.7241039002209133,0.7325670790085699,0.7408811506343976,0.7491934257883961,0.7575074974142239,0.7658197725682223,0.7741338441940501,0.781779628299392,0.7894272088765633,0.7970747894537344,0.8047205735590766,0.8123681541362479,0.8206768363465877,0.828987315028757,0.837295997239097,0.845604679449437,0.8539151581316061
AIM 3.0,SSP2 - Low Overshoot_a,World,Emissions|CH2Cl2,kt CH2Cl2/yr,1612.1255576209262,1600.085985237306,1588.0059304497886,1575.8250466482605,1563.6026205434707,1551.3390952313243,1539.0349163811716,1526.689193297674,1474.682396896698,1422.520441048019,1370.2028775088415,1317.730602121395,1265.1031672862453,1211.360354251886,1157.459637190465,1103.4010161019826,1049.1844909864383,994.8100618438323,1008.8266220561181,1022.8798204084208,1036.9701115771481,1051.0965868528453,1065.2597002685588,1079.394157095875,1093.564610812019,1107.7715173801214,1122.0153353367589,1136.2951482521398,1090.6739068224933,1044.921855704055,999.0380746068652,953.023023354223,906.8767019461285,860.9690794268986,814.9312148435937,768.7635725230416,722.4652244549472,676.0366343227779,649.8550942125217,623.5995469637818,597.2699925765577,570.8659628638536,544.3883935563002,518.4926718952196,492.5247406471618,466.48459981212676,440.37224939011446,414.18768938112487,412.6814683758788,411.1704118670089,409.6545198545154,408.13379233839805,406.60870458262747,405.25915148869876,403.9052518457437,402.5470056537623,401.1844129127545,399.8174736227204,402.0715965632857,404.32619798462804,406.5803209251933,408.83444386575854,411.0885668063238,413.302975842396,415.5169063976912,417.73131543376337,419.94524598905855,422.15965502513075,424.19606921214955,426.23296187994544,428.26985454774126,430.3062687347601,432.343161402556,434.55613499629715,436.7695870708153,438.9825606645564,441.1955342582975,443.40898633281563
AIM 3.0,SSP2 - Low Overshoot_a,World,Emissions|CHCl3,kt CHCl3/yr,400.4993804646773,392.6267841572626,384.7541878498479,376.8710384642731,368.99052734823834,361.11001623220363,353.22950511616887,345.3489940001341,341.47073777630715,337.5898432829402,333.71158705911324,329.8333308352863,325.95243634191934,322.02669126637204,318.09830792128474,314.16992457619745,310.24417950065015,306.3157961555629,303.2501269500616,300.1844577445603,297.121426808599,294.0557576030977,290.99008839759637,287.94288707887523,284.89304749061404,281.84584617189284,278.79600658363165,275.7488052649105,275.1657476965664,274.5800518586824,273.9969942903383,273.4139367219943,272.83087915365024,272.2530981243862,271.6779553646622,271.1001743353982,270.5250315756742,269.9472505464102,269.76520994814894,269.58316934988767,269.4011287516264,269.2164498838251,269.0344092855638,268.8602834959226,268.6861577062814,268.5120319166402,268.337906126999,268.16378033735776,267.76803990635506,267.3749377448923,266.97919731388953,266.5834568828868,266.19035472142406,265.79725255996135,265.4041503984986,265.0136865065759,264.6205843451132,264.2274821836504,264.0771008198694,263.92408118654834,263.7736998227673,263.6206801894462,263.47029882566517,263.3594915049844,263.25132245384367,263.1431534027029,263.0323460820221,262.92417703088137,262.8951560659412,262.86613510100096,262.8371141360608,262.80809317112056,262.7790722061804,262.75005124124016,262.7210302763,262.69200931135975,262.6656266159596,262.6366056510194
AIM 3.0,SSP2 - Low Overshoot_a,World,Emissions|NF3,kt NF3/yr,4.010291370035125,3.8336964545851813,3.6593893738658148,3.4872157188344426,3.317413967716206,3.149907242878445,2.9848499533637414,2.822164567762172,2.704628293868285,2.588717310252252,2.474358008167734,2.3616982588846716,2.250663799879463,2.138675324228415,2.028359210818216,1.919715459648865,1.8127440707203626,1.7074450440327082,1.634383581703784,1.5623422799908897,1.4914572421732177,1.4216600897225402,1.3528850592196846,1.2857200987736217,1.2195694149482148,1.1544987711626364,1.090508167416887,1.027597603710966,1.008870086690918,0.9903112442049352,0.9719210762530177,0.9536995828351655,0.9357059895979132,0.9177040477323865,0.8998733955099801,0.8822140329306943,0.8647259599945293,0.8474091767014846,0.8332500441309437,0.8191915932590313,0.8052338240857468,0.7913233949599303,0.7775676429611658,0.7646930841105161,0.75189959364058,0.7391871715513575,0.7265558178428485,0.7140055325150528,0.6978789247944691,0.6819314520441715,0.6661631142641604,0.6505739114544355,0.6352099937162552,0.620296881337799,0.6055985935946664,0.5910247916161322,0.5766645067183938,0.5624728963547206,0.5556976643943603,0.5489224324340001,0.5421900816885787,0.5354148497282184,0.5286396177678582,0.5219501482373758,0.5152606787068935,0.5085712091764112,0.5018817396459289,0.49519227011544664,0.4866589083425878,0.47812554656972894,0.4695921847968701,0.46105882302401124,0.4525254612511524,0.44412074312311056,0.4357160249950687,0.42731130686702684,0.41890658873898495,0.41050187061094306
